id,is_ai_generated,source_domain,predicted_prob_ai,pred,B_confidence,y_correct,truncated
H00608,0,recipes,0.33653509616851807,0,0.6634649038314819,1,0
A01772,1,reviews,0.999128520488739,1,0.999128520488739,1,0
A01371,1,books,0.9992352724075317,1,0.9992352724075317,1,0
A01588,1,reddit,0.02481730282306671,0,0.9751826971769333,0,0
A01842,1,recipes,0.015173300169408321,0,0.9848266998305917,0,0
A01766,1,reddit,0.9937813878059387,1,0.9937813878059387,1,0
A01150,1,reddit,0.02652883529663086,0,0.9734711647033691,0,0
H00066,0,abstracts,0.00033992083626799285,0,0.999660079163732,1,0
H00737,0,reddit,0.036065176129341125,0,0.9639348238706589,1,0
A01777,1,reviews,0.9991440773010254,1,0.9991440773010254,1,0
A01410,1,reddit,0.0865435004234314,0,0.9134564995765686,0,0
H00501,0,recipes,0.08439077436923981,0,0.9156092256307602,1,0
H00850,0,reviews,0.0020686709322035313,0,0.9979313290677965,1,1
A01081,1,wiki,0.9982193112373352,1,0.9982193112373352,1,0
H00688,0,reddit,0.0025146931875497103,0,0.9974853068124503,1,0
A01040,1,poetry,0.3224571645259857,0,0.6775428354740143,0,0
H00059,0,abstracts,0.00046990098780952394,0,0.9995300990121905,1,0
H00440,0,poetry,0.1132330596446991,0,0.8867669403553009,1,1
H00713,0,reddit,0.0677538514137268,0,0.9322461485862732,1,0
H00887,0,wiki,0.00033571093808859587,0,0.9996642890619114,1,0
A01463,1,news,0.0017073218477889895,0,0.998292678152211,0,0
A01003,1,abstracts,0.9121795892715454,1,0.9121795892715454,1,0
A01644,1,news,0.1319149136543274,0,0.8680850863456726,0,0
H00345,0,news,0.9882721304893494,1,0.9882721304893494,0,0
A01686,1,reviews,0.2930775582790375,0,0.7069224417209625,0,0
H00978,0,wiki,0.949394941329956,1,0.949394941329956,0,0
A01697,1,wiki,0.00024484950699843466,0,0.9997551504930016,0,0
A01058,1,reddit,0.0008400568040087819,0,0.9991599431959912,0,0
A01160,1,reviews,0.04382168501615524,0,0.9561783149838448,0,0
H00280,0,news,0.021110543981194496,0,0.9788894560188055,1,0
A01939,1,reddit,0.9973523616790771,1,0.9973523616790771,1,0
H00829,0,reviews,0.0065820286981761456,0,0.9934179713018239,1,1
A01401,1,recipes,0.9736574292182922,1,0.9736574292182922,1,0
A01960,1,wiki,0.0002583386958576739,0,0.9997416613041423,0,0
A01873,1,wiki,0.0002490512852091342,0,0.9997509487147909,0,0
A01741,1,poetry,0.9877402186393738,1,0.9877402186393738,1,0
A01075,1,reviews,0.9990455508232117,1,0.9990455508232117,1,0
H00422,0,poetry,0.022863641381263733,0,0.9771363586187363,1,0
A01247,1,reviews,0.9991649389266968,1,0.9991649389266968,1,0
H00560,0,recipes,0.28264304995536804,0,0.717356950044632,1,0
H00738,0,reddit,0.02678261511027813,0,0.9732173848897219,1,0
A01851,1,reddit,0.0002636271237861365,0,0.9997363728762139,0,0
H00888,0,wiki,0.9503659009933472,1,0.9503659009933472,0,0
A01138,1,recipes,0.9756843447685242,1,0.9756843447685242,1,0
H00401,0,poetry,0.021032260730862617,0,0.9789677392691374,1,0
A01130,1,poetry,0.039082176983356476,0,0.9609178230166435,0,0
A01925,1,recipes,0.9259621500968933,1,0.9259621500968933,1,0
H00722,0,reddit,0.023721829056739807,0,0.9762781709432602,1,0
H00265,0,news,0.995599627494812,1,0.995599627494812,0,0
H00558,0,recipes,0.9771037697792053,1,0.9771037697792053,0,0
H00693,0,reddit,0.00028127251425758004,0,0.9997187274857424,1,0
H00025,0,abstracts,0.0004548326542135328,0,0.9995451673457865,1,0
H00418,0,poetry,0.0005096097593195736,0,0.9994903902406804,1,0
A01735,1,news,0.9992237091064453,1,0.9992237091064453,1,0
H00433,0,poetry,0.0002753767475951463,0,0.9997246232524049,1,0
H00852,0,reviews,0.0005610191728919744,0,0.999438980827108,1,0
A01163,1,reviews,0.3455502390861511,0,0.6544497609138489,0,0
H00767,0,reviews,0.00036946331965737045,0,0.9996305366803426,1,0
A01221,1,recipes,0.901421308517456,1,0.901421308517456,1,1
A01095,1,abstracts,0.10336819291114807,0,0.8966318070888519,0,0
H00024,0,abstracts,0.025455692782998085,0,0.9745443072170019,1,0
H00845,0,reviews,0.00035147916059941053,0,0.9996485208394006,1,1
A01402,1,recipes,0.9111664891242981,1,0.9111664891242981,1,0
H00089,0,abstracts,0.0027093312237411737,0,0.9972906687762588,1,1
A01510,1,reviews,0.05201209336519241,0,0.9479879066348076,0,0
A01594,1,reviews,0.9991920590400696,1,0.9991920590400696,1,0
A01608,1,wiki,0.9984984397888184,1,0.9984984397888184,1,0
A01792,1,abstracts,0.00033674982842057943,0,0.9996632501715794,0,0
A01172,1,wiki,0.999113142490387,1,0.999113142490387,1,0
A01948,1,reviews,0.0002749522973317653,0,0.9997250477026682,0,0
H00163,0,books,0.000607095833402127,0,0.9993929041665979,1,1
H00111,0,abstracts,0.000440224219346419,0,0.9995597757806536,1,0
A01665,1,recipes,0.9650810360908508,1,0.9650810360908508,1,0
H00380,0,poetry,0.0002771993458736688,0,0.9997228006541263,1,0
H00375,0,poetry,0.007984945550560951,0,0.992015054449439,1,0
H00540,0,recipes,0.9991863369941711,1,0.9991863369941711,0,0
A01436,1,wiki,0.939624547958374,1,0.939624547958374,1,0
A01526,1,wiki,0.016547255218029022,0,0.983452744781971,0,1
A01883,1,abstracts,0.005420168861746788,0,0.9945798311382532,0,0
A01629,1,books,0.992919385433197,1,0.992919385433197,1,0
H00776,0,reviews,0.0005964248557575047,0,0.9994035751442425,1,0
H00050,0,abstracts,0.0004583622794598341,0,0.9995416377205402,1,0
H00518,0,recipes,0.10419004410505295,0,0.895809955894947,1,1
A01377,1,news,0.9991193413734436,1,0.9991193413734436,1,0
A01089,1,abstracts,0.03707300126552582,0,0.9629269987344742,0,0
A01239,1,reddit,0.9982728958129883,1,0.9982728958129883,1,0
A01476,1,poetry,0.8421246409416199,1,0.8421246409416199,1,0
H00497,0,poetry,0.00569758377969265,0,0.9943024162203074,1,0
A01176,1,abstracts,0.0005171432858332992,0,0.9994828567141667,0,0
H00239,0,books,0.9825118780136108,1,0.9825118780136108,0,0
H00948,0,wiki,0.0007322775782085955,0,0.9992677224217914,1,0
A01947,1,reviews,0.9992160797119141,1,0.9992160797119141,1,0
H00660,0,reddit,0.03416404873132706,0,0.9658359512686729,1,0
H00006,0,abstracts,0.012220819480717182,0,0.9877791805192828,1,0
A01432,1,wiki,0.9810177087783813,1,0.9810177087783813,1,0
A01317,1,recipes,0.0005197200807742774,0,0.9994802799192257,0,0
H00101,0,abstracts,0.00028180371737107635,0,0.9997181962826289,1,0
A01860,1,reviews,0.00026890504523180425,0,0.9997310949547682,0,0
A01662,1,recipes,0.039662498980760574,0,0.9603375010192394,0,0
H00081,0,abstracts,0.0006434782990254462,0,0.9993565217009746,1,0
A01355,1,abstracts,0.9989160299301147,1,0.9989160299301147,1,0
A01951,1,reviews,0.9991957545280457,1,0.9991957545280457,1,0
A01600,1,reviews,0.9801310896873474,1,0.9801310896873474,1,0
H00123,0,abstracts,0.0003732121840585023,0,0.9996267878159415,1,0
H00404,0,poetry,0.00028749200282618403,0,0.9997125079971738,1,0
A01846,1,recipes,0.00028915671282447875,0,0.9997108432871755,0,0
H00122,0,abstracts,0.011383088305592537,0,0.9886169116944075,1,0
H00274,0,news,0.011211485601961613,0,0.9887885143980384,1,0
H00498,0,poetry,0.00043342195567674935,0,0.9995665780443233,1,0
H00286,0,news,0.07851039618253708,0,0.9214896038174629,1,1
A01035,1,poetry,0.9197839498519897,1,0.9197839498519897,1,0
A01143,1,reddit,0.9964243769645691,1,0.9964243769645691,1,0
H00112,0,abstracts,0.00043162264046259224,0,0.9995683773595374,1,0
H00663,0,reddit,0.0002801265218295157,0,0.9997198734781705,1,0
H00029,0,abstracts,0.001134693156927824,0,0.9988653068430722,1,0
H00106,0,abstracts,0.005754055920988321,0,0.9942459440790117,1,0
A01586,1,reddit,0.1916891485452652,0,0.8083108514547348,0,0
H00357,0,news,0.9100031852722168,1,0.9100031852722168,0,0
A01661,1,recipes,0.3225061297416687,0,0.6774938702583313,0,0
A01200,1,news,0.0018516101408749819,0,0.998148389859125,0,0
H00356,0,news,0.014858685433864594,0,0.9851413145661354,1,1
H00162,0,books,0.000390886067179963,0,0.99960911393282,1,1
A01734,1,news,0.9992374181747437,1,0.9992374181747437,1,0
A01976,1,poetry,0.005352498032152653,0,0.9946475019678473,0,0
H00102,0,abstracts,0.00042872654739767313,0,0.9995712734526023,1,0
H00623,0,recipes,0.997377872467041,1,0.997377872467041,0,0
H00999,0,wiki,0.002357518533244729,0,0.9976424814667553,1,0
H00995,0,wiki,0.07599714398384094,0,0.9240028560161591,1,0
A01807,1,books,0.324357271194458,0,0.675642728805542,0,0
A01271,1,abstracts,0.0012983746128156781,0,0.9987016253871843,0,0
A01719,1,books,0.9958221912384033,1,0.9958221912384033,1,0
A01251,1,reviews,0.9936612844467163,1,0.9936612844467163,1,0
H00582,0,recipes,0.2908410131931305,0,0.7091589868068695,1,1
H00082,0,abstracts,0.00043210803414694965,0,0.999567891965853,1,0
A01205,1,news,0.008825975470244884,0,0.9911740245297551,0,1
H00207,0,books,0.013403029181063175,0,0.9865969708189368,1,1
H00731,0,reddit,0.008594919927418232,0,0.9914050800725818,1,1
H00555,0,recipes,0.026629211381077766,0,0.9733707886189222,1,1
A01494,1,recipes,0.0116655882447958,0,0.9883344117552042,0,1
A01531,1,abstracts,0.336793452501297,0,0.663206547498703,0,0
A01773,1,reviews,0.995915949344635,1,0.995915949344635,1,0
H00156,0,books,0.02022516541182995,0,0.97977483458817,1,0
A01162,1,reviews,0.0052597071044147015,0,0.9947402928955853,0,0
H00514,0,recipes,0.3933745324611664,0,0.6066254675388336,1,1
H00378,0,poetry,0.0006538423476740718,0,0.9993461576523259,1,1
H00248,0,books,0.006332137621939182,0,0.9936678623780608,1,1
A01372,1,books,0.998665452003479,1,0.998665452003479,1,0
A01598,1,reviews,0.9912614822387695,1,0.9912614822387695,1,0
A01689,1,reviews,0.00027909805066883564,0,0.9997209019493312,0,0
A01755,1,recipes,0.9674144983291626,1,0.9674144983291626,1,0
H00442,0,poetry,0.0011474015191197395,0,0.9988525984808803,1,0
A01574,1,recipes,0.9939285516738892,1,0.9939285516738892,1,0
A01453,1,books,0.0004539678629953414,0,0.9995460321370047,0,0
A01225,1,recipes,0.8898613452911377,1,0.8898613452911377,1,0
A01915,1,poetry,0.9290496706962585,1,0.9290496706962585,1,0
A01361,1,abstracts,0.9992338418960571,1,0.9992338418960571,1,0
A01787,1,wiki,0.9992363452911377,1,0.9992363452911377,1,0
A01303,1,poetry,0.25489500164985657,0,0.7451049983501434,0,0
H00750,0,reviews,0.0009164944640360773,0,0.9990835055359639,1,0
A01611,1,wiki,0.9913056492805481,1,0.9913056492805481,1,0
H00212,0,books,0.011027461849153042,0,0.988972538150847,1,0
H00727,0,reddit,0.00029244317556731403,0,0.9997075568244327,1,0
H00884,0,wiki,0.008419440127909184,0,0.9915805598720908,1,0
A01853,1,reddit,0.0002644770429469645,0,0.999735522957053,0,0
H00387,0,poetry,0.00024851568741723895,0,0.9997514843125828,1,1
A01241,1,reddit,0.000383118080208078,0,0.9996168819197919,0,0
A01477,1,poetry,0.013325221836566925,0,0.9866747781634331,0,0
A01050,1,recipes,0.9878750443458557,1,0.9878750443458557,1,0
A01887,1,abstracts,0.7358963489532471,1,0.7358963489532471,1,0
H00914,0,wiki,0.323066383600235,0,0.676933616399765,1,0
H00457,0,poetry,0.002257449785247445,0,0.9977425502147526,1,0
H00584,0,recipes,0.40140455961227417,0,0.5985954403877258,1,0
H00742,0,reddit,0.0034568794071674347,0,0.9965431205928326,1,0
A01330,1,reviews,0.9989097118377686,1,0.9989097118377686,1,0
A01029,1,news,0.9985230565071106,1,0.9985230565071106,1,0
A01337,1,reviews,0.9992176294326782,1,0.9992176294326782,1,0
A01393,1,poetry,0.4794844388961792,0,0.5205155611038208,0,0
A01905,1,news,0.0003344551660120487,0,0.999665544833988,0,0
H00148,0,books,0.0028883570339530706,0,0.9971116429660469,1,0
H00900,0,wiki,0.003953442443162203,0,0.9960465575568378,1,0
A01385,1,poetry,0.13093094527721405,0,0.869069054722786,0,0
H00007,0,abstracts,0.0007544886902906001,0,0.9992455113097094,1,0
H00227,0,books,0.011353088542819023,0,0.988646911457181,1,1
H00311,0,news,0.013268985785543919,0,0.9867310142144561,1,1
A01871,1,wiki,0.00024938108981586993,0,0.9997506189101841,0,0
H00729,0,reddit,0.0011544229928404093,0,0.9988455770071596,1,0
H00869,0,reviews,0.041333504021167755,0,0.9586664959788322,1,0
A01125,1,poetry,0.0040708570741117,0,0.9959291429258883,0,0
A01902,1,news,0.9991211295127869,1,0.9991211295127869,1,0
A01517,1,wiki,0.00035572523484006524,0,0.9996442747651599,0,1
A01648,1,news,0.9869503378868103,1,0.9869503378868103,1,0
A01676,1,reddit,0.0009686111588962376,0,0.9990313888411038,0,0
A01919,1,poetry,0.0002467703598085791,0,0.9997532296401914,0,0
H00020,0,abstracts,0.000454224762506783,0,0.9995457752374932,1,0
A01383,1,news,0.9968847632408142,1,0.9968847632408142,1,0
H00456,0,poetry,0.0004562354297377169,0,0.9995437645702623,1,0
A01399,1,recipes,0.9889609217643738,1,0.9889609217643738,1,0
H00140,0,books,0.014385850168764591,0,0.9856141498312354,1,0
A01923,1,poetry,0.0002589727519080043,0,0.999741027248092,0,0
A01965,1,wiki,0.0003310004831291735,0,0.9996689995168708,0,0
H00701,0,reddit,0.008984026499092579,0,0.9910159735009074,1,0
H00967,0,wiki,0.9505964517593384,1,0.9505964517593384,0,0
A01943,1,reddit,0.9985546469688416,1,0.9985546469688416,1,0
A01596,1,reviews,0.9992294311523438,1,0.9992294311523438,1,0
A01870,1,wiki,0.02174951508641243,0,0.9782504849135876,0,0
A01127,1,poetry,0.25627401471138,0,0.74372598528862,0,0
A01857,1,reddit,0.00025749526685103774,0,0.999742504733149,0,0
H00904,0,wiki,0.002225476084277034,0,0.997774523915723,1,0
H00085,0,abstracts,0.021379420533776283,0,0.9786205794662237,1,0
H00983,0,wiki,0.0003133749414701015,0,0.9996866250585299,1,0
H00553,0,recipes,0.024785684421658516,0,0.9752143155783415,1,0
A01776,1,reviews,0.1367955356836319,0,0.8632044643163681,0,0
H00222,0,books,0.0005628104554489255,0,0.9994371895445511,1,0
H00726,0,reddit,0.00033731438452377915,0,0.9996626856154762,1,0
H00079,0,abstracts,0.0005786631372757256,0,0.9994213368627243,1,0
A01620,1,abstracts,0.1684652417898178,0,0.8315347582101822,0,0
A01863,1,reviews,0.9992185831069946,1,0.9992185831069946,1,0
H00569,0,recipes,0.9925553202629089,1,0.9925553202629089,0,0
H00867,0,reviews,0.0012936346465721726,0,0.9987063653534278,1,1
H00324,0,news,0.8174194693565369,1,0.8174194693565369,0,0
A01488,1,recipes,0.9971011281013489,1,0.9971011281013489,1,0
A01064,1,reddit,0.9992092847824097,1,0.9992092847824097,1,0
H00534,0,recipes,0.052189040929079056,0,0.9478109590709209,1,1
A01606,1,wiki,0.9983698725700378,1,0.9983698725700378,1,0
H00461,0,poetry,0.01415104977786541,0,0.9858489502221346,1,0
H00279,0,news,0.9681587815284729,1,0.9681587815284729,0,0
H00359,0,news,0.13679780066013336,0,0.8632021993398666,1,0
A01765,1,reddit,0.9761312007904053,1,0.9761312007904053,1,0
H00959,0,wiki,0.9608281254768372,1,0.9608281254768372,0,0
A01994,1,books,0.24279309809207916,0,0.7572069019079208,0,0
H00580,0,recipes,0.9810870289802551,1,0.9810870289802551,0,0
H00679,0,reddit,0.0018729263683781028,0,0.9981270736316219,1,0
A01928,1,recipes,0.0002666857617441565,0,0.9997333142382558,0,0
H00360,0,news,0.18058478832244873,0,0.8194152116775513,1,0
H00005,0,abstracts,0.004621713422238827,0,0.9953782865777612,1,0
A01565,1,poetry,0.8992578387260437,1,0.8992578387260437,1,0
A01811,1,books,0.00028030903195030987,0,0.9997196909680497,0,0
A01557,1,news,0.9984809756278992,1,0.9984809756278992,1,0
A01571,1,poetry,0.008853872306644917,0,0.9911461276933551,0,0
H00644,0,reddit,0.14862512052059174,0,0.8513748794794083,1,0
A01015,1,books,0.9992371797561646,1,0.9992371797561646,1,0
A01455,1,books,0.9984904527664185,1,0.9984904527664185,1,0
A01240,1,reddit,0.17102248966693878,0,0.8289775103330612,0,0
H00047,0,abstracts,0.0002912134223151952,0,0.9997087865776848,1,0
H00577,0,recipes,0.9989746809005737,1,0.9989746809005737,0,0
A01113,1,news,0.02043859474360943,0,0.9795614052563906,0,0
H00423,0,poetry,0.010638213716447353,0,0.9893617862835526,1,0
H00149,0,books,0.1540289968252182,0,0.8459710031747818,1,0
H00160,0,books,0.9790217876434326,1,0.9790217876434326,0,0
H00147,0,books,0.3094711899757385,0,0.6905288100242615,1,0
H00240,0,books,0.9423209428787231,1,0.9423209428787231,0,0
A01106,1,books,0.9988179802894592,1,0.9988179802894592,1,0
H00080,0,abstracts,0.0018307205755263567,0,0.9981692794244736,1,0
A01206,1,news,0.9700408577919006,1,0.9700408577919006,1,0
A01046,1,recipes,0.9977116584777832,1,0.9977116584777832,1,0
H00098,0,abstracts,0.00048078782856464386,0,0.9995192121714354,1,0
H00129,0,books,0.0007575322524644434,0,0.9992424677475356,1,0
A01008,1,abstracts,0.10590403527021408,0,0.8940959647297859,0,0
H00672,0,reddit,0.002934050280600786,0,0.9970659497193992,1,0
H00797,0,reviews,0.039488378912210464,0,0.9605116210877895,1,0
H00717,0,reddit,0.0002542189322412014,0,0.9997457810677588,1,0
A01680,1,reddit,0.0030117135029286146,0,0.9969882864970714,0,0
A01633,1,books,0.0002530559722799808,0,0.99974694402772,0,0
A01191,1,books,0.9991950392723083,1,0.9991950392723083,1,0
H00947,0,wiki,0.9682296514511108,1,0.9682296514511108,0,0
A01055,1,reddit,0.001831892877817154,0,0.9981681071221828,0,0
A01604,1,reviews,0.99458909034729,1,0.99458909034729,1,0
H00451,0,poetry,0.04625900834798813,0,0.9537409916520119,1,0
A01542,1,books,0.9972335696220398,1,0.9972335696220398,1,0
A01730,1,news,0.9991855025291443,1,0.9991855025291443,1,0
H00001,0,abstracts,0.011534682475030422,0,0.9884653175249696,1,0
H00342,0,news,0.0035202004946768284,0,0.9964797995053232,1,0
A01004,1,abstracts,0.9471675157546997,1,0.9471675157546997,1,0
A01564,1,poetry,0.0046275099739432335,0,0.9953724900260568,0,0
A01966,1,wiki,0.9992115497589111,1,0.9992115497589111,1,0
A01182,1,abstracts,0.00030329276341944933,0,0.9996967072365806,0,0
A01011,1,books,0.9991288781166077,1,0.9991288781166077,1,0
A01084,1,wiki,0.9981935620307922,1,0.9981935620307922,1,0
H00563,0,recipes,0.17630065977573395,0,0.823699340224266,1,0
H00216,0,books,0.002975442912429571,0,0.9970245570875704,1,1
H00620,0,recipes,0.14476391673088074,0,0.8552360832691193,1,1
A01370,1,books,0.999107301235199,1,0.999107301235199,1,0
H00002,0,abstracts,0.00031496334122493863,0,0.9996850366587751,1,0
A01124,1,poetry,0.0006990846013650298,0,0.999300915398635,0,0
H00886,0,wiki,0.01462148129940033,0,0.9853785187005997,1,0
A01950,1,reviews,0.9989293217658997,1,0.9989293217658997,1,0
A01333,1,reviews,0.9992111921310425,1,0.9992111921310425,1,0
H00643,0,reddit,0.95948725938797,1,0.95948725938797,0,0
A01874,1,wiki,0.00024960111477412283,0,0.9997503988852259,0,0
H00344,0,news,0.0385267548263073,0,0.9614732451736927,1,0
A01524,1,wiki,0.0019614570774137974,0,0.9980385429225862,0,0
A01492,1,recipes,0.31769031286239624,0,0.6823096871376038,0,1
A01888,1,abstracts,0.0035449955612421036,0,0.9964550044387579,0,0
H00491,0,poetry,0.040111199021339417,0,0.9598888009786606,1,0
H00142,0,books,0.0004330527735874057,0,0.9995669472264126,1,1
H00041,0,abstracts,0.0011715786531567574,0,0.9988284213468432,1,0
A01428,1,reviews,0.9992208480834961,1,0.9992208480834961,1,0
H00777,0,reviews,0.0031915607396513224,0,0.9968084392603487,1,0
H00189,0,books,0.26013198494911194,0,0.7398680150508881,1,0
H00839,0,reviews,0.023999083787202835,0,0.9760009162127972,1,0
A01723,1,books,0.9992361068725586,1,0.9992361068725586,1,0
H00955,0,wiki,0.004890243522822857,0,0.9951097564771771,1,0
H00176,0,books,0.972145676612854,1,0.972145676612854,0,0
A01865,1,reviews,0.0002605997724458575,0,0.9997394002275541,0,0
A01993,1,books,0.9992321729660034,1,0.9992321729660034,1,0
H00537,0,recipes,0.0016727884067222476,0,0.9983272115932778,1,0
A01514,1,reviews,0.2993190288543701,0,0.7006809711456299,0,0
A01154,1,reviews,0.9977442026138306,1,0.9977442026138306,1,0
H00800,0,reviews,0.3188687264919281,0,0.6811312735080719,1,0
A01941,1,reddit,0.9989180564880371,1,0.9989180564880371,1,0
A01817,1,news,0.06510841101408005,0,0.93489158898592,0,0
H00539,0,recipes,0.9981058835983276,1,0.9981058835983276,0,0
A01467,1,news,0.9952042102813721,1,0.9952042102813721,1,0
H00355,0,news,0.9678475856781006,1,0.9678475856781006,0,0
A01705,1,abstracts,0.010306437499821186,0,0.9896935625001788,0,0
H00943,0,wiki,0.011993827298283577,0,0.9880061727017164,1,0
H00341,0,news,0.4104706645011902,0,0.5895293354988098,1,0
H00021,0,abstracts,0.00042425893479958177,0,0.9995757410652004,1,0
H00925,0,wiki,0.01258610375225544,0,0.9874138962477446,1,0
H00417,0,poetry,0.0003691028687171638,0,0.9996308971312828,1,0
H00069,0,abstracts,0.000528489938005805,0,0.9994715100619942,1,0
A01519,1,wiki,0.00031897390726953745,0,0.9996810260927305,0,1
A01262,1,wiki,0.3280446231365204,0,0.6719553768634796,0,0
H00958,0,wiki,0.06442269682884216,0,0.9355773031711578,1,0
A01313,1,recipes,0.01340316142886877,0,0.9865968385711312,0,0
H00637,0,reddit,0.00029506764258258045,0,0.9997049323574174,1,0
H00574,0,recipes,0.14934992790222168,0,0.8506500720977783,1,1
H00399,0,poetry,0.010086067952215672,0,0.9899139320477843,1,0
H00718,0,reddit,0.0018828625325113535,0,0.9981171374674886,1,0
H00924,0,wiki,0.000344302476150915,0,0.9996556975238491,1,0
H00462,0,poetry,0.00030831515323370695,0,0.9996916848467663,1,0
A01916,1,poetry,0.00024685554672032595,0,0.9997531444532797,0,1
A01561,1,poetry,0.9698838591575623,1,0.9698838591575623,1,0
A01711,1,abstracts,0.02436789497733116,0,0.9756321050226688,0,0
A01975,1,abstracts,0.9875583648681641,1,0.9875583648681641,1,0
H00875,0,wiki,0.0010942192748188972,0,0.9989057807251811,1,0
A01324,1,reddit,0.9837207794189453,1,0.9837207794189453,1,0
A01957,1,wiki,0.9979625940322876,1,0.9979625940322876,1,0
A01549,1,books,0.016815247014164925,0,0.9831847529858351,0,0
A01223,1,recipes,0.9914012551307678,1,0.9914012551307678,1,0
A01840,1,recipes,0.1568010151386261,0,0.8431989848613739,0,0
A01496,1,reddit,0.0013796404236927629,0,0.9986203595763072,0,0
A01103,1,books,0.9969017505645752,1,0.9969017505645752,1,0
A01047,1,recipes,0.9969567060470581,1,0.9969567060470581,1,0
A01581,1,recipes,0.9932437539100647,1,0.9932437539100647,1,0
H00524,0,recipes,0.998359739780426,1,0.998359739780426,0,0
A01779,1,reviews,0.999218225479126,1,0.999218225479126,1,0
A01295,1,news,0.9940780401229858,1,0.9940780401229858,1,0
A01493,1,recipes,0.11637210845947266,0,0.8836278915405273,0,0
H00694,0,reddit,0.0003153674479108304,0,0.9996846325520892,1,0
A01847,1,reddit,0.0005797225167043507,0,0.9994202774832956,0,0
H00594,0,recipes,0.9988248944282532,1,0.9988248944282532,0,0
H00437,0,poetry,0.014341646805405617,0,0.9856583531945944,1,0
H00530,0,recipes,0.9990025162696838,1,0.9990025162696838,0,0
A01128,1,poetry,0.10728143900632858,0,0.8927185609936714,0,1
H00394,0,poetry,0.0005556975957006216,0,0.9994443024042994,1,0
A01507,1,reviews,0.3060840368270874,0,0.6939159631729126,0,0
A01132,1,recipes,0.997645914554596,1,0.997645914554596,1,0
H00819,0,reviews,0.0016960252542048693,0,0.9983039747457951,1,0
H00987,0,wiki,0.0008418714860454202,0,0.9991581285139546,1,0
H00897,0,wiki,0.9740705490112305,1,0.9740705490112305,0,0
H00859,0,reviews,0.0002685225335881114,0,0.9997314774664119,1,0
H00689,0,reddit,0.0019496954046189785,0,0.998050304595381,1,0
A01803,1,books,0.21257759630680084,0,0.7874224036931992,0,0
A01136,1,recipes,0.021410929039120674,0,0.9785890709608793,0,0
H00455,0,poetry,0.0004826451768167317,0,0.9995173548231833,1,0
H00233,0,books,0.0020680951420217752,0,0.9979319048579782,1,1
A01120,1,news,0.2552195191383362,0,0.7447804808616638,0,0
H00452,0,poetry,0.020210888236761093,0,0.9797891117632389,1,0
H00487,0,poetry,0.07375273108482361,0,0.9262472689151764,1,0
A01969,1,wiki,0.9990529417991638,1,0.9990529417991638,1,0
H00347,0,news,0.011261723935604095,0,0.9887382760643959,1,1
A01277,1,books,0.0007970746955834329,0,0.9992029253044166,0,0
H00545,0,recipes,0.006109792273491621,0,0.9938902077265084,1,1
A01567,1,poetry,0.9070103764533997,1,0.9070103764533997,1,0
A01227,1,recipes,0.9978896975517273,1,0.9978896975517273,1,0
H00095,0,abstracts,0.00028717805980704725,0,0.999712821940193,1,0
A01797,1,abstracts,0.01731109991669655,0,0.9826889000833035,0,0
H00313,0,news,0.01970328576862812,0,0.9802967142313719,1,1
A01898,1,books,0.9992386102676392,1,0.9992386102676392,1,0
A01110,1,news,0.9304108023643494,1,0.9304108023643494,1,0
A01367,1,books,0.9992148876190186,1,0.9992148876190186,1,0
H00647,0,reddit,0.020221054553985596,0,0.9797789454460144,1,0
H00411,0,poetry,0.003906897734850645,0,0.9960931022651494,1,0
H00197,0,books,0.02288239449262619,0,0.9771176055073738,1,0
A01052,1,recipes,0.3421832323074341,0,0.6578167676925659,0,1
A01781,1,wiki,0.9980307221412659,1,0.9980307221412659,1,0
H00466,0,poetry,0.0011551115894690156,0,0.998844888410531,1,0
H00063,0,abstracts,0.00030930203502066433,0,0.9996906979649793,1,0
A01043,1,poetry,0.023243028670549393,0,0.9767569713294506,0,0
A01636,1,books,0.0003062874893657863,0,0.9996937125106342,0,0
H00945,0,wiki,0.008837834931910038,0,0.99116216506809,1,0
A01826,1,poetry,0.003333838190883398,0,0.9966661618091166,0,0
A01345,1,wiki,0.9962342381477356,1,0.9962342381477356,1,0
A01056,1,reddit,0.022289400920271873,0,0.9777105990797281,0,0
A01740,1,poetry,0.30750712752342224,0,0.6924928724765778,0,0
A01761,1,reddit,0.020027456805109978,0,0.97997254319489,0,0
H00547,0,recipes,0.30847615003585815,0,0.6915238499641418,1,0
H00128,0,books,0.9204912781715393,1,0.9204912781715393,0,0
H00851,0,reviews,0.00033803272526711226,0,0.9996619672747329,1,1
A01319,1,reddit,0.9983118772506714,1,0.9983118772506714,1,0
A01839,1,recipes,0.33681797981262207,0,0.6631820201873779,0,0
H00806,0,reviews,0.007631014101207256,0,0.9923689858987927,1,0
A01893,1,books,0.0006964771309867501,0,0.9993035228690132,0,0
H00830,0,reviews,0.021644823253154755,0,0.9783551767468452,1,0
A01820,1,news,0.00025218407972715795,0,0.9997478159202728,0,0
A01198,1,news,0.00777916656807065,0,0.9922208334319293,0,1
H00372,0,news,0.9950462579727173,1,0.9950462579727173,0,0
H00941,0,wiki,0.0002665718784555793,0,0.9997334281215444,1,0
H00115,0,abstracts,0.0004420618643052876,0,0.9995579381356947,1,0
H00871,0,reviews,0.0024144011549651623,0,0.9975855988450348,1,1
H00917,0,wiki,0.010266776196658611,0,0.9897332238033414,1,0
A01429,1,wiki,0.9911016225814819,1,0.9911016225814819,1,0
H00276,0,news,0.9795716404914856,1,0.9795716404914856,0,0
H00488,0,poetry,0.02239915356040001,0,0.9776008464396,1,0
A01980,1,reddit,0.020189983770251274,0,0.9798100162297487,0,0
H00968,0,wiki,0.19549398124217987,0,0.8045060187578201,1,0
A01987,1,wiki,0.9992425441741943,1,0.9992425441741943,1,0
A01523,1,wiki,0.005666935350745916,0,0.9943330646492541,0,1
A01057,1,reddit,0.9774506092071533,1,0.9774506092071533,1,0
A01968,1,books,0.9991154074668884,1,0.9991154074668884,1,0
H00096,0,abstracts,0.00030349899316206574,0,0.9996965010068379,1,0
H00889,0,wiki,0.15700426697731018,0,0.8429957330226898,1,0
H00508,0,recipes,0.1000707820057869,0,0.8999292179942131,1,0
H00975,0,wiki,0.18325190246105194,0,0.8167480975389481,1,0
A01178,1,abstracts,0.02528359182178974,0,0.9747164081782103,0,0
A01437,1,wiki,0.9755710959434509,1,0.9755710959434509,1,0
H00316,0,news,0.006049250718206167,0,0.9939507492817938,1,1
H00458,0,poetry,0.02023950219154358,0,0.9797604978084564,1,0
H00136,0,books,0.16879762709140778,0,0.8312023729085922,1,1
A01961,1,wiki,0.9992377758026123,1,0.9992377758026123,1,0
H00502,0,recipes,0.9672543406486511,1,0.9672543406486511,0,0
A01613,1,wiki,0.8583305478096008,1,0.8583305478096008,1,0
A01810,1,books,0.0003612881700973958,0,0.9996387118299026,0,0
A01845,1,recipes,0.0023527671582996845,0,0.9976472328417003,0,0
A01207,1,news,0.002735606860369444,0,0.9972643931396306,0,0
H00619,0,recipes,0.9474871754646301,1,0.9474871754646301,0,0
H00052,0,abstracts,0.00034743634751066566,0,0.9996525636524893,1,0
A01279,1,books,0.00037612876622006297,0,0.9996238712337799,0,0
A01899,1,books,0.9992308616638184,1,0.9992308616638184,1,0
A01212,1,poetry,0.8715659379959106,1,0.8715659379959106,1,0
A01067,1,reviews,0.9989000558853149,1,0.9989000558853149,1,0
H00241,0,books,0.11987780779600143,0,0.8801221922039986,1,1
A01149,1,reddit,0.003508751280605793,0,0.9964912487193942,0,0
H00327,0,news,0.00473752012476325,0,0.9952624798752367,1,1
H00809,0,reviews,0.9803333878517151,1,0.9803333878517151,0,0
H00014,0,abstracts,0.00044218366383574903,0,0.9995578163361643,1,0
A01578,1,recipes,0.9989810585975647,1,0.9989810585975647,1,0
A01119,1,news,0.050765372812747955,0,0.949234627187252,0,0
H00505,0,recipes,0.00031843490432947874,0,0.9996815650956705,1,0
A01986,1,poetry,0.052786633372306824,0,0.9472133666276932,0,0
A01921,1,poetry,0.18407465517520905,0,0.815925344824791,0,0
H00114,0,abstracts,0.0004160181269980967,0,0.9995839818730019,1,0
A01995,1,abstracts,0.005435876082628965,0,0.994564123917371,0,0
H00535,0,recipes,0.9866565465927124,1,0.9866565465927124,0,0
A01512,1,reviews,0.013699416071176529,0,0.9863005839288235,0,0
H00893,0,wiki,0.02884555794298649,0,0.9711544420570135,1,0
A01030,1,news,0.9989169836044312,1,0.9989169836044312,1,0
A01760,1,reddit,0.329319030046463,0,0.670680969953537,0,0
H00989,0,wiki,0.3184545338153839,0,0.6815454661846161,1,0
H00186,0,books,0.9955794215202332,1,0.9955794215202332,0,0
H00157,0,books,0.0007144680712372065,0,0.9992855319287628,1,0
A01083,1,wiki,0.9900141954421997,1,0.9900141954421997,1,0
A01405,1,recipes,0.9650290608406067,1,0.9650290608406067,1,0
A01577,1,recipes,0.9990530610084534,1,0.9990530610084534,1,0
H00778,0,reviews,0.04156763106584549,0,0.9584323689341545,1,0
A01599,1,reviews,0.956658124923706,1,0.956658124923706,1,0
A01292,1,news,0.9711634516716003,1,0.9711634516716003,1,0
H00308,0,news,0.0006037864950485528,0,0.9993962135049514,1,0
A01243,1,reviews,0.9992365837097168,1,0.9992365837097168,1,0
A01623,1,abstracts,0.035284411162137985,0,0.964715588837862,0,0
A01487,1,recipes,0.8959539532661438,1,0.8959539532661438,1,0
H00389,0,poetry,0.0003701698442455381,0,0.9996298301557545,1,0
A01671,1,reddit,0.05681241676211357,0,0.9431875832378864,0,0
A01425,1,reviews,0.997505247592926,1,0.997505247592926,1,0
H00374,0,news,0.0208355151116848,0,0.9791644848883152,1,1
H00542,0,recipes,0.11096633225679398,0,0.889033667743206,1,0
A01298,1,poetry,0.000623987230937928,0,0.9993760127690621,0,0
A01061,1,reddit,0.9983188509941101,1,0.9983188509941101,1,0
H00626,0,reddit,0.11468784511089325,0,0.8853121548891068,1,0
H00801,0,reviews,0.0003238369827158749,0,0.9996761630172841,1,0
A01746,1,poetry,0.009351078420877457,0,0.9906489215791225,0,0
H00224,0,books,0.19294947385787964,0,0.8070505261421204,1,1
A01469,1,news,0.9969384670257568,1,0.9969384670257568,1,0
A01595,1,reviews,0.9991287589073181,1,0.9991287589073181,1,0
H00338,0,news,0.0061797043308615685,0,0.9938202956691384,1,1
H00468,0,poetry,0.002098560333251953,0,0.997901439666748,1,0
A01706,1,abstracts,0.9986435770988464,1,0.9986435770988464,1,0
H00478,0,poetry,0.01404024101793766,0,0.9859597589820623,1,0
A01789,1,wiki,0.9992291927337646,1,0.9992291927337646,1,0
H00235,0,books,0.5266080498695374,1,0.5266080498695374,0,0
H00295,0,news,0.9794130325317383,1,0.9794130325317383,0,0
A01678,1,reddit,0.04973714053630829,0,0.9502628594636917,0,0
H00110,0,abstracts,0.0004865094961132854,0,0.9995134905038867,1,0
H00748,0,reddit,0.026533307507634163,0,0.9734666924923658,1,0
A01012,1,books,0.9992244243621826,1,0.9992244243621826,1,0
A01342,1,wiki,0.017627982422709465,0,0.9823720175772905,0,0
H00016,0,abstracts,0.012304077856242657,0,0.9876959221437573,1,0
H00919,0,wiki,0.15690183639526367,0,0.8430981636047363,1,0
H00554,0,recipes,0.9990490078926086,1,0.9990490078926086,0,0
H00538,0,recipes,0.9911325573921204,1,0.9911325573921204,0,0
A01238,1,reddit,0.05593647435307503,0,0.944063525646925,0,0
H00208,0,books,0.02102501690387726,0,0.9789749830961227,1,0
H00268,0,news,0.2313317358493805,0,0.7686682641506195,1,0
A01190,1,books,0.9992213249206543,1,0.9992213249206543,1,0
H00352,0,news,0.038332000374794006,0,0.961667999625206,1,0
H00073,0,abstracts,0.0003213443560525775,0,0.9996786556439474,1,0
H00301,0,news,0.00040852403617464006,0,0.9995914759638254,1,1
A01174,1,wiki,0.9767604470252991,1,0.9767604470252991,1,1
H00141,0,books,0.037174586206674576,0,0.9628254137933254,1,1
A01189,1,books,0.9992409944534302,1,0.9992409944534302,1,0
H00277,0,news,0.008774573914706707,0,0.9912254260852933,1,0
A01796,1,abstracts,0.0002577556006144732,0,0.9997422443993855,0,0
H00320,0,news,0.0030477712862193584,0,0.9969522287137806,1,1
H00302,0,news,0.009270631708204746,0,0.9907293682917953,1,0
A01102,1,books,0.9992302656173706,1,0.9992302656173706,1,0
A01070,1,reviews,0.9968131184577942,1,0.9968131184577942,1,1
A01718,1,books,0.9992293119430542,1,0.9992293119430542,1,0
A01533,1,abstracts,0.9821397662162781,1,0.9821397662162781,1,0
H00439,0,poetry,0.014946313574910164,0,0.9850536864250898,1,0
A01156,1,reviews,0.9935719966888428,1,0.9935719966888428,1,0
H00108,0,abstracts,0.00033465964952483773,0,0.9996653403504752,1,0
A01570,1,poetry,0.02038288675248623,0,0.9796171132475138,0,0
A01548,1,books,0.998873770236969,1,0.998873770236969,1,0
A01655,1,poetry,0.0003547617234289646,0,0.999645238276571,0,0
H00292,0,news,0.9693975448608398,1,0.9693975448608398,0,0
H00639,0,reddit,0.0020476055797189474,0,0.997952394420281,1,0
H00617,0,recipes,0.8470271825790405,1,0.8470271825790405,0,0
A01288,1,news,0.00786355696618557,0,0.9921364430338144,0,0
H00469,0,poetry,0.9830870628356934,1,0.9830870628356934,0,0
A01520,1,wiki,0.0034063090570271015,0,0.9965936909429729,0,0
H00984,0,wiki,0.8264153003692627,1,0.8264153003692627,0,0
H00997,0,wiki,0.00044419802725315094,0,0.9995558019727468,1,0
H00048,0,abstracts,0.010074665769934654,0,0.9899253342300653,1,0
H00700,0,reddit,0.00047809965326450765,0,0.9995219003467355,1,0
H00549,0,recipes,0.9890639185905457,1,0.9890639185905457,0,0
H00271,0,news,0.010531689040362835,0,0.9894683109596372,1,0
H00402,0,poetry,0.007461356930434704,0,0.9925386430695653,1,0
A01515,1,reviews,0.021173303946852684,0,0.9788266960531473,0,0
H00716,0,reddit,0.0003491197421681136,0,0.9996508802578319,1,0
A01558,1,news,0.9959348440170288,1,0.9959348440170288,1,0
A01985,1,abstracts,0.00796870980411768,0,0.9920312901958823,0,0
H00892,0,wiki,0.0006624221568927169,0,0.9993375778431073,1,0
H00519,0,recipes,0.01772044599056244,0,0.9822795540094376,1,1
H00749,0,reddit,0.3122214674949646,0,0.6877785325050354,1,0
A01369,1,books,0.998016357421875,1,0.998016357421875,1,0
A01347,1,wiki,0.004461958073079586,0,0.9955380419269204,0,0
A01087,1,wiki,0.999240517616272,1,0.999240517616272,1,0
H00927,0,wiki,0.027642205357551575,0,0.9723577946424484,1,0
A01929,1,recipes,0.8935422897338867,1,0.8935422897338867,1,0
H00264,0,news,0.23566122353076935,0,0.7643387764692307,1,1
A01527,1,wiki,0.0005524470470845699,0,0.9994475529529154,0,0
A01538,1,abstracts,0.9968588352203369,1,0.9968588352203369,1,0
A01937,1,reddit,0.03276614844799042,0,0.9672338515520096,0,0
H00802,0,reviews,0.005650293547660112,0,0.9943497064523399,1,0
A01421,1,reviews,0.8333022594451904,1,0.8333022594451904,1,0
A01720,1,books,0.9992389678955078,1,0.9992389678955078,1,0
A01486,1,recipes,0.8468087911605835,1,0.8468087911605835,1,0
A01627,1,books,0.000920741178561002,0,0.999079258821439,0,0
A01090,1,abstracts,0.000766902812756598,0,0.9992330971872434,0,0
A01360,1,abstracts,0.9323226809501648,1,0.9323226809501648,1,0
H00635,0,reddit,0.000676963827572763,0,0.9993230361724272,1,0
H00922,0,wiki,0.2629265785217285,0,0.7370734214782715,1,0
A01856,1,reddit,0.33138787746429443,0,0.6686121225357056,0,0
H00032,0,abstracts,0.0014728863025084138,0,0.9985271136974916,1,0
A01311,1,recipes,0.013152249157428741,0,0.9868477508425713,0,0
H00309,0,news,0.0034915506839752197,0,0.9965084493160248,1,1
A01729,1,news,0.9991453886032104,1,0.9991453886032104,1,0
A01133,1,recipes,0.0010571031598374248,0,0.9989428968401626,0,0
H00638,0,reddit,0.006416409742087126,0,0.9935835902579129,1,0
A01829,1,poetry,0.0037430853117257357,0,0.9962569146882743,0,0
A01945,1,reddit,0.9854810833930969,1,0.9854810833930969,1,0
A01733,1,news,0.9985515475273132,1,0.9985515475273132,1,0
H00970,0,wiki,0.008626212365925312,0,0.9913737876340747,1,0
A01895,1,books,0.0003931387618649751,0,0.999606861238135,0,0
A01175,1,wiki,0.06492755562067032,0,0.9350724443793297,0,1
H00234,0,books,0.9918212890625,1,0.9918212890625,0,0
A01152,1,reddit,0.0005770078860223293,0,0.9994229921139777,0,0
H00818,0,reviews,0.0018618609756231308,0,0.9981381390243769,1,1
A01135,1,recipes,0.8886892795562744,1,0.8886892795562744,1,0
A01663,1,recipes,0.2576661705970764,0,0.7423338294029236,0,0
H00669,0,reddit,0.16209034621715546,0,0.8379096537828445,1,0
A01982,1,wiki,0.9992334842681885,1,0.9992334842681885,1,0
A01249,1,reviews,0.9936475157737732,1,0.9936475157737732,1,0
H00121,0,abstracts,0.0003520591417327523,0,0.9996479408582672,1,0
H00697,0,reddit,0.00032558946986682713,0,0.9996744105301332,1,0
A01954,1,reviews,0.9992096424102783,1,0.9992096424102783,1,0
H00419,0,poetry,0.0003416388062760234,0,0.999658361193724,1,0
A01716,1,books,0.9992398023605347,1,0.9992398023605347,1,0
A01299,1,poetry,0.6879557371139526,1,0.6879557371139526,1,0
H00460,0,poetry,0.0014189454959705472,0,0.9985810545040295,1,1
H00315,0,news,0.01703174039721489,0,0.9829682596027851,1,0
A01121,1,poetry,0.3870745897293091,0,0.6129254102706909,0,0
H00413,0,poetry,0.0003406111500225961,0,0.9996593888499774,1,0
H00600,0,recipes,0.021065324544906616,0,0.9789346754550934,1,0
H00687,0,reddit,0.0005212339456193149,0,0.9994787660543807,1,0
A01612,1,wiki,0.9975870847702026,1,0.9975870847702026,1,0
A01591,1,reddit,0.998921275138855,1,0.998921275138855,1,0
H00167,0,books,0.30664321780204773,0,0.6933567821979523,1,0
A01158,1,reviews,0.03870902210474014,0,0.9612909778952599,0,1
H00335,0,news,0.00031745914020575583,0,0.9996825408597942,1,1
H00562,0,recipes,0.8844115138053894,1,0.8844115138053894,0,0
H00960,0,wiki,0.0006080014863982797,0,0.9993919985136017,1,0
H00008,0,abstracts,0.0002862011606339365,0,0.9997137988393661,1,0
H00028,0,abstracts,0.002973386785015464,0,0.9970266132149845,1,0
H00607,0,recipes,0.7573636174201965,1,0.7573636174201965,0,0
A01804,1,books,0.0003060979943256825,0,0.9996939020056743,0,0
A01998,1,news,0.22178925573825836,0,0.7782107442617416,0,0
H00231,0,books,0.3185437023639679,0,0.6814562976360321,1,0
A01185,1,abstracts,0.014180203899741173,0,0.9858197961002588,0,0
H00137,0,books,0.003338185139000416,0,0.9966618148609996,1,1
A01910,1,news,0.988602340221405,1,0.988602340221405,1,0
H00237,0,books,0.030397554859519005,0,0.969602445140481,1,1
A01344,1,wiki,0.30708402395248413,0,0.6929159760475159,0,0
A01532,1,abstracts,0.9728039503097534,1,0.9728039503097534,1,0
A01560,1,news,0.9992280006408691,1,0.9992280006408691,1,0
A01049,1,recipes,0.9859252572059631,1,0.9859252572059631,1,0
H00253,0,news,0.013383515179157257,0,0.9866164848208427,1,1
H00646,0,reddit,0.01887694001197815,0,0.9811230599880219,1,0
H00503,0,recipes,0.01593879610300064,0,0.9840612038969994,1,0
H00985,0,wiki,0.008057485334575176,0,0.9919425146654248,1,0
A01572,1,recipes,0.9986435770988464,1,0.9986435770988464,1,0
A01867,1,reviews,0.0003098548040725291,0,0.9996901451959275,0,0
A01841,1,recipes,0.011290431022644043,0,0.988709568977356,0,0
H00446,0,poetry,0.0011106107849627733,0,0.9988893892150372,1,0
H00544,0,recipes,0.0067689623683691025,0,0.9932310376316309,1,1
A01261,1,wiki,0.01524066086858511,0,0.9847593391314149,0,0
A01619,1,abstracts,0.030962515622377396,0,0.9690374843776226,0,0
H00616,0,recipes,0.9861422181129456,1,0.9861422181129456,0,0
H00890,0,wiki,0.00029489691951312125,0,0.9997051030804869,1,1
H00592,0,recipes,0.1024627685546875,0,0.8975372314453125,1,0
A01413,1,reddit,0.9880529642105103,1,0.9880529642105103,1,0
H00170,0,books,0.9398015141487122,1,0.9398015141487122,0,0
A01831,1,poetry,0.00025933547294698656,0,0.999740664527053,0,0
H00979,0,wiki,0.0015132162952795625,0,0.9984867837047204,1,0
H00739,0,reddit,0.9199718832969666,1,0.9199718832969666,0,0
A01546,1,books,0.9535298347473145,1,0.9535298347473145,1,0
H00969,0,wiki,0.11882590502500534,0,0.8811740949749947,1,0
A01082,1,wiki,0.9980549812316895,1,0.9980549812316895,1,1
A01786,1,wiki,0.9942112565040588,1,0.9942112565040588,1,0
A01265,1,abstracts,0.0004155549977440387,0,0.999584445002256,0,0
H00289,0,news,0.0022783230524510145,0,0.997721676947549,1,1
H00706,0,reddit,0.0034970471169799566,0,0.99650295288302,1,0
A01609,1,wiki,0.9992294311523438,1,0.9992294311523438,1,0
H00536,0,recipes,0.8717250227928162,1,0.8717250227928162,0,0
H00711,0,reddit,0.036389485001564026,0,0.963610514998436,1,0
H00780,0,reviews,0.03355386480689049,0,0.9664461351931095,1,0
H00723,0,reddit,0.00028362011653371155,0,0.9997163798834663,1,0
H00848,0,reviews,0.0003968276723753661,0,0.9996031723276246,1,1
A01707,1,abstracts,0.07235243916511536,0,0.9276475608348846,0,0
H00705,0,reddit,0.024897966533899307,0,0.9751020334661007,1,0
A01843,1,recipes,0.0020046799909323454,0,0.9979953200090677,0,0
H00454,0,poetry,0.00041845603846013546,0,0.9995815439615399,1,1
H00083,0,abstracts,0.0007357876747846603,0,0.9992642123252153,1,0
H00708,0,reddit,0.021808680146932602,0,0.9781913198530674,1,0
A01906,1,news,0.006003453396260738,0,0.9939965466037393,0,0
A01439,1,wiki,0.9965194463729858,1,0.9965194463729858,1,0
A01808,1,books,0.01656481623649597,0,0.983435183763504,0,0
A01348,1,wiki,0.2790023684501648,0,0.7209976315498352,0,0
A01737,1,poetry,0.07942384481430054,0,0.9205761551856995,0,0
A01260,1,wiki,0.9990150928497314,1,0.9990150928497314,1,0
A01727,1,news,0.9992064833641052,1,0.9992064833641052,1,0
H00993,0,wiki,0.00031429380760528147,0,0.9996857061923947,1,0
H00435,0,poetry,0.004871065728366375,0,0.9951289342716336,1,0
A01509,1,reviews,0.9985041618347168,1,0.9985041618347168,1,0
H00155,0,books,0.017219770699739456,0,0.9827802293002605,1,0
A01539,1,books,0.9991826415061951,1,0.9991826415061951,1,0
H00810,0,reviews,0.005015036091208458,0,0.9949849639087915,1,0
H00482,0,poetry,0.0006036175764165819,0,0.9993963824235834,1,0
A01818,1,news,0.99782395362854,1,0.99782395362854,1,0
H00752,0,reviews,0.17554065585136414,0,0.8244593441486359,1,1
A01614,1,wiki,0.9992237091064453,1,0.9992237091064453,1,0
H00734,0,reddit,0.0003847816551569849,0,0.999615218344843,1,0
H00602,0,recipes,0.999169111251831,1,0.999169111251831,0,0
H00428,0,poetry,0.0013994108885526657,0,0.9986005891114473,1,0
H00966,0,wiki,0.00024866548483259976,0,0.9997513345151674,1,0
H00256,0,news,0.2566828429698944,0,0.7433171570301056,1,0
A01652,1,poetry,0.001194194657728076,0,0.9988058053422719,0,0
A01199,1,news,0.009905618615448475,0,0.9900943813845515,0,1
A01259,1,wiki,0.9977914094924927,1,0.9977914094924927,1,1
A01375,1,news,0.9475817680358887,1,0.9475817680358887,1,0
H00065,0,abstracts,0.0003404364688321948,0,0.9996595635311678,1,0
H00134,0,books,0.9762612581253052,1,0.9762612581253052,0,0
A01607,1,wiki,0.015929920598864555,0,0.9840700794011354,0,0
H00485,0,poetry,0.0051435260102152824,0,0.9948564739897847,1,0
A01709,1,abstracts,0.7602602243423462,1,0.7602602243423462,1,0
H00578,0,recipes,0.019074903801083565,0,0.9809250961989164,1,0
A01534,1,abstracts,0.9804777503013611,1,0.9804777503013611,1,0
A01310,1,recipes,0.007542096544057131,0,0.9924579034559429,0,0
H00473,0,poetry,0.013073910027742386,0,0.9869260899722576,1,0
A01118,1,news,0.05685853585600853,0,0.9431414641439915,0,0
H00075,0,abstracts,0.00040270781028084457,0,0.9995972921897192,1,0
A01322,1,reddit,0.09365100413560867,0,0.9063489958643913,0,0
H00787,0,reviews,0.021632924675941467,0,0.9783670753240585,1,0
H00425,0,poetry,0.9459105134010315,1,0.9459105134010315,0,0
A01400,1,recipes,0.9983817338943481,1,0.9983817338943481,1,0
A01749,1,recipes,0.9986584186553955,1,0.9986584186553955,1,0
H00649,0,reddit,0.0004009878321085125,0,0.9995990121678915,1,0
A01634,1,books,0.9224432110786438,1,0.9224432110786438,1,0
H00331,0,news,0.9913785457611084,1,0.9913785457611084,0,0
A01959,1,wiki,0.9991841912269592,1,0.9991841912269592,1,0
A01366,1,books,0.9972690939903259,1,0.9972690939903259,1,0
A01339,1,reviews,0.019804097712039948,0,0.98019590228796,0,0
A01296,1,news,0.9581552743911743,1,0.9581552743911743,1,0
H00614,0,recipes,0.0017053668852895498,0,0.9982946331147105,1,0
A01293,1,news,0.01106222253292799,0,0.988937777467072,0,0
H00463,0,poetry,0.0003087952209170908,0,0.9996912047790829,1,0
A01691,1,reviews,0.9992297887802124,1,0.9992297887802124,1,0
A01418,1,reviews,0.9986248016357422,1,0.9986248016357422,1,0
A01516,1,reviews,0.192350372672081,0,0.807649627327919,0,0
A01675,1,reddit,0.00025139714125543833,0,0.9997486028587446,0,0
A01880,1,abstracts,0.9991004467010498,1,0.9991004467010498,1,0
A01583,1,reddit,0.9754739999771118,1,0.9754739999771118,1,0
H00575,0,recipes,0.22740325331687927,0,0.7725967466831207,1,1
H00763,0,reviews,0.0007333341054618359,0,0.9992666658945382,1,1
A01637,1,books,0.0038062077946960926,0,0.9961937922053039,0,0
A01992,1,poetry,0.007547541055828333,0,0.9924524589441717,0,0
H00807,0,reviews,0.0036933673545718193,0,0.9963066326454282,1,0
A01203,1,news,0.9987963438034058,1,0.9987963438034058,1,0
H00470,0,poetry,0.001964377239346504,0,0.9980356227606535,1,0
H00523,0,recipes,0.1144862100481987,0,0.8855137899518013,1,0
A01913,1,poetry,0.7981927394866943,1,0.7981927394866943,1,0
H00392,0,poetry,0.0005294338334351778,0,0.9994705661665648,1,1
A01688,1,reviews,0.9958618879318237,1,0.9958618879318237,1,0
H00477,0,poetry,0.9067262411117554,1,0.9067262411117554,0,0
A01758,1,recipes,0.008023006841540337,0,0.9919769931584597,0,0
H00199,0,books,0.0020955565851181746,0,0.9979044434148818,1,0
H00942,0,wiki,0.3262322247028351,0,0.6737677752971649,1,0
A01576,1,recipes,0.9829668998718262,1,0.9829668998718262,1,0
A01232,1,reddit,0.0048321015201509,0,0.9951678984798491,0,0
A01589,1,reddit,0.3118245303630829,0,0.6881754696369171,0,0
A01791,1,wiki,0.0037484965287148952,0,0.9962515034712851,0,0
A01881,1,abstracts,0.3329797387123108,0,0.6670202612876892,0,0
A01001,1,abstracts,0.1664923131465912,0,0.8335076868534088,0,0
H00218,0,books,0.9349949955940247,1,0.9349949955940247,0,0
A01351,1,wiki,0.0006142892525531352,0,0.9993857107474469,0,0
A01387,1,poetry,0.007814372889697552,0,0.9921856271103024,0,0
H00119,0,abstracts,0.0007525714463554323,0,0.9992474285536446,1,0
H00226,0,books,0.014428636990487576,0,0.9855713630095124,1,1
H00832,0,reviews,0.001139711937867105,0,0.9988602880621329,1,0
H00606,0,recipes,0.36555561423301697,0,0.634444385766983,1,0
A01357,1,abstracts,0.9982545971870422,1,0.9982545971870422,1,0
A01525,1,wiki,0.02912302128970623,0,0.9708769787102938,0,1
H00854,0,reviews,0.9620043635368347,1,0.9620043635368347,0,0
A01738,1,poetry,0.0008626212948001921,0,0.9991373787051998,0,0
A01971,1,reddit,0.9550857543945312,1,0.9550857543945312,1,0
A01732,1,news,0.9958439469337463,1,0.9958439469337463,1,0
H00396,0,poetry,0.9232722520828247,1,0.9232722520828247,0,0
A01281,1,books,0.9990776777267456,1,0.9990776777267456,1,0
H00951,0,wiki,0.7427542805671692,1,0.7427542805671692,0,0
H00305,0,news,0.9547061920166016,1,0.9547061920166016,0,0
A01447,1,abstracts,0.03341757133603096,0,0.966582428663969,0,0
H00190,0,books,0.01463074516505003,0,0.98536925483495,1,0
A01266,1,abstracts,0.23981519043445587,0,0.7601848095655441,0,0
H00721,0,reddit,0.000631954928394407,0,0.9993680450716056,1,0
H00843,0,reviews,0.020988134667277336,0,0.9790118653327227,1,0
H00499,0,poetry,0.03927020728588104,0,0.960729792714119,1,0
A01233,1,reddit,0.0033344817347824574,0,0.9966655182652175,0,0
H00898,0,wiki,0.03255791962146759,0,0.9674420803785324,1,0
A01852,1,reddit,0.0002667343651410192,0,0.999733265634859,0,0
A01715,1,books,0.9992349147796631,1,0.9992349147796631,1,0
A01388,1,poetry,0.01177408080548048,0,0.9882259191945195,0,0
A01981,1,books,0.9988885521888733,1,0.9988885521888733,1,0
A01875,1,wiki,0.00027726672124117613,0,0.9997227332787588,0,0
H00496,0,poetry,0.00392691558226943,0,0.9960730844177306,1,0
A01449,1,abstracts,0.0004122189129702747,0,0.9995877810870297,0,0
A01282,1,books,0.994117259979248,1,0.994117259979248,1,0
A01409,1,reddit,0.1757863461971283,0,0.8242136538028717,0,0
H00527,0,recipes,0.9402180910110474,1,0.9402180910110474,0,0
A01800,1,abstracts,0.0002616015262901783,0,0.9997383984737098,0,0
A01624,1,abstracts,0.0003967716475017369,0,0.9996032283524983,0,0
H00072,0,abstracts,0.0002935863158199936,0,0.99970641368418,1,0
H00876,0,wiki,0.023754635825753212,0,0.9762453641742468,1,0
H00622,0,recipes,0.9939830899238586,1,0.9939830899238586,0,0
A01440,1,abstracts,0.0012913087848573923,0,0.9987086912151426,0,0
H00912,0,wiki,0.010682407766580582,0,0.9893175922334194,1,0
A01000,1,abstracts,0.8964039087295532,1,0.8964039087295532,1,0
A01356,1,abstracts,0.2779527008533478,0,0.7220472991466522,0,0
H00326,0,news,0.9871399998664856,1,0.9871399998664856,0,0
H00517,0,recipes,0.9921981692314148,1,0.9921981692314148,0,0
H00686,0,reddit,0.002165303798392415,0,0.9978346962016076,1,0
H00427,0,poetry,0.006620095111429691,0,0.9933799048885703,1,0
H00444,0,poetry,0.004491014871746302,0,0.9955089851282537,1,0
A01491,1,recipes,0.9535903930664062,1,0.9535903930664062,1,0
H00677,0,reddit,0.0006815773085691035,0,0.9993184226914309,1,0
H00353,0,news,0.015710905194282532,0,0.9842890948057175,1,0
A01864,1,reviews,0.05884457752108574,0,0.9411554224789143,0,0
H00629,0,reddit,0.0003934803244192153,0,0.9996065196755808,1,0
A01458,1,books,0.07214019447565079,0,0.9278598055243492,0,0
A01438,1,wiki,0.9930310845375061,1,0.9930310845375061,1,0
A01114,1,news,0.007769305724650621,0,0.9922306942753494,0,1
H00339,0,news,0.9939727187156677,1,0.9939727187156677,0,0
H00944,0,wiki,0.0014534426154568791,0,0.9985465573845431,1,0
H00728,0,reddit,0.9633034467697144,1,0.9633034467697144,0,0
A01442,1,abstracts,0.9550114870071411,1,0.9550114870071411,1,0
A01446,1,abstracts,0.9979584217071533,1,0.9979584217071533,1,0
H00702,0,reddit,0.019000256434082985,0,0.980999743565917,1,0
H00981,0,wiki,0.00024612416746094823,0,0.999753875832539,1,0
H00492,0,poetry,0.6018592119216919,1,0.6018592119216919,0,0
H00828,0,reviews,0.00038539033266715705,0,0.9996146096673328,1,1
A01850,1,reddit,0.016653962433338165,0,0.9833460375666618,0,0
H00683,0,reddit,0.005077071022242308,0,0.9949229289777577,1,0
A01602,1,reviews,0.9988013505935669,1,0.9988013505935669,1,0
H00376,0,poetry,0.0003678172070067376,0,0.9996321827929933,1,1
A01593,1,reddit,0.9937030673027039,1,0.9937030673027039,1,0
A01338,1,reviews,0.9992347955703735,1,0.9992347955703735,1,0
H00872,0,reviews,0.10360116511583328,0,0.8963988348841667,1,0
H00481,0,poetry,0.0036206399090588093,0,0.9963793600909412,1,1
H00529,0,recipes,0.15757940709590912,0,0.8424205929040909,1,0
A01861,1,reviews,0.9460886120796204,1,0.9460886120796204,1,0
H00868,0,reviews,0.0010238565737381577,0,0.9989761434262618,1,1
H00923,0,wiki,0.21391473710536957,0,0.7860852628946304,1,0
A01748,1,recipes,0.993266224861145,1,0.993266224861145,1,0
H00476,0,poetry,0.16330593824386597,0,0.836694061756134,1,0
A01836,1,recipes,0.005687082186341286,0,0.9943129178136587,0,0
H00757,0,reviews,0.04150967672467232,0,0.9584903232753277,1,0
H00168,0,books,0.9831565022468567,1,0.9831565022468567,0,0
A01701,1,wiki,0.25502195954322815,0,0.7449780404567719,0,0
A01973,1,poetry,0.15920992195606232,0,0.8407900780439377,0,0
A01744,1,poetry,0.8895105719566345,1,0.8895105719566345,1,0
H00217,0,books,0.9791441559791565,1,0.9791441559791565,0,0
H00154,0,books,0.019030680879950523,0,0.9809693191200495,1,0
H00548,0,recipes,0.024759208783507347,0,0.9752407912164927,1,0
A01093,1,abstracts,0.9966435432434082,1,0.9966435432434082,1,0
A01682,1,reviews,0.9924746155738831,1,0.9924746155738831,1,0
A01541,1,books,0.9991163611412048,1,0.9991163611412048,1,0
A01622,1,abstracts,0.01915902830660343,0,0.9808409716933966,0,0
H00982,0,wiki,0.0466352216899395,0,0.9533647783100605,1,0
H00762,0,reviews,0.026824887841939926,0,0.9731751121580601,1,1
A01181,1,abstracts,0.0017486162250861526,0,0.9982513837749138,0,0
A01907,1,news,0.9985800981521606,1,0.9985800981521606,1,0
A01475,1,poetry,0.012269831262528896,0,0.9877301687374711,0,0
A01642,1,news,0.25231030583381653,0,0.7476896941661835,0,0
H00040,0,abstracts,0.0005533321527764201,0,0.9994466678472236,1,0
A01016,1,books,0.991645872592926,1,0.991645872592926,1,1
H00566,0,recipes,0.9546629190444946,1,0.9546629190444946,0,0
A01536,1,abstracts,0.001971364254131913,0,0.9980286357458681,0,0
H00860,0,reviews,0.00024724629474803805,0,0.999752753705252,1,0
A01002,1,abstracts,0.9982274174690247,1,0.9982274174690247,1,0
A01884,1,abstracts,0.003237714059650898,0,0.9967622859403491,0,0
H00827,0,reviews,0.0009079264127649367,0,0.9990920735872351,1,0
H00214,0,books,0.0007406544755212963,0,0.9992593455244787,1,0
H00322,0,news,0.30210864543914795,0,0.697891354560852,1,0
H00770,0,reviews,0.00028758382541127503,0,0.9997124161745887,1,0
A01242,1,reviews,0.9961888194084167,1,0.9961888194084167,1,0
A01170,1,wiki,0.9957506656646729,1,0.9957506656646729,1,0
H00753,0,reviews,0.00037056085420772433,0,0.9996294391457923,1,1
A01196,1,books,0.9989959597587585,1,0.9989959597587585,1,0
H00150,0,books,0.013114506378769875,0,0.9868854936212301,1,0
A01849,1,reddit,0.00034325927845202386,0,0.999656740721548,0,0
H00938,0,wiki,0.7766236662864685,1,0.7766236662864685,0,0
A01482,1,poetry,0.0006985977524891496,0,0.9993014022475109,0,0
A01129,1,poetry,0.010181553661823273,0,0.9898184463381767,0,0
A01010,1,abstracts,0.21488656103610992,0,0.7851134389638901,0,0
H00933,0,wiki,0.0003765184956137091,0,0.9996234815043863,1,0
H00506,0,recipes,0.14027129113674164,0,0.8597287088632584,1,0
H00972,0,wiki,0.0014968308387324214,0,0.9985031691612676,1,0
H00448,0,poetry,0.023658478632569313,0,0.9763415213674307,1,0
A01280,1,books,0.0006504686316475272,0,0.9993495313683525,0,0
H00349,0,news,0.03405497223138809,0,0.9659450277686119,1,0
A01270,1,abstracts,0.03166188299655914,0,0.9683381170034409,0,0
H00145,0,books,0.9968332648277283,1,0.9968332648277283,0,0
A01396,1,recipes,0.9176601767539978,1,0.9176601767539978,1,0
A01063,1,reddit,0.2561842203140259,0,0.7438157796859741,0,0
A01812,1,books,0.00028180613298900425,0,0.999718193867011,0,0
A01019,1,books,0.999233603477478,1,0.999233603477478,1,0
A01499,1,reddit,0.0026508269365876913,0,0.9973491730634123,0,0
H00174,0,books,0.016300059854984283,0,0.9836999401450157,1,0
A01331,1,reviews,0.0004431963025126606,0,0.9995568036974873,0,0
A01294,1,news,0.3787456452846527,0,0.6212543547153473,0,0
H00949,0,wiki,0.00035433887387625873,0,0.9996456611261237,1,0
H00480,0,poetry,0.005131795071065426,0,0.9948682049289346,1,1
A01721,1,books,0.9957565665245056,1,0.9957565665245056,1,0
H00795,0,reviews,0.01422418374568224,0,0.9857758162543178,1,0
A01443,1,abstracts,0.006258978508412838,0,0.9937410214915872,0,0
H00632,0,reddit,0.0008083119755610824,0,0.9991916880244389,1,0
H00406,0,poetry,0.055851876735687256,0,0.9441481232643127,1,0
A01912,1,news,0.9992357492446899,1,0.9992357492446899,1,0
H00838,0,reviews,0.013099325820803642,0,0.9869006741791964,1,1
H00088,0,abstracts,0.0003146406961604953,0,0.9996853593038395,1,0
H00695,0,reddit,0.020379450172185898,0,0.9796205498278141,1,0
A01757,1,recipes,0.9896948337554932,1,0.9896948337554932,1,0
A01096,1,abstracts,0.004719706252217293,0,0.9952802937477827,0,0
A01825,1,poetry,0.0002518801193218678,0,0.9997481198806781,0,0
H00036,0,abstracts,0.0007221120758913457,0,0.9992778879241087,1,0
A01094,1,abstracts,0.012768308632075787,0,0.9872316913679242,0,0
A01653,1,poetry,0.012111933901906013,0,0.987888066098094,0,0
A01423,1,reviews,0.0215525534003973,0,0.9784474465996027,0,0
H00039,0,abstracts,0.0005783777451142669,0,0.9994216222548857,1,0
A01332,1,reviews,0.9991123080253601,1,0.9991123080253601,1,0
H00656,0,reddit,0.00046008877689018846,0,0.9995399112231098,1,0
A01301,1,poetry,0.0165964774787426,0,0.9834035225212574,0,0
A01391,1,poetry,0.0007424366776831448,0,0.9992575633223169,0,1
H00067,0,abstracts,0.00038326019421219826,0,0.9996167398057878,1,0
H00412,0,poetry,0.00033891512430272996,0,0.9996610848756973,1,0
H00891,0,wiki,0.06290733814239502,0,0.937092661857605,1,0
A01033,1,poetry,0.08354613184928894,0,0.9164538681507111,0,0
H00193,0,books,0.010349630378186703,0,0.9896503696218133,1,1
H00754,0,reviews,0.00035772929550148547,0,0.9996422707044985,1,1
H00450,0,poetry,0.0007553131435997784,0,0.9992446868564002,1,0
H00899,0,wiki,0.1667807698249817,0,0.8332192301750183,1,0
A01450,1,abstracts,0.12169762700796127,0,0.8783023729920387,0,0
H00471,0,poetry,0.0005932415369898081,0,0.9994067584630102,1,1
A01974,1,wiki,0.05008475482463837,0,0.9499152451753616,0,0
H00204,0,books,0.18861408531665802,0,0.811385914683342,1,0
A01478,1,poetry,0.03540853038430214,0,0.9645914696156979,0,0
A01940,1,reddit,0.9992415904998779,1,0.9992415904998779,1,0
H00735,0,reddit,0.002935085678473115,0,0.9970649143215269,1,0
H00692,0,reddit,0.006620552856475115,0,0.9933794471435249,1,0
H00424,0,poetry,0.018957389518618584,0,0.9810426104813814,1,0
A01062,1,reddit,0.9917688369750977,1,0.9917688369750977,1,0
A01267,1,abstracts,0.9899718761444092,1,0.9899718761444092,1,0
H00287,0,news,0.9963751435279846,1,0.9963751435279846,0,0
H00699,0,reddit,0.0015706918202340603,0,0.9984293081797659,1,0
H00709,0,reddit,0.0002744766534306109,0,0.9997255233465694,1,0
A01490,1,recipes,0.9986236095428467,1,0.9986236095428467,1,0
H00010,0,abstracts,0.0005809116992168128,0,0.9994190883007832,1,0
A01628,1,books,0.019039221107959747,0,0.9809607788920403,0,0
A01289,1,news,0.9733127951622009,1,0.9733127951622009,1,0
H00961,0,wiki,0.00033390719909220934,0,0.9996660928009078,1,0
A01630,1,books,0.55647873878479,1,0.55647873878479,1,0
A01208,1,news,0.26276567578315735,0,0.7372343242168427,0,0
H00367,0,news,0.008694012649357319,0,0.9913059873506427,1,1
A01958,1,wiki,0.00031564506934955716,0,0.9996843549306504,0,0
H00567,0,recipes,0.9551974534988403,1,0.9551974534988403,0,0
A01274,1,abstracts,0.9956142902374268,1,0.9956142902374268,1,0
H00962,0,wiki,0.005349732469767332,0,0.9946502675302327,1,0
H00918,0,wiki,0.977196991443634,1,0.977196991443634,0,0
A01970,1,news,0.2766766846179962,0,0.7233233153820038,0,0
A01821,1,news,0.002853095531463623,0,0.9971469044685364,0,0
H00570,0,recipes,0.9932128190994263,1,0.9932128190994263,0,0
H00634,0,reddit,0.001080889138393104,0,0.9989191108616069,1,0
H00782,0,reviews,0.0004713729431387037,0,0.9995286270568613,1,0
H00153,0,books,0.014869571663439274,0,0.9851304283365607,1,1
H00432,0,poetry,0.00040438087307848036,0,0.9995956191269215,1,1
A01513,1,reviews,0.9978590607643127,1,0.9978590607643127,1,0
A01307,1,poetry,0.03219711780548096,0,0.967802882194519,0,0
A01626,1,abstracts,0.002617174293845892,0,0.9973828257061541,0,0
H00676,0,reddit,0.00035546894650906324,0,0.9996445310534909,1,0
H00243,0,books,0.9488719701766968,1,0.9488719701766968,0,0
A01877,1,wiki,0.9991405010223389,1,0.9991405010223389,1,0
A01497,1,reddit,0.9896913170814514,1,0.9896913170814514,1,0
A01575,1,recipes,0.9972091317176819,1,0.9972091317176819,1,0
H00719,0,reddit,0.00036483968142420053,0,0.9996351603185758,1,0
H00596,0,recipes,0.21342642605304718,0,0.7865735739469528,1,0
H00245,0,books,0.9498862624168396,1,0.9498862624168396,0,0
A01638,1,news,0.9677291512489319,1,0.9677291512489319,1,0
H00768,0,reviews,0.0014080159598961473,0,0.9985919840401039,1,0
A01778,1,reviews,0.9992051720619202,1,0.9992051720619202,1,0
A01414,1,reddit,0.9972730278968811,1,0.9972730278968811,1,0
A01444,1,abstracts,0.023761164397001266,0,0.9762388356029987,0,0
A01327,1,reddit,0.24669140577316284,0,0.7533085942268372,0,0
H00724,0,reddit,0.03612059727311134,0,0.9638794027268887,1,0
H00177,0,books,0.016954518854618073,0,0.9830454811453819,1,0
H00230,0,books,0.3209460973739624,0,0.6790539026260376,1,0
A01048,1,recipes,0.9583815336227417,1,0.9583815336227417,1,0
A01465,1,news,0.00042141013545915484,0,0.9995785898645408,0,0
H00158,0,books,0.9436959624290466,1,0.9436959624290466,0,1
H00169,0,books,0.12986882030963898,0,0.870131179690361,1,0
A01398,1,recipes,0.9896949529647827,1,0.9896949529647827,1,0
A01334,1,reviews,0.31359338760375977,0,0.6864066123962402,0,0
H00901,0,wiki,0.005171331111341715,0,0.9948286688886583,1,0
A01283,1,books,0.9992358684539795,1,0.9992358684539795,1,0
A01806,1,books,0.0003239049110561609,0,0.9996760950889438,0,0
H00323,0,news,0.22952468693256378,0,0.7704753130674362,1,1
H00509,0,recipes,0.9656105041503906,1,0.9656105041503906,0,0
H00415,0,poetry,0.010127265006303787,0,0.9898727349936962,1,0
H00609,0,recipes,0.02839432843029499,0,0.971605671569705,1,0
H00515,0,recipes,0.18077978491783142,0,0.8192202150821686,1,0
H00220,0,books,0.076311394572258,0,0.923688605427742,1,0
A01799,1,abstracts,0.0004291475052013993,0,0.9995708524947986,0,0
A01164,1,reviews,0.9948544502258301,1,0.9948544502258301,1,0
A01456,1,books,0.998067319393158,1,0.998067319393158,1,0
A01169,1,wiki,0.9910430908203125,1,0.9910430908203125,1,0
H00192,0,books,0.025396663695573807,0,0.9746033363044262,1,1
A01078,1,wiki,0.0013622610131278634,0,0.9986377389868721,0,0
H00881,0,wiki,0.026023760437965393,0,0.9739762395620346,1,0
A01320,1,reddit,0.003905053250491619,0,0.9960949467495084,0,0
A01858,1,reviews,0.9974494576454163,1,0.9974494576454163,1,0
A01555,1,news,0.9991359114646912,1,0.9991359114646912,1,0
A01485,1,recipes,0.9794684052467346,1,0.9794684052467346,1,1
H00579,0,recipes,0.06345310807228088,0,0.9365468919277191,1,0
A01518,1,wiki,0.028267068788409233,0,0.9717329312115908,0,0
H00236,0,books,0.18060371279716492,0,0.8193962872028351,1,0
A01290,1,news,0.9974294304847717,1,0.9974294304847717,1,0
A01441,1,abstracts,0.32470032572746277,0,0.6752996742725372,0,0
H00761,0,reviews,0.06642576307058334,0,0.9335742369294167,1,0
A01999,1,poetry,0.00028473802376538515,0,0.9997152619762346,0,0
A01670,1,recipes,0.004486392717808485,0,0.9955136072821915,0,0
H00844,0,reviews,0.967910885810852,1,0.967910885810852,0,0
H00707,0,reddit,0.00035879286588169634,0,0.9996412071341183,1,0
A01461,1,books,0.9991959929466248,1,0.9991959929466248,1,0
A01038,1,poetry,0.24890872836112976,0,0.7510912716388702,0,0
H00682,0,reddit,0.0011049791937693954,0,0.9988950208062306,1,0
H00371,0,news,0.010277625173330307,0,0.9897223748266697,1,0
A01816,1,news,0.0007257857942022383,0,0.9992742142057978,0,0
A01028,1,news,0.9991493225097656,1,0.9991493225097656,1,0
A01768,1,reddit,0.9992249011993408,1,0.9992249011993408,1,0
A01543,1,books,0.9992332458496094,1,0.9992332458496094,1,0
A01759,1,reddit,0.2422434538602829,0,0.7577565461397171,0,0
H00281,0,news,0.017086653038859367,0,0.9829133469611406,1,0
A01411,1,reddit,0.00045384367695078254,0,0.9995461563230492,0,0
H00772,0,reviews,0.0034830966033041477,0,0.9965169033966959,1,0
A01544,1,books,0.5848055481910706,1,0.5848055481910706,1,0
A01790,1,wiki,0.20008480548858643,0,0.7999151945114136,0,0
A01540,1,books,0.9991305470466614,1,0.9991305470466614,1,0
H00126,0,books,0.0008034433703869581,0,0.999196556629613,1,0
H00581,0,recipes,0.9848290085792542,1,0.9848290085792542,0,0
H00685,0,reddit,0.0030658249743282795,0,0.9969341750256717,1,0
H00528,0,recipes,0.12666769325733185,0,0.8733323067426682,1,0
A01269,1,abstracts,0.993301510810852,1,0.993301510810852,1,0
H00743,0,reddit,0.0015099000884220004,0,0.998490099911578,1,0
A01248,1,reviews,0.00693762581795454,0,0.9930623741820455,0,0
A01022,1,news,0.9533589482307434,1,0.9533589482307434,1,1
H00842,0,reviews,0.009855173528194427,0,0.9901448264718056,1,0
A01141,1,recipes,0.9971175193786621,1,0.9971175193786621,1,0
H00977,0,wiki,0.24762345850467682,0,0.7523765414953232,1,0
A01770,1,reviews,0.999231219291687,1,0.999231219291687,1,0
H00019,0,abstracts,0.00035064181429333985,0,0.9996493581857067,1,0
H00862,0,reviews,0.0007838625460863113,0,0.9992161374539137,1,1
A01422,1,reviews,0.9727267622947693,1,0.9727267622947693,1,0
H00381,0,poetry,0.00033174731652252376,0,0.9996682526834775,1,0
A01704,1,abstracts,0.9689621925354004,1,0.9689621925354004,1,0
A01484,1,recipes,0.1523064225912094,0,0.8476935774087906,0,0
A01769,1,reddit,0.9992358684539795,1,0.9992358684539795,1,0
H00895,0,wiki,0.0002996123512275517,0,0.9997003876487724,1,0
A01386,1,poetry,0.44629496335983276,0,0.5537050366401672,0,0
A01862,1,reviews,0.00025808412465266883,0,0.9997419158753473,0,0
H00799,0,reviews,0.0012708131689578295,0,0.9987291868310422,1,1
A01763,1,reddit,0.019653063267469406,0,0.9803469367325306,0,0
A01111,1,news,0.9815712571144104,1,0.9815712571144104,1,0
A01139,1,recipes,0.35545864701271057,0,0.6445413529872894,0,0
A01977,1,reddit,0.000276525184744969,0,0.999723474815255,0,0
H00557,0,recipes,0.26258060336112976,0,0.7374193966388702,1,0
H00877,0,wiki,0.952103853225708,1,0.952103853225708,0,0
A01936,1,reddit,0.9746083617210388,1,0.9746083617210388,1,0
H00691,0,reddit,0.00399645185098052,0,0.9960035481490195,1,0
H00384,0,poetry,0.033897608518600464,0,0.9661023914813995,1,0
H00146,0,books,0.004970266483724117,0,0.9950297335162759,1,0
A01315,1,recipes,0.046818990260362625,0,0.9531810097396374,0,0
A01395,1,poetry,0.04108700901269913,0,0.9589129909873009,0,0
H00974,0,wiki,0.0002465203870087862,0,0.9997534796129912,1,0
H00883,0,wiki,0.000344116851920262,0,0.9996558831480797,1,0
H00586,0,recipes,0.9983755350112915,1,0.9983755350112915,0,0
A01126,1,poetry,0.005050470121204853,0,0.9949495298787951,0,1
A01934,1,recipes,0.0002560528228059411,0,0.9997439471771941,0,0
A01728,1,news,0.1845887303352356,0,0.8154112696647644,0,0
H00546,0,recipes,0.04996499791741371,0,0.9500350020825863,1,0
H00054,0,abstracts,0.00037706847069785,0,0.9996229315293022,1,0
H00740,0,reddit,0.0002812486491166055,0,0.9997187513508834,1,0
A01552,1,news,0.9987849593162537,1,0.9987849593162537,1,0
H00931,0,wiki,0.007387605961412191,0,0.9926123940385878,1,0
A01892,1,books,0.999214768409729,1,0.999214768409729,1,0
H00097,0,abstracts,0.00031516305170953274,0,0.9996848369482905,1,0
A01879,1,wiki,0.0002712588175199926,0,0.99972874118248,0,0
A01953,1,reviews,0.9564913511276245,1,0.9564913511276245,1,0
H00954,0,wiki,0.9737430214881897,1,0.9737430214881897,0,0
A01587,1,reddit,0.9941755533218384,1,0.9941755533218384,1,0
A01991,1,poetry,0.00027245760429650545,0,0.9997275423957035,0,0
A01145,1,reddit,0.9906270503997803,1,0.9906270503997803,1,0
A01724,1,books,0.9992002844810486,1,0.9992002844810486,1,0
A01272,1,abstracts,0.991179883480072,1,0.991179883480072,1,0
A01153,1,reddit,0.00047213383368216455,0,0.9995278661663178,0,1
H00334,0,news,0.966693103313446,1,0.966693103313446,0,0
A01358,1,abstracts,0.09767498075962067,0,0.9023250192403793,0,0
A01978,1,poetry,0.8747575283050537,1,0.8747575283050537,1,0
H00916,0,wiki,0.003665980650112033,0,0.996334019349888,1,0
A01072,1,reviews,0.9799740314483643,1,0.9799740314483643,1,1
A01431,1,wiki,0.9957389831542969,1,0.9957389831542969,1,0
H00704,0,reddit,0.07217688113451004,0,0.92782311886549,1,0
H00209,0,books,0.05136534571647644,0,0.9486346542835236,1,0
H00486,0,poetry,0.8236320614814758,1,0.8236320614814758,0,0
A01771,1,reviews,0.9992254972457886,1,0.9992254972457886,1,0
A01454,1,books,0.9963008165359497,1,0.9963008165359497,1,0
H00431,0,poetry,0.00027850852347910404,0,0.9997214914765209,1,0
H00820,0,reviews,0.0006688062567263842,0,0.9993311937432736,1,0
H00086,0,abstracts,0.0057505653239786625,0,0.9942494346760213,1,0
H00783,0,reviews,0.00035638746339827776,0,0.9996436125366017,1,1
H00026,0,abstracts,0.011275313794612885,0,0.9887246862053871,1,0
H00436,0,poetry,0.025197526440024376,0,0.9748024735599756,1,0
A01323,1,reddit,0.014270915649831295,0,0.9857290843501687,0,0
A01448,1,abstracts,0.06290531903505325,0,0.9370946809649467,0,0
A01703,1,wiki,0.04482221603393555,0,0.9551777839660645,0,0
A01168,1,wiki,0.9984557628631592,1,0.9984557628631592,1,0
A01690,1,reviews,0.0002529018674977124,0,0.9997470981325023,0,0
A01263,1,wiki,0.9842509031295776,1,0.9842509031295776,1,0
A01834,1,poetry,0.0002695515868254006,0,0.9997304484131746,0,0
H00641,0,reddit,0.0002523363509681076,0,0.9997476636490319,1,0
H00087,0,abstracts,0.0003763175627682358,0,0.9996236824372318,1,0
A01838,1,recipes,0.0003128260432276875,0,0.9996871739567723,0,0
A01098,1,abstracts,0.9519665241241455,1,0.9519665241241455,1,0
A01023,1,news,0.9990955591201782,1,0.9990955591201782,1,0
A01694,1,wiki,0.0002588579664006829,0,0.9997411420335993,0,0
H00715,0,reddit,0.006793643813580275,0,0.9932063561864197,1,0
H00263,0,news,0.0006138330791145563,0,0.9993861669208854,1,1
H00853,0,reviews,0.0003329421451780945,0,0.9996670578548219,1,1
A01013,1,books,0.9922475814819336,1,0.9922475814819336,1,0
A01679,1,reddit,0.01865418441593647,0,0.9813458155840635,0,0
H00805,0,reviews,0.0002502099086996168,0,0.9997497900913004,1,1
A01656,1,poetry,0.00037798439734615386,0,0.9996220156026538,0,0
A01528,1,abstracts,0.9989113807678223,1,0.9989113807678223,1,0
H00633,0,reddit,0.000641918508335948,0,0.999358081491664,1,0
A01681,1,reddit,0.00040714850183576345,0,0.9995928514981642,0,0
A01025,1,news,0.9991858601570129,1,0.9991858601570129,1,1
H00769,0,reviews,0.0010966850677505136,0,0.9989033149322495,1,1
A01349,1,wiki,0.0010088514536619186,0,0.9989911485463381,0,0
A01827,1,poetry,0.9578319787979126,1,0.9578319787979126,1,0
A01495,1,reddit,0.23503264784812927,0,0.7649673521518707,0,0
H00590,0,recipes,0.009974845685064793,0,0.9900251543149352,1,1
A01173,1,wiki,0.9992343187332153,1,0.9992343187332153,1,0
A01794,1,abstracts,0.0003505067725200206,0,0.99964949322748,0,0
A01416,1,reddit,0.9992215633392334,1,0.9992215633392334,1,0
A01601,1,reviews,0.9702109694480896,1,0.9702109694480896,1,0
A01460,1,books,0.9992246627807617,1,0.9992246627807617,1,0
H00489,0,poetry,0.007907765917479992,0,0.99209223408252,1,1
H00841,0,reviews,0.1771182268857956,0,0.8228817731142044,1,0
H00317,0,news,0.15159600973129272,0,0.8484039902687073,1,0
H00531,0,recipes,0.9972764849662781,1,0.9972764849662781,0,0
A01885,1,abstracts,0.1305517852306366,0,0.8694482147693634,0,0
A01920,1,poetry,0.7318286895751953,1,0.7318286895751953,1,0
H00382,0,poetry,0.048065945506095886,0,0.9519340544939041,1,1
H00730,0,reddit,0.03568746894598007,0,0.9643125310540199,1,0
A01060,1,reddit,0.9968546628952026,1,0.9968546628952026,1,0
A01814,1,news,0.9937120676040649,1,0.9937120676040649,1,0
A01255,1,wiki,0.014535961672663689,0,0.9854640383273363,0,0
A01006,1,abstracts,0.02196313440799713,0,0.9780368655920029,0,0
H00603,0,recipes,0.9665616750717163,1,0.9665616750717163,0,0
A01774,1,reviews,0.9992368221282959,1,0.9992368221282959,1,0
H00125,0,books,0.0015031847869977355,0,0.9984968152130023,1,1
A01204,1,news,0.00026799002080224454,0,0.9997320099791978,0,1
A01537,1,abstracts,0.7471555471420288,1,0.7471555471420288,1,0
H00991,0,wiki,0.01337607391178608,0,0.9866239260882139,1,0
A01077,1,wiki,0.9989153146743774,1,0.9989153146743774,1,1
A01404,1,recipes,0.8820564150810242,1,0.8820564150810242,1,0
H00219,0,books,0.9882199764251709,1,0.9882199764251709,0,0
A01967,1,wiki,0.023922966793179512,0,0.9760770332068205,0,0
A01034,1,poetry,0.2747812569141388,0,0.7252187430858612,0,0
A01918,1,poetry,0.0002703969075810164,0,0.999729603092419,0,0
A01952,1,reviews,0.9400800466537476,1,0.9400800466537476,1,0
H00630,0,reddit,0.0003064355696551502,0,0.9996935644303448,1,0
A01641,1,news,0.9895265102386475,1,0.9895265102386475,1,0
A01117,1,news,0.9992343187332153,1,0.9992343187332153,1,0
H00221,0,books,0.012727302499115467,0,0.9872726975008845,1,1
H00661,0,reddit,0.0003725130227394402,0,0.9996274869772606,1,0
A01964,1,wiki,0.9992372989654541,1,0.9992372989654541,1,0
H00915,0,wiki,0.0005948483594693244,0,0.9994051516405307,1,0
H00746,0,reddit,0.0002872487239073962,0,0.9997127512760926,1,0
A01256,1,wiki,0.987815797328949,1,0.987815797328949,1,0
A01407,1,reddit,0.24121995270252228,0,0.7587800472974777,0,0
H00135,0,books,0.9499614238739014,1,0.9499614238739014,0,0
H00593,0,recipes,0.9337158799171448,1,0.9337158799171448,0,0
H00998,0,wiki,0.16354595124721527,0,0.8364540487527847,1,0
A01891,1,books,0.0002922589483205229,0,0.9997077410516795,0,0
H00789,0,reviews,0.00027843896532431245,0,0.9997215610346757,1,0
A01844,1,recipes,0.23427699506282806,0,0.7657230049371719,0,0
A01374,1,news,0.03699657693505287,0,0.9630034230649471,0,0
H00599,0,recipes,0.9552892446517944,1,0.9552892446517944,0,0
A01979,1,poetry,0.09942113608121872,0,0.9005788639187813,0,0
A01250,1,reviews,0.0012588378740474582,0,0.9987411621259525,0,0
H00201,0,books,0.18871036171913147,0,0.8112896382808685,1,1
H00328,0,news,0.019068123772740364,0,0.9809318762272596,1,1
A01798,1,abstracts,0.0004711087967734784,0,0.9995288912032265,0,0
H00012,0,abstracts,0.0003000408469233662,0,0.9996999591530766,1,0
H00665,0,reddit,0.00024981299065984786,0,0.9997501870093402,1,0
H00249,0,books,0.00031637868960388005,0,0.9996836213103961,1,0
A01079,1,wiki,0.9988697171211243,1,0.9988697171211243,1,0
A01051,1,recipes,0.9394246339797974,1,0.9394246339797974,1,0
H00765,0,reviews,0.00028171937447041273,0,0.9997182806255296,1,0
H00210,0,books,0.3036508858203888,0,0.6963491141796112,1,0
A01615,1,wiki,0.9946286082267761,1,0.9946286082267761,1,0
A01739,1,poetry,0.2465786337852478,0,0.7534213662147522,0,0
A01466,1,news,0.0009752761689014733,0,0.9990247238310985,0,0
A01631,1,books,0.26160115003585815,0,0.7383988499641418,0,0
H00282,0,news,0.0034915506839752197,0,0.9965084493160248,1,1
A01832,1,poetry,0.11065332591533661,0,0.8893466740846634,0,0
H00512,0,recipes,0.07204647362232208,0,0.9279535263776779,1,0
H00172,0,books,0.0020550379995256662,0,0.9979449620004743,1,0
H00385,0,poetry,0.0005249810055829585,0,0.999475018994417,1,0
A01415,1,reddit,0.02281424030661583,0,0.9771857596933842,0,0
A01220,1,recipes,0.9988526105880737,1,0.9988526105880737,1,0
A01246,1,reviews,0.9991948008537292,1,0.9991948008537292,1,0
A01726,1,news,0.9987574815750122,1,0.9987574815750122,1,0
A01257,1,wiki,0.9991695880889893,1,0.9991695880889893,1,0
H00390,0,poetry,0.9486954212188721,1,0.9486954212188721,0,0
H00188,0,books,0.9958189129829407,1,0.9958189129829407,0,0
A01997,1,news,0.9991971850395203,1,0.9991971850395203,1,0
A01275,1,books,0.00040605891263112426,0,0.9995939410873689,0,0
A01252,1,reviews,0.000286997965304181,0,0.9997130020346958,0,1
H00583,0,recipes,0.9895667433738708,1,0.9895667433738708,0,0
A01452,1,books,0.9992052912712097,1,0.9992052912712097,1,0
A01756,1,recipes,0.9943822622299194,1,0.9943822622299194,1,0
H00671,0,reddit,0.00031904419302009046,0,0.9996809558069799,1,0
A01529,1,abstracts,0.06724222749471664,0,0.9327577725052834,0,0
H00714,0,reddit,0.00031898333691060543,0,0.9996810166630894,1,0
H00056,0,abstracts,0.000543739355634898,0,0.9994562606443651,1,0
H00057,0,abstracts,0.0003471883828751743,0,0.9996528116171248,1,0
A01131,1,poetry,0.1362895667552948,0,0.8637104332447052,0,0
A01284,1,books,0.029736654832959175,0,0.9702633451670408,0,0
H00543,0,recipes,0.09888869524002075,0,0.9011113047599792,1,0
H00242,0,books,0.001582642667926848,0,0.9984173573320732,1,1
H00215,0,books,0.005885815713554621,0,0.9941141842864454,1,1
A01376,1,news,0.9939175844192505,1,0.9939175844192505,1,1
H00953,0,wiki,0.00027815240900963545,0,0.9997218475909904,1,0
A01014,1,books,0.9992064833641052,1,0.9992064833641052,1,0
A01931,1,recipes,0.9938894510269165,1,0.9938894510269165,1,0
A01684,1,reviews,0.9954061508178711,1,0.9954061508178711,1,0
A01074,1,reviews,0.9991570711135864,1,0.9991570711135864,1,0
H00788,0,reviews,0.030967801809310913,0,0.9690321981906891,1,0
A01017,1,books,0.9992119073867798,1,0.9992119073867798,1,0
H00383,0,poetry,0.004386876244097948,0,0.995613123755902,1,0
A01230,1,recipes,0.32872623205184937,0,0.6712737679481506,0,0
A01471,1,news,0.9986522793769836,1,0.9986522793769836,1,1
H00847,0,reviews,0.036188118159770966,0,0.963811881840229,1,1
H00745,0,reddit,0.03285017982125282,0,0.9671498201787472,1,0
A01573,1,recipes,0.3095298111438751,0,0.6904701888561249,0,0
H00858,0,reviews,0.03572218492627144,0,0.9642778150737286,1,0
A01457,1,books,0.010089486837387085,0,0.9899105131626129,0,0
H00973,0,wiki,0.006862926762551069,0,0.9931370732374489,1,0
H00775,0,reviews,0.0006803763099014759,0,0.9993196236900985,1,1
H00618,0,recipes,0.07080407440662384,0,0.9291959255933762,1,0
A01908,1,news,0.9991405010223389,1,0.9991405010223389,1,0
H00815,0,reviews,0.0002533657243475318,0,0.9997466342756525,1,1
A01535,1,abstracts,0.9992268085479736,1,0.9992268085479736,1,0
H00329,0,news,0.2880721390247345,0,0.7119278609752655,1,0
H00191,0,books,0.000522920920047909,0,0.9994770790799521,1,0
A01273,1,abstracts,0.00038988792221061885,0,0.9996101120777894,0,0
A01556,1,news,0.9985939860343933,1,0.9985939860343933,1,0
H00874,0,reviews,0.0003940608585253358,0,0.9996059391414747,1,1
A01112,1,news,0.01896887831389904,0,0.981031121686101,0,1
H00658,0,reddit,0.2861226499080658,0,0.7138773500919342,1,0
A01183,1,abstracts,0.9368152022361755,1,0.9368152022361755,1,0
A01672,1,reddit,0.005244898609817028,0,0.994755101390183,0,0
A01417,1,reddit,0.9067961573600769,1,0.9067961573600769,1,0
A01566,1,poetry,0.915727436542511,1,0.915727436542511,1,0
A01547,1,books,0.9990891218185425,1,0.9990891218185425,1,0
H00913,0,wiki,0.9968588352203369,1,0.9968588352203369,0,0
A01504,1,reddit,0.0004223668947815895,0,0.9995776331052184,0,0
H00500,0,recipes,0.017006604000926018,0,0.982993395999074,1,0
H00045,0,abstracts,0.0003204262466169894,0,0.999679573753383,1,0
A01882,1,abstracts,0.005694481078535318,0,0.9943055189214647,0,0
H00882,0,wiki,0.0013482054928317666,0,0.9986517945071682,1,0
H00597,0,recipes,0.008577525615692139,0,0.9914224743843079,1,0
A01216,1,poetry,0.07097500562667847,0,0.9290249943733215,0,0
H00929,0,wiki,0.0012826438760384917,0,0.9987173561239615,1,0
A01828,1,poetry,0.0002793341991491616,0,0.9997206658008508,0,0
A01434,1,wiki,0.9984906911849976,1,0.9984906911849976,1,0
H00684,0,reddit,0.0003078968438785523,0,0.9996921031561214,1,0
A01193,1,books,0.9983456134796143,1,0.9983456134796143,1,0
H00655,0,reddit,0.0010439910693094134,0,0.9989560089306906,1,0
H00255,0,news,0.07543715089559555,0,0.9245628491044044,1,0
H00319,0,news,0.1660582423210144,0,0.8339417576789856,1,0
A01237,1,reddit,0.00028874017880298197,0,0.999711259821197,0,0
H00781,0,reviews,0.0012330174213275313,0,0.9987669825786725,1,1
H00178,0,books,0.05812835320830345,0,0.9418716467916965,1,0
A01617,1,abstracts,0.0091279661282897,0,0.9908720338717103,0,0
H00064,0,abstracts,0.0003073153202421963,0,0.9996926846797578,1,0
H00568,0,recipes,0.0794602558016777,0,0.9205397441983223,1,0
H00756,0,reviews,0.0032946341671049595,0,0.996705365832895,1,0
A01099,1,books,0.9691928029060364,1,0.9691928029060364,1,1
H00902,0,wiki,0.30791670083999634,0,0.6920832991600037,1,0
A01316,1,recipes,0.9874508380889893,1,0.9874508380889893,1,0
H00986,0,wiki,0.010135069489479065,0,0.9898649305105209,1,0
A01104,1,books,0.03493793308734894,0,0.9650620669126511,0,1
A01037,1,poetry,0.8985795974731445,1,0.8985795974731445,1,0
H00755,0,reviews,0.0024265155661851168,0,0.9975734844338149,1,0
A01009,1,abstracts,0.7261019945144653,1,0.7261019945144653,1,0
H00183,0,books,0.02368643879890442,0,0.9763135612010956,1,0
A01365,1,books,0.9853898286819458,1,0.9853898286819458,1,0
A01021,1,books,0.9981309771537781,1,0.9981309771537781,1,0
H00033,0,abstracts,0.00040303892455995083,0,0.99959696107544,1,0
A01180,1,abstracts,0.9859071969985962,1,0.9859071969985962,1,0
A01253,1,wiki,0.9983568787574768,1,0.9983568787574768,1,0
A01390,1,poetry,0.02300204709172249,0,0.9769979529082775,0,0
A01065,1,reddit,0.9953479170799255,1,0.9953479170799255,1,0
H00074,0,abstracts,0.000592463999055326,0,0.9994075360009447,1,0
H00187,0,books,0.9362331628799438,1,0.9362331628799438,0,0
H00645,0,reddit,0.0002928245812654495,0,0.9997071754187346,1,0
A01830,1,poetry,0.9861236810684204,1,0.9861236810684204,1,0
H00522,0,recipes,0.9809780120849609,1,0.9809780120849609,0,0
A01714,1,abstracts,0.9625018835067749,1,0.9625018835067749,1,0
H00556,0,recipes,0.01770309917628765,0,0.9822969008237123,1,0
H00206,0,books,0.00883706659078598,0,0.991162933409214,1,0
A01424,1,reviews,0.9847853183746338,1,0.9847853183746338,1,0
H00766,0,reviews,0.005900274962186813,0,0.9940997250378132,1,1
H00814,0,reviews,0.003615638939663768,0,0.9963843610603362,1,1
A01597,1,reviews,0.9991350769996643,1,0.9991350769996643,1,0
H00013,0,abstracts,0.00044187484309077263,0,0.9995581251569092,1,0
H00407,0,poetry,0.0012812591157853603,0,0.9987187408842146,1,0
H00652,0,reddit,0.030970921739935875,0,0.9690290782600641,1,0
H00090,0,abstracts,0.0004883116926066577,0,0.9995116883073933,1,0
A01472,1,news,0.9968215227127075,1,0.9968215227127075,1,0
H00211,0,books,0.9473670125007629,1,0.9473670125007629,0,0
H00666,0,reddit,0.1277230978012085,0,0.8722769021987915,1,0
A01107,1,books,0.9826384782791138,1,0.9826384782791138,1,0
H00228,0,books,0.007958812639117241,0,0.9920411873608828,1,1
H00971,0,wiki,0.0071970513090491295,0,0.9928029486909509,1,0
H00504,0,recipes,0.05113851651549339,0,0.9488614834845066,1,0
H00668,0,reddit,0.00045963554293848574,0,0.9995403644570615,1,0
A01802,1,abstracts,0.013381130062043667,0,0.9866188699379563,0,0
A01142,1,recipes,0.017183439806103706,0,0.9828165601938963,0,0
H00864,0,reviews,0.008033179678022861,0,0.9919668203219771,1,1
H00928,0,wiki,0.0017480660462751985,0,0.9982519339537248,1,0
H00449,0,poetry,0.017212260514497757,0,0.9827877394855022,1,0
A01782,1,wiki,0.9960935711860657,1,0.9960935711860657,1,0
A01809,1,books,0.9958816766738892,1,0.9958816766738892,1,0
H00926,0,wiki,0.12996868789196014,0,0.8700313121080399,1,0
H00680,0,reddit,0.0029312199912965298,0,0.9970687800087035,1,0
H00009,0,abstracts,0.0003320539544802159,0,0.9996679460455198,1,0
A01480,1,poetry,0.7513099312782288,1,0.7513099312782288,1,0
H00076,0,abstracts,0.00028868624940514565,0,0.9997113137505949,1,0
A01088,1,abstracts,0.0031944066286087036,0,0.9968055933713913,0,0
A01813,1,books,0.9377216100692749,1,0.9377216100692749,1,0
H00445,0,poetry,0.01301888469606638,0,0.9869811153039336,1,1
H00391,0,poetry,0.003928536549210548,0,0.9960714634507895,1,0
H00318,0,news,0.000668313994538039,0,0.999331686005462,1,0
A01702,1,wiki,0.997574508190155,1,0.997574508190155,1,0
H00299,0,news,0.030090099200606346,0,0.9699099007993937,1,1
H00094,0,abstracts,0.00036291166907176375,0,0.9996370883309282,1,0
A01157,1,reviews,0.9844402074813843,1,0.9844402074813843,1,0
A01340,1,reviews,0.0005810330039821565,0,0.9994189669960178,0,0
H00120,0,abstracts,0.006165011320263147,0,0.9938349886797369,1,0
H00046,0,abstracts,0.004406034480780363,0,0.9955939655192196,1,0
H00429,0,poetry,0.01544708851724863,0,0.9845529114827514,1,0
H00474,0,poetry,0.0034833510871976614,0,0.9965166489128023,1,0
A01651,1,poetry,0.26966172456741333,0,0.7303382754325867,0,0
H00816,0,reviews,0.014767955057322979,0,0.985232044942677,1,0
A01938,1,reddit,0.9280108213424683,1,0.9280108213424683,1,0
A01545,1,books,0.16284702718257904,0,0.837152972817421,0,0
H00297,0,news,0.13640861213207245,0,0.8635913878679276,1,0
A01222,1,recipes,0.8730629682540894,1,0.8730629682540894,1,0
A01041,1,poetry,0.12400302290916443,0,0.8759969770908356,0,0
H00100,0,abstracts,0.0007468675612471998,0,0.9992531324387528,1,0
A01264,1,abstracts,0.00030060778954066336,0,0.9996993922104593,0,0
H00615,0,recipes,0.035754308104515076,0,0.9642456918954849,1,0
A01244,1,reviews,0.9987360835075378,1,0.9987360835075378,1,0
H00589,0,recipes,0.005506322719156742,0,0.9944936772808433,1,0
H00798,0,reviews,0.004375035874545574,0,0.9956249641254544,1,0
A01027,1,news,0.9988351464271545,1,0.9988351464271545,1,0
A01076,1,reviews,0.9984582662582397,1,0.9984582662582397,1,0
H00200,0,books,0.3161377012729645,0,0.6838622987270355,1,0
H00238,0,books,0.022304333746433258,0,0.9776956662535667,1,1
H00294,0,news,0.31902173161506653,0,0.6809782683849335,1,0
H00484,0,poetry,0.0064397286623716354,0,0.9935602713376284,1,0
H00779,0,reviews,0.0002541256253607571,0,0.9997458743746392,1,0
H00044,0,abstracts,0.005266244988888502,0,0.9947337550111115,1,0
A01218,1,poetry,0.9951303005218506,1,0.9951303005218506,1,0
A01380,1,news,0.9841452240943909,1,0.9841452240943909,1,0
A01359,1,abstracts,0.7176539301872253,1,0.7176539301872253,1,0
A01188,1,books,0.9992251396179199,1,0.9992251396179199,1,0
H00516,0,recipes,0.286824494600296,0,0.713175505399704,1,0
H00084,0,abstracts,0.0003756111254915595,0,0.9996243888745084,1,0
H00441,0,poetry,0.032650697976350784,0,0.9673493020236492,1,0
H00988,0,wiki,0.005215927492827177,0,0.9947840725071728,1,0
H00314,0,news,0.0031340341083705425,0,0.9968659658916295,1,1
H00011,0,abstracts,0.00033437131787650287,0,0.9996656286821235,1,0
H00725,0,reddit,0.051705099642276764,0,0.9482949003577232,1,0
A01147,1,reddit,0.11709146201610565,0,0.8829085379838943,0,0
H00996,0,wiki,0.015226398594677448,0,0.9847736014053226,1,0
A01657,1,poetry,0.022241288796067238,0,0.9777587112039328,0,0
H00060,0,abstracts,0.0006285994895733893,0,0.9993714005104266,1,0
H00310,0,news,0.08612401783466339,0,0.9138759821653366,1,1
A01297,1,poetry,0.0032586699817329645,0,0.996741330018267,0,0
H00143,0,books,0.9878904819488525,1,0.9878904819488525,0,1
H00246,0,books,0.9732195138931274,1,0.9732195138931274,0,0
A01105,1,books,0.7250102758407593,1,0.7250102758407593,1,1
H00203,0,books,0.005400892347097397,0,0.9945991076529026,1,0
H00610,0,recipes,0.8937255144119263,1,0.8937255144119263,0,0
H00377,0,poetry,0.02339426428079605,0,0.976605735719204,1,0
H00223,0,books,0.0031030243262648582,0,0.9968969756737351,1,1
A01946,1,reviews,0.9765692949295044,1,0.9765692949295044,1,0
A01350,1,wiki,0.9956812858581543,1,0.9956812858581543,1,0
H00107,0,abstracts,0.055331259965896606,0,0.9446687400341034,1,0
A01321,1,reddit,0.003161034779623151,0,0.9968389652203768,0,0
A01855,1,reddit,0.0003129680117126554,0,0.9996870319882873,0,0
A01511,1,reviews,0.8715774416923523,1,0.8715774416923523,1,0
A01550,1,news,0.9992287158966064,1,0.9992287158966064,1,0
A01801,1,abstracts,0.0007295610848814249,0,0.9992704389151186,0,0
A01343,1,wiki,0.9983246922492981,1,0.9983246922492981,1,0
H00414,0,poetry,0.0003838517877738923,0,0.9996161482122261,1,0
H00165,0,books,0.9825173020362854,1,0.9825173020362854,0,0
H00710,0,reddit,0.0005415747291408479,0,0.9994584252708592,1,0
H00133,0,books,0.008919874206185341,0,0.9910801257938147,1,1
H00533,0,recipes,0.2543487548828125,0,0.7456512451171875,1,0
A01236,1,reddit,0.0003612338041421026,0,0.9996387661958579,0,0
A01700,1,wiki,0.0002719455515034497,0,0.9997280544484966,0,0
A01171,1,wiki,0.10798335075378418,0,0.8920166492462158,0,0
A01368,1,books,0.9992196559906006,1,0.9992196559906006,1,0
A01762,1,reddit,0.9881090521812439,1,0.9881090521812439,1,0
H00053,0,abstracts,0.003308555344119668,0,0.9966914446558803,1,0
H00906,0,wiki,0.9272768497467041,1,0.9272768497467041,0,0
A01122,1,poetry,0.05124092474579811,0,0.9487590752542019,0,0
A01092,1,abstracts,0.03607361391186714,0,0.9639263860881329,0,0
A01506,1,reviews,0.9992306232452393,1,0.9992306232452393,1,0
A01784,1,wiki,0.0012267178390175104,0,0.9987732821609825,0,0
A01710,1,abstracts,0.03775005042552948,0,0.9622499495744705,0,0
A01788,1,wiki,0.07673240453004837,0,0.9232675954699516,0,0
A01866,1,reviews,0.00026162349968217313,0,0.9997383765003178,0,0
H00472,0,poetry,0.0004970123409293592,0,0.9995029876590706,1,1
H00171,0,books,0.04950454458594322,0,0.9504954554140568,1,0
H00296,0,news,0.010533732362091541,0,0.9894662676379085,1,0
A01378,1,news,0.978594183921814,1,0.978594183921814,1,0
H00070,0,abstracts,0.00030678341863676906,0,0.9996932165813632,1,0
H00784,0,reviews,0.0002562403678894043,0,0.9997437596321106,1,0
H00175,0,books,0.002727134618908167,0,0.9972728653810918,1,1
H00595,0,recipes,0.9991694688796997,1,0.9991694688796997,0,0
A01927,1,recipes,0.00026507177972234786,0,0.9997349282202777,0,0
H00511,0,recipes,0.059164900332689285,0,0.9408350996673107,1,0
H00751,0,reviews,0.19867971539497375,0,0.8013202846050262,1,0
H00490,0,poetry,0.0005426836432889104,0,0.9994573163567111,1,0
A01305,1,poetry,0.0029184268787503242,0,0.9970815731212497,0,0
A01462,1,news,0.9962497353553772,1,0.9962497353553772,1,0
H00058,0,abstracts,0.02151837944984436,0,0.9784816205501556,1,0
A01687,1,reviews,0.008231451734900475,0,0.9917685482650995,0,0
A01605,1,wiki,0.9905915856361389,1,0.9905915856361389,1,0
A01869,1,wiki,0.3317634165287018,0,0.6682365834712982,0,0
H00198,0,books,0.2504456043243408,0,0.7495543956756592,1,0
H00229,0,books,0.011285551823675632,0,0.9887144481763244,1,1
H00139,0,books,0.2950443625450134,0,0.7049556374549866,1,0
H00077,0,abstracts,0.00033291513682343066,0,0.9996670848631766,1,0
H00254,0,news,0.2664514482021332,0,0.7335485517978668,1,0
A01214,1,poetry,0.1643693894147873,0,0.8356306105852127,0,0
A01403,1,recipes,0.9501325488090515,1,0.9501325488090515,1,0
A01468,1,news,0.9868391156196594,1,0.9868391156196594,1,0
H00388,0,poetry,0.002188773127272725,0,0.9978112268727273,1,0
H00624,0,recipes,0.9951769113540649,1,0.9951769113540649,0,0
A01930,1,recipes,0.9346840381622314,1,0.9346840381622314,1,0
H00950,0,wiki,0.9877021908760071,1,0.9877021908760071,0,0
H00696,0,reddit,0.0003600836789701134,0,0.9996399163210299,1,1
H00278,0,news,0.27986860275268555,0,0.7201313972473145,1,0
A01754,1,recipes,0.002801140071824193,0,0.9971988599281758,0,0
A01254,1,wiki,0.9992424249649048,1,0.9992424249649048,1,0
A01751,1,recipes,0.9756278395652771,1,0.9756278395652771,1,0
H00300,0,news,0.3199314475059509,0,0.6800685524940491,1,0
A01382,1,news,0.1631060093641281,0,0.8368939906358719,0,0
H00202,0,books,0.000590323528740555,0,0.9994096764712594,1,1
A01474,1,poetry,0.012221227400004864,0,0.9877787725999951,0,0
H00035,0,abstracts,0.0009536888683214784,0,0.9990463111316785,1,0
A01406,1,recipes,0.9780208468437195,1,0.9780208468437195,1,0
A01151,1,reddit,0.005375534761697054,0,0.994624465238303,0,0
A01616,1,abstracts,0.020280465483665466,0,0.9797195345163345,0,0
A01044,1,recipes,0.9735312461853027,1,0.9735312461853027,1,0
A01722,1,books,0.9992382526397705,1,0.9992382526397705,1,0
H00796,0,reviews,0.0009351715561933815,0,0.9990648284438066,1,1
H00690,0,reddit,0.00028498872416093946,0,0.9997150112758391,1,0
H00127,0,books,0.9931816458702087,1,0.9931816458702087,0,0
H00267,0,news,0.0025939634069800377,0,0.99740603659302,1,0
H00980,0,wiki,0.9635583758354187,1,0.9635583758354187,0,0
A01731,1,news,0.9966661334037781,1,0.9966661334037781,1,0
A01696,1,wiki,0.0003351548803038895,0,0.9996648451196961,0,0
A01308,1,recipes,0.8795701861381531,1,0.8795701861381531,1,0
A01956,1,reviews,0.9992375373840332,1,0.9992375373840332,1,0
A01155,1,reviews,0.2818754315376282,0,0.7181245684623718,0,1
H00791,0,reviews,0.0010527049889788032,0,0.9989472950110212,1,1
H00291,0,news,0.050656888633966446,0,0.9493431113660336,1,0
A01610,1,wiki,0.9963487386703491,1,0.9963487386703491,1,0
H00896,0,wiki,0.3529869318008423,0,0.6470130681991577,1,0
H00260,0,news,0.022237667813897133,0,0.9777623321861029,1,0
A01837,1,recipes,0.0012648446718230844,0,0.9987351553281769,0,0
A01234,1,reddit,0.9992332458496094,1,0.9992332458496094,1,0
H00963,0,wiki,0.9623684883117676,1,0.9623684883117676,0,0
H00564,0,recipes,0.9975780844688416,1,0.9975780844688416,0,0
A01186,1,abstracts,0.03698073327541351,0,0.9630192667245865,0,0
H00946,0,wiki,0.0004294192185625434,0,0.9995705807814375,1,0
H00824,0,reviews,0.0009647958213463426,0,0.9990352041786537,1,1
A01580,1,recipes,0.996830403804779,1,0.996830403804779,1,0
H00132,0,books,0.973538339138031,1,0.973538339138031,0,0
A01683,1,reviews,0.008410528302192688,0,0.9915894716978073,0,0
A01500,1,reddit,0.9877289533615112,1,0.9877289533615112,1,0
H00438,0,poetry,0.00036907679168507457,0,0.9996309232083149,1,0
H00664,0,reddit,0.0003560755285434425,0,0.9996439244714566,1,0
H00952,0,wiki,0.012420111335814,0,0.987579888664186,1,0
H00117,0,abstracts,0.0003673140599858016,0,0.9996326859400142,1,0
A01080,1,wiki,0.9925346374511719,1,0.9925346374511719,1,1
H00354,0,news,0.15823577344417572,0,0.8417642265558243,1,1
H00225,0,books,0.005449814721941948,0,0.994550185278058,1,1
H00831,0,reviews,0.023068059235811234,0,0.9769319407641888,1,0
A01673,1,reddit,0.002448249841108918,0,0.9975517501588911,0,0
H00813,0,reviews,0.002682669321075082,0,0.9973173306789249,1,1
H00857,0,reviews,0.030808011069893837,0,0.9691919889301062,1,0
A01108,1,books,0.999241828918457,1,0.999241828918457,1,0
A01692,1,reviews,0.014024144038558006,0,0.985975855961442,0,0
H00507,0,recipes,0.2274378091096878,0,0.7725621908903122,1,0
H00873,0,reviews,0.0002904287539422512,0,0.9997095712460577,1,0
A01699,1,wiki,0.0014714313438162208,0,0.9985285686561838,0,0
H00405,0,poetry,0.0005444607231765985,0,0.9994555392768234,1,0
A01489,1,recipes,0.984406590461731,1,0.984406590461731,1,0
H00116,0,abstracts,0.000342499086400494,0,0.9996575009135995,1,0
H00205,0,books,0.9249740242958069,1,0.9249740242958069,0,0
A01750,1,recipes,0.964611828327179,1,0.964611828327179,1,0
A01032,1,news,0.09443259239196777,0,0.9055674076080322,0,0
H00366,0,news,0.008190426975488663,0,0.9918095730245113,1,0
A01498,1,reddit,0.02585865557193756,0,0.9741413444280624,0,0
H00611,0,recipes,0.02837291732430458,0,0.9716270826756954,1,0
A01736,1,news,0.9992271661758423,1,0.9992271661758423,1,0
H00434,0,poetry,0.0005375540349632502,0,0.9994624459650367,1,0
A01914,1,poetry,0.9077434539794922,1,0.9077434539794922,1,0
A01286,1,news,0.00027117194258607924,0,0.9997288280574139,0,0
H00759,0,reviews,0.006317154038697481,0,0.9936828459613025,1,0
H00771,0,reviews,0.15492352843284607,0,0.8450764715671539,1,0
H00166,0,books,0.00030171978869475424,0,0.9996982802113052,1,1
A01924,1,recipes,0.00025865319184958935,0,0.9997413468081504,0,0
H00410,0,poetry,0.12605498731136322,0,0.8739450126886368,1,0
A01822,1,news,0.020263556391000748,0,0.9797364436089993,0,0
H00293,0,news,0.02667703479528427,0,0.9733229652047157,1,0
A01353,1,abstracts,0.006055228877812624,0,0.9939447711221874,0,0
A01005,1,abstracts,0.9878953695297241,1,0.9878953695297241,1,0
H00071,0,abstracts,0.001877903239801526,0,0.9981220967601985,1,0
H00365,0,news,0.28418102860450745,0,0.7158189713954926,1,1
A01059,1,reddit,0.0006100893951952457,0,0.9993899106048048,0,0
A01309,1,recipes,0.23464395105838776,0,0.7653560489416122,0,0
A01990,1,reviews,0.00037641747621819377,0,0.9996235825237818,0,0
A01007,1,abstracts,0.032948702573776245,0,0.9670512974262238,0,0
H00849,0,reviews,0.00046800030395388603,0,0.9995319996960461,1,1
H00712,0,reddit,0.0005748278344981372,0,0.9994251721655019,1,0
H00541,0,recipes,0.9587289690971375,1,0.9587289690971375,0,0
A01933,1,recipes,0.0002712202549446374,0,0.9997287797450554,0,0
H00042,0,abstracts,0.0003871876106131822,0,0.9996128123893868,1,0
A01408,1,reddit,0.008615795522928238,0,0.9913842044770718,0,0
A01785,1,wiki,0.08901513367891312,0,0.9109848663210869,0,0
H00043,0,abstracts,0.0002994555688928813,0,0.9997005444311071,1,0
A01521,1,wiki,0.016920115798711777,0,0.9830798842012882,0,0
H00551,0,recipes,0.9980487823486328,1,0.9980487823486328,0,0
H00992,0,wiki,0.00039731067954562604,0,0.9996026893204544,1,0
H00179,0,books,0.8165351748466492,1,0.8165351748466492,0,0
H00298,0,news,0.08577196300029755,0,0.9142280369997025,1,0
H00808,0,reviews,0.005558270961046219,0,0.9944417290389538,1,0
H00017,0,abstracts,0.020374318584799767,0,0.9796256814152002,1,0
A01805,1,books,0.0002828613214660436,0,0.999717138678534,0,0
A01397,1,recipes,0.8619755506515503,1,0.8619755506515503,1,0
A01336,1,reviews,0.9991962313652039,1,0.9991962313652039,1,0
A01123,1,poetry,0.00039176346035674214,0,0.9996082365396433,0,0
H00550,0,recipes,0.9965988993644714,1,0.9965988993644714,0,0
H00181,0,books,0.0010946752736344934,0,0.9989053247263655,1,0
A01159,1,reviews,0.2631649971008301,0,0.7368350028991699,0,0
H00350,0,news,0.9702516198158264,1,0.9702516198158264,0,0
H00232,0,books,0.9690882563591003,1,0.9690882563591003,0,0
H00093,0,abstracts,0.0009662841912358999,0,0.9990337158087641,1,0
H00625,0,reddit,0.0009573427960276604,0,0.9990426572039723,1,0
H00601,0,recipes,0.31489595770835876,0,0.6851040422916412,1,0
H00670,0,reddit,0.0006211036234162748,0,0.9993788963765837,1,0
H00878,0,wiki,0.0002636952558532357,0,0.9997363047441468,1,0
A01823,1,news,0.0002569349016994238,0,0.9997430650983006,0,0
H00703,0,reddit,0.00028476162697188556,0,0.9997152383730281,1,0
A01464,1,news,0.9961131811141968,1,0.9961131811141968,1,0
H00631,0,reddit,0.002020518993958831,0,0.9979794810060412,1,0
H00195,0,books,0.9812352061271667,1,0.9812352061271667,0,1
H00764,0,reviews,0.0008425107225775719,0,0.9991574892774224,1,1
H00510,0,recipes,0.03724304586648941,0,0.9627569541335106,1,0
H00621,0,recipes,0.1265360414981842,0,0.8734639585018158,1,0
A01753,1,recipes,0.9970517158508301,1,0.9970517158508301,1,0
H00270,0,news,0.0003021775046363473,0,0.9996978224953637,1,0
H00430,0,poetry,0.012336494401097298,0,0.9876635055989027,1,0
A01069,1,reviews,0.9991414546966553,1,0.9991414546966553,1,0
A01592,1,reddit,0.3641931414604187,0,0.6358068585395813,0,0
A01962,1,wiki,0.9984546899795532,1,0.9984546899795532,1,0
H00333,0,news,0.00896426010876894,0,0.9910357398912311,1,1
H00361,0,news,0.9761191606521606,1,0.9761191606521606,0,0
H00261,0,news,0.3768730163574219,0,0.6231269836425781,1,1
H00337,0,news,0.015641022473573685,0,0.9843589775264263,1,1
H00790,0,reviews,0.0007342768367379904,0,0.999265723163262,1,0
A01674,1,reddit,0.010500787757337093,0,0.9894992122426629,0,0
H00321,0,news,0.0014129262417554855,0,0.9985870737582445,1,0
H00744,0,reddit,0.00038602351560257375,0,0.9996139764843974,1,0
H00650,0,reddit,0.0002815134357661009,0,0.9997184865642339,1,0
H00794,0,reviews,0.0004998358199372888,0,0.9995001641800627,1,0
H00855,0,reviews,0.9648928046226501,1,0.9648928046226501,0,0
H00420,0,poetry,0.024666478857398033,0,0.975333521142602,1,0
H00475,0,poetry,0.3037213087081909,0,0.6962786912918091,1,0
H00416,0,poetry,0.00025001150788739324,0,0.9997499884921126,1,1
A01522,1,wiki,0.9357567429542542,1,0.9357567429542542,1,1
H00576,0,recipes,0.07077229022979736,0,0.9292277097702026,1,0
H00880,0,wiki,0.00030558716389350593,0,0.9996944128361065,1,0
H00803,0,reviews,0.0005997482221573591,0,0.9994002517778426,1,0
H00865,0,reviews,0.0002699600299820304,0,0.999730039970018,1,1
A01086,1,wiki,0.9992014765739441,1,0.9992014765739441,1,0
H00513,0,recipes,0.9030656218528748,1,0.9030656218528748,0,0
H00037,0,abstracts,0.007718183565884829,0,0.9922818164341152,1,0
A01643,1,news,0.02974274940788746,0,0.9702572505921125,0,0
H00604,0,recipes,0.32875311374664307,0,0.6712468862533569,1,1
H00258,0,news,0.015503494068980217,0,0.9844965059310198,1,0
H00403,0,poetry,0.0019980017095804214,0,0.9980019982904196,1,0
H00358,0,news,0.004255120176821947,0,0.995744879823178,1,1
H00257,0,news,0.022130917757749557,0,0.9778690822422504,1,0
A01068,1,reviews,0.9975405931472778,1,0.9975405931472778,1,1
A01325,1,reddit,0.2692444920539856,0,0.7307555079460144,0,0
A01101,1,books,0.997510552406311,1,0.997510552406311,1,0
H00956,0,wiki,0.0004247803008183837,0,0.9995752196991816,1,0
A01625,1,abstracts,0.2869957685470581,0,0.7130042314529419,0,0
H00936,0,wiki,0.0005563200102187693,0,0.9994436799897812,1,0
H00526,0,recipes,0.12541800737380981,0,0.8745819926261902,1,0
H00130,0,books,0.014040781185030937,0,0.9859592188149691,1,1
A01473,1,poetry,0.0008301135385408998,0,0.9991698864614591,0,0
A01603,1,reviews,0.9988419413566589,1,0.9988419413566589,1,0
A01639,1,news,0.01675647683441639,0,0.9832435231655836,0,0
A01433,1,wiki,0.9983034133911133,1,0.9983034133911133,1,0
H00495,0,poetry,0.048641033470630646,0,0.9513589665293694,1,0
A01568,1,poetry,0.8588789701461792,1,0.8588789701461792,1,0
A01054,1,recipes,0.9984604120254517,1,0.9984604120254517,1,0
A01585,1,reddit,0.9801315665245056,1,0.9801315665245056,1,0
H00250,0,news,0.9550616145133972,1,0.9550616145133972,0,0
A01698,1,wiki,0.9992326498031616,1,0.9992326498031616,1,0
H00940,0,wiki,0.015119072049856186,0,0.9848809279501438,1,0
A01983,1,books,0.9992367029190063,1,0.9992367029190063,1,0
H00144,0,books,0.02637048065662384,0,0.9736295193433762,1,1
A01226,1,recipes,0.9923294186592102,1,0.9923294186592102,1,0
A01996,1,books,0.9992042183876038,1,0.9992042183876038,1,0
H00657,0,reddit,0.0014418117934837937,0,0.9985581882065162,1,0
H00651,0,reddit,0.03492734208703041,0,0.9650726579129696,1,0
A01695,1,wiki,0.9987394213676453,1,0.9987394213676453,1,0
H00648,0,reddit,0.0025841074530035257,0,0.9974158925469965,1,0
A01666,1,recipes,0.5236310362815857,1,0.5236310362815857,1,0
H00773,0,reviews,0.00038038534694351256,0,0.9996196146530565,1,0
H00572,0,recipes,0.33557838201522827,0,0.6644216179847717,1,1
A01053,1,recipes,0.9857467412948608,1,0.9857467412948608,1,0
H00905,0,wiki,0.00036342337261885405,0,0.9996365766273811,1,0
A01304,1,poetry,0.00046540400944650173,0,0.9995345959905535,0,0
A01859,1,reviews,0.0002797310589812696,0,0.9997202689410187,0,0
H00937,0,wiki,0.006548220291733742,0,0.9934517797082663,1,0
H00479,0,poetry,0.0038074522744864225,0,0.9961925477255136,1,0
A01553,1,news,0.9953215718269348,1,0.9953215718269348,1,0
H00494,0,poetry,0.06798826158046722,0,0.9320117384195328,1,0
H00103,0,abstracts,0.0002917837118729949,0,0.999708216288127,1,0
A01211,1,poetry,0.004571365658193827,0,0.9954286343418062,0,0
H00640,0,reddit,0.018115192651748657,0,0.9818848073482513,1,0
A01868,1,reviews,0.00025487635866738856,0,0.9997451236413326,0,0
A01445,1,abstracts,0.18886829912662506,0,0.8111317008733749,0,0
H00370,0,news,0.011219829320907593,0,0.9887801706790924,1,1
A01381,1,news,0.9335026741027832,1,0.9335026741027832,1,0
A01949,1,reviews,0.9992406368255615,1,0.9992406368255615,1,0
A01341,1,wiki,0.0836542472243309,0,0.9163457527756691,0,0
H00283,0,news,0.0013815993443131447,0,0.9986184006556869,1,1
H00909,0,wiki,0.013069837354123592,0,0.9869301626458764,1,0
H00760,0,reviews,0.0028286681044846773,0,0.9971713318955153,1,1
H00483,0,poetry,0.008010940626263618,0,0.9919890593737364,1,0
A01085,1,wiki,0.3765464723110199,0,0.6234535276889801,0,1
H00870,0,reviews,0.00025158972130157053,0,0.9997484102786984,1,1
A01202,1,news,0.003516826778650284,0,0.9964831732213497,0,1
H00532,0,recipes,0.029737934470176697,0,0.9702620655298233,1,0
H00636,0,reddit,0.00027783671976067126,0,0.9997221632802393,1,0
A01955,1,reviews,0.9885657429695129,1,0.9885657429695129,1,0
H00275,0,news,0.1072375476360321,0,0.8927624523639679,1,0
A01394,1,poetry,0.08406369388103485,0,0.9159363061189651,0,0
H00467,0,poetry,0.005978859029710293,0,0.9940211409702897,1,0
A01161,1,reviews,0.005080022383481264,0,0.9949199776165187,0,0
A01215,1,poetry,0.16166706383228302,0,0.838332936167717,0,0
A01187,1,books,0.9991961121559143,1,0.9991961121559143,1,0
H00965,0,wiki,0.00042228057282045484,0,0.9995777194271795,1,1
H00030,0,abstracts,0.0005212451214902103,0,0.9994787548785098,1,0
A01066,1,reviews,0.9982024431228638,1,0.9982024431228638,1,1
H00493,0,poetry,0.004573633894324303,0,0.9954263661056757,1,0
H00343,0,news,0.10399170219898224,0,0.8960082978010178,1,0
H00774,0,reviews,0.06872689723968506,0,0.9312731027603149,1,0
A01481,1,poetry,0.2977268695831299,0,0.7022731304168701,0,0
A01669,1,recipes,0.04000997170805931,0,0.9599900282919407,0,0
H00159,0,books,0.0012832236243411899,0,0.9987167763756588,1,1
A01389,1,poetry,0.9392004609107971,1,0.9392004609107971,1,0
A01031,1,news,0.9981449842453003,1,0.9981449842453003,1,0
H00964,0,wiki,0.0003540518519002944,0,0.9996459481480997,1,0
A01649,1,poetry,0.0014416399644687772,0,0.9985583600355312,0,0
H00398,0,poetry,0.021684803068637848,0,0.9783151969313622,1,0
H00559,0,recipes,0.0014716204022988677,0,0.9985283795977011,1,0
H00464,0,poetry,0.0017405046382918954,0,0.9982594953617081,1,0
H00164,0,books,0.003519548336043954,0,0.996480451663956,1,1
H00105,0,abstracts,0.0002582003071438521,0,0.9997417996928561,1,0
A01944,1,reddit,0.9276660084724426,1,0.9276660084724426,1,0
H00747,0,reddit,0.0002459022798575461,0,0.9997540977201425,1,0
H00109,0,abstracts,0.015199857763946056,0,0.9848001422360539,1,0
H00521,0,recipes,0.05727726221084595,0,0.942722737789154,1,0
A01335,1,reviews,0.9991890788078308,1,0.9991890788078308,1,0
H00104,0,abstracts,0.003053965512663126,0,0.9969460344873369,1,0
H00552,0,recipes,0.9612486362457275,1,0.9612486362457275,0,0
A01645,1,news,0.013117597438395023,0,0.986882402561605,0,0
A01713,1,abstracts,0.2778756618499756,0,0.7221243381500244,0,0
H00598,0,recipes,0.9937196969985962,1,0.9937196969985962,0,0
A01935,1,reddit,0.999198853969574,1,0.999198853969574,1,0
H00921,0,wiki,0.000763296673540026,0,0.99923670332646,1,0
H00000,0,abstracts,0.0003705474373418838,0,0.9996294525626581,1,0
H00038,0,abstracts,0.0003299381351098418,0,0.9996700618648902,1,0
H00654,0,reddit,0.0024618767201900482,0,0.99753812327981,1,0
H00004,0,abstracts,0.00046099795144982636,0,0.9995390020485502,1,0
A01354,1,abstracts,0.9971784353256226,1,0.9971784353256226,1,0
H00288,0,news,0.0005130523932166398,0,0.9994869476067834,1,1
A01144,1,reddit,0.9983660578727722,1,0.9983660578727722,1,0
H00792,0,reviews,0.0004997781361453235,0,0.9995002218638547,1,1
H00138,0,books,0.0012385932495817542,0,0.9987614067504182,1,1
A01184,1,abstracts,0.9983623623847961,1,0.9983623623847961,1,0
A01972,1,recipes,0.00039976989501155913,0,0.9996002301049884,0,0
A01268,1,abstracts,0.04471440613269806,0,0.9552855938673019,0,0
H00588,0,recipes,0.9262959361076355,1,0.9262959361076355,0,0
A01890,1,abstracts,0.023828817531466484,0,0.9761711824685335,0,0
H00269,0,news,0.07577583938837051,0,0.9242241606116295,1,1
A01717,1,books,0.9970871806144714,1,0.9970871806144714,1,0
A01036,1,poetry,0.9339478015899658,1,0.9339478015899658,1,0
H00793,0,reviews,0.00032604762236587703,0,0.9996739523776341,1,1
A01314,1,recipes,0.17646285891532898,0,0.823537141084671,0,0
H00465,0,poetry,0.0054735662415623665,0,0.9945264337584376,1,0
H00863,0,reviews,0.002470215782523155,0,0.9975297842174768,1,0
A01668,1,recipes,0.06446289271116257,0,0.9355371072888374,0,0
H00908,0,wiki,0.0010226152371615171,0,0.9989773847628385,1,0
A01963,1,wiki,0.0002505668089725077,0,0.9997494331910275,0,0
A01312,1,recipes,0.9866080284118652,1,0.9866080284118652,1,0
A01100,1,books,0.9278764128684998,1,0.9278764128684998,1,0
A01650,1,poetry,0.0009356398950330913,0,0.9990643601049669,0,0
A01430,1,wiki,0.9984500408172607,1,0.9984500408172607,1,0
A01743,1,poetry,0.9910785555839539,1,0.9910785555839539,1,0
A01042,1,poetry,0.02591039054095745,0,0.9740896094590425,0,0
A01346,1,wiki,0.21596844494342804,0,0.784031555056572,0,0
H00131,0,books,0.9435245394706726,1,0.9435245394706726,0,0
H00732,0,reddit,0.0004453049914445728,0,0.9995546950085554,1,0
H00812,0,reviews,0.00047699897550046444,0,0.9995230010244995,1,1
A01470,1,news,0.297743558883667,0,0.702256441116333,0,0
A01146,1,reddit,0.0004304025787860155,0,0.999569597421214,0,1
H00373,0,news,0.1470499336719513,0,0.8529500663280487,1,0
H00903,0,wiki,0.00048406978021375835,0,0.9995159302197862,1,0
H00409,0,poetry,0.009586580097675323,0,0.9904134199023247,1,0
A01932,1,recipes,0.00024942198069766164,0,0.9997505780193023,0,1
A01582,1,recipes,0.9971941709518433,1,0.9971941709518433,1,0
A01148,1,reddit,0.00030652526766061783,0,0.9996934747323394,0,0
H00364,0,news,0.029422618448734283,0,0.9705773815512657,1,0
A01197,1,books,0.9989975094795227,1,0.9989975094795227,1,0
A01708,1,abstracts,0.9097273945808411,1,0.9097273945808411,1,0
H00939,0,wiki,0.0009000328136608005,0,0.9990999671863392,1,0
A01503,1,reddit,0.0008119595586322248,0,0.9991880404413678,0,0
A01045,1,recipes,0.9728965759277344,1,0.9728965759277344,1,0
A01140,1,recipes,0.9986091256141663,1,0.9986091256141663,1,0
A01654,1,poetry,0.09208216518163681,0,0.9079178348183632,0,0
H00078,0,abstracts,0.00036973494570702314,0,0.999630265054293,1,0
A01646,1,news,0.00029375095618888736,0,0.9997062490438111,0,0
A01192,1,books,0.9972246885299683,1,0.9972246885299683,1,0
A01917,1,poetry,0.945320725440979,1,0.945320725440979,1,0
H00994,0,wiki,0.0008319323533214629,0,0.9991680676466785,1,0
H00659,0,reddit,0.010322436690330505,0,0.9896775633096695,1,0
H00879,0,wiki,0.1617525964975357,0,0.8382474035024643,1,0
A01194,1,books,0.9992313385009766,1,0.9992313385009766,1,0
H00653,0,reddit,0.001030768733471632,0,0.9989692312665284,1,0
H00031,0,abstracts,0.0010354517726227641,0,0.9989645482273772,1,0
H00015,0,abstracts,0.0005776500911451876,0,0.9994223499088548,1,0
H00837,0,reviews,0.0021074283868074417,0,0.9978925716131926,1,0
A01677,1,reddit,0.0002460127288941294,0,0.9997539872711059,0,0
H00194,0,books,0.0007590833702124655,0,0.9992409166297875,1,1
H00303,0,news,0.1337127983570099,0,0.8662872016429901,1,1
A01530,1,abstracts,0.2017054408788681,0,0.7982945591211319,0,0
A01894,1,books,0.9992337226867676,1,0.9992337226867676,1,0
A01285,1,books,0.9951069355010986,1,0.9951069355010986,1,0
H00833,0,reviews,0.0016329506179317832,0,0.9983670493820682,1,1
H00561,0,recipes,0.9853870868682861,1,0.9853870868682861,0,0
H00161,0,books,0.9924345016479492,1,0.9924345016479492,0,0
A01876,1,wiki,0.00026243767933920026,0,0.9997375623206608,0,0
H00185,0,books,0.0003677246568258852,0,0.9996322753431741,1,0
A01329,1,reddit,0.019494134932756424,0,0.9805058650672436,0,0
A01942,1,reddit,0.9882118105888367,1,0.9882118105888367,1,0
A01195,1,books,0.9990211725234985,1,0.9990211725234985,1,0
H00835,0,reviews,0.0005925300647504628,0,0.9994074699352495,1,1
H00369,0,news,0.005726411938667297,0,0.9942735880613327,1,0
H00092,0,abstracts,0.000394055008655414,0,0.9996059449913446,1,0
H00022,0,abstracts,0.0003461400337982923,0,0.9996538599662017,1,0
H00408,0,poetry,0.02931392751634121,0,0.9706860724836588,1,0
H00613,0,recipes,0.30548450350761414,0,0.6945154964923859,1,0
A01306,1,poetry,0.16473007202148438,0,0.8352699279785156,0,0
A01989,1,reddit,0.7320277094841003,1,0.7320277094841003,1,0
A01775,1,reviews,0.9992239475250244,1,0.9992239475250244,1,0
H00247,0,books,0.9774155020713806,1,0.9774155020713806,0,0
H00266,0,news,0.013985519297420979,0,0.986014480702579,1,0
A01783,1,wiki,0.012890737503767014,0,0.987109262496233,0,0
A01115,1,news,0.2992703318595886,0,0.7007296681404114,0,0
A01640,1,news,0.13275885581970215,0,0.8672411441802979,0,0
H00062,0,abstracts,0.00044310817611403763,0,0.999556891823886,1,0
H00821,0,reviews,0.019078703597187996,0,0.980921296402812,1,1
A01658,1,poetry,0.00027364102425053716,0,0.9997263589757495,0,0
A01659,1,poetry,0.13842293620109558,0,0.8615770637989044,0,0
H00184,0,books,0.9695843458175659,1,0.9695843458175659,0,0
A01635,1,books,0.002050757175311446,0,0.9979492428246886,0,0
H00027,0,abstracts,0.0009284932166337967,0,0.9990715067833662,1,0
A01988,1,poetry,0.06419196724891663,0,0.9358080327510834,0,0
H00395,0,poetry,0.00038581082480959594,0,0.9996141891751904,1,0
H00351,0,news,0.9771011471748352,1,0.9771011471748352,0,0
A01018,1,books,0.9965529441833496,1,0.9965529441833496,1,0
A01364,1,books,0.9986722469329834,1,0.9986722469329834,1,0
A01835,1,poetry,0.11962869763374329,0,0.8803713023662567,0,0
H00681,0,reddit,0.0003975656582042575,0,0.9996024343417957,1,0
A01712,1,abstracts,0.9932696223258972,1,0.9932696223258972,1,0
H00741,0,reddit,0.0010408685775473714,0,0.9989591314224526,1,0
H00957,0,wiki,0.9761571884155273,1,0.9761571884155273,0,0
A01667,1,recipes,0.0002480812545400113,0,0.99975191874546,0,0
A01373,1,books,0.998725950717926,1,0.998725950717926,1,0
A01451,1,books,0.010312781669199467,0,0.9896872183308005,0,0
H00091,0,abstracts,0.0013309599598869681,0,0.998669040040113,1,0
H00825,0,reviews,0.00034824153408408165,0,0.9996517584659159,1,1
H00124,0,abstracts,0.0003286628925707191,0,0.9996713371074293,1,0
A01889,1,abstracts,0.22942088544368744,0,0.7705791145563126,0,0
H00068,0,abstracts,0.0003354818909429014,0,0.9996645181090571,1,0
H00822,0,reviews,0.005272598471492529,0,0.9947274015285075,1,0
H00678,0,reddit,0.0003640362701844424,0,0.9996359637298156,1,0
H00571,0,recipes,0.01487454492598772,0,0.9851254550740123,1,1
A01109,1,books,0.019844867289066315,0,0.9801551327109337,0,0
A01213,1,poetry,0.016586916521191597,0,0.9834130834788084,0,0
A01819,1,news,0.0002732622087933123,0,0.9997267377912067,0,0
H00804,0,reviews,0.000490261591039598,0,0.9995097384089604,1,0
H00151,0,books,0.027905140072107315,0,0.9720948599278927,1,0
H00196,0,books,0.0018736396450549364,0,0.9981263603549451,1,1
H00051,0,abstracts,0.0026770182885229588,0,0.997322981711477,1,0
A01300,1,poetry,0.0002868278243113309,0,0.9997131721756887,0,0
A01231,1,reddit,0.02409716323018074,0,0.9759028367698193,0,0
H00642,0,reddit,0.0003347892197780311,0,0.999665210780222,1,0
H00667,0,reddit,0.019215576350688934,0,0.9807844236493111,1,0
A01551,1,news,0.9894012808799744,1,0.9894012808799744,1,0
A01177,1,abstracts,0.0003738496161531657,0,0.9996261503838468,0,0
A01291,1,news,0.0007822213228791952,0,0.9992177786771208,0,0
H00911,0,wiki,0.0005285630468279123,0,0.9994714369531721,1,0
A01903,1,news,0.9986302852630615,1,0.9986302852630615,1,0
A01795,1,abstracts,0.0002568565250840038,0,0.999743143474916,0,1
H00180,0,books,0.002848331118002534,0,0.9971516688819975,1,0
H00426,0,poetry,0.0005704935174435377,0,0.9994295064825565,1,1
H00312,0,news,0.07926619797945023,0,0.9207338020205498,1,0
H00920,0,wiki,0.03268064185976982,0,0.9673193581402302,1,0
H00290,0,news,0.22360680997371674,0,0.7763931900262833,1,1
A01209,1,poetry,0.008719277568161488,0,0.9912807224318385,0,0
H00272,0,news,0.009047660045325756,0,0.9909523399546742,1,1
A01419,1,reviews,0.9960936903953552,1,0.9960936903953552,1,0
A01909,1,news,0.9425507187843323,1,0.9425507187843323,1,0
H00346,0,news,0.0072144316509366035,0,0.9927855683490634,1,0
H00605,0,recipes,0.012755008414387703,0,0.9872449915856123,1,0
H00443,0,poetry,0.008737814612686634,0,0.9912621853873134,1,1
H00252,0,news,0.20963889360427856,0,0.7903611063957214,1,0
A01363,1,books,0.998881995677948,1,0.998881995677948,1,1
H00930,0,wiki,0.012415783479809761,0,0.9875842165201902,1,0
A01097,1,abstracts,0.025857780128717422,0,0.9741422198712826,0,0
H00627,0,reddit,0.009929656982421875,0,0.9900703430175781,1,0
A01024,1,news,0.9897558093070984,1,0.9897558093070984,1,1
A01833,1,poetry,0.0678931400179863,0,0.9321068599820137,0,0
A01725,1,books,0.9992208480834961,1,0.9992208480834961,1,0
A01618,1,abstracts,0.055189844220876694,0,0.9448101557791233,0,0
H00885,0,wiki,0.09205234050750732,0,0.9079476594924927,1,0
A01483,1,poetry,0.7410788536071777,1,0.7410788536071777,1,0
A01984,1,news,0.9952864050865173,1,0.9952864050865173,1,0
H00758,0,reviews,0.005143274553120136,0,0.9948567254468799,1,0
H00932,0,wiki,0.0031698187813162804,0,0.9968301812186837,1,0
A01479,1,poetry,0.5219669342041016,1,0.5219669342041016,1,0
H00284,0,news,0.023833196610212326,0,0.9761668033897877,1,0
H00976,0,wiki,0.00101538619492203,0,0.998984613805078,1,0
H00397,0,poetry,0.0003323570126667619,0,0.9996676429873332,1,1
A01664,1,recipes,0.05375751852989197,0,0.946242481470108,0,0
H00362,0,news,0.35193315148353577,0,0.6480668485164642,1,0
A01632,1,books,0.36013466119766235,0,0.6398653388023376,0,0
A01897,1,books,0.9992331266403198,1,0.9992331266403198,1,0
A01392,1,poetry,0.9751142859458923,1,0.9751142859458923,1,1
H00325,0,news,0.046768296509981155,0,0.9532317034900188,1,0
H00055,0,abstracts,0.0017093201167881489,0,0.9982906798832119,1,0
A01562,1,poetry,0.009150350466370583,0,0.9908496495336294,0,0
H00565,0,recipes,0.9472885727882385,1,0.9472885727882385,0,0
A01569,1,poetry,0.10725855082273483,0,0.8927414491772652,0,0
A01245,1,reviews,0.9190494418144226,1,0.9190494418144226,1,0
A01742,1,poetry,0.01527284923940897,0,0.984727150760591,0,0
A01848,1,reddit,0.02180453948676586,0,0.9781954605132341,0,0
A01326,1,reddit,0.10429114103317261,0,0.8957088589668274,0,0
A01459,1,books,0.9991901516914368,1,0.9991901516914368,1,0
H00573,0,recipes,0.35063350200653076,0,0.6493664979934692,1,0
A01229,1,recipes,0.9904993176460266,1,0.9904993176460266,1,0
A01900,1,books,0.0003081074100919068,0,0.9996918925899081,0,0
A01563,1,poetry,0.01222946122288704,0,0.987770538777113,0,0
H00673,0,reddit,0.00034348430926911533,0,0.9996565156907309,1,0
H00785,0,reviews,0.02783145383000374,0,0.9721685461699963,1,0
A01235,1,reddit,0.0003847811312880367,0,0.999615218868712,0,0
H00846,0,reviews,0.0003483205509837717,0,0.9996516794490162,1,1
H00628,0,reddit,0.9780323505401611,1,0.9780323505401611,0,0
A01166,1,wiki,0.0010183150880038738,0,0.9989816849119961,0,0
A01502,1,reddit,0.0023313509300351143,0,0.9976686490699649,0,0
A01073,1,reviews,0.9984548091888428,1,0.9984548091888428,1,0
A01554,1,news,0.9985925555229187,1,0.9985925555229187,1,0
A01904,1,news,0.11088594049215317,0,0.8891140595078468,0,0
H00173,0,books,0.00031571011641062796,0,0.9996842898835894,1,1
A01426,1,reviews,0.9909858703613281,1,0.9909858703613281,1,0
A01228,1,recipes,0.9467555284500122,1,0.9467555284500122,1,0
A01352,1,abstracts,0.8431044220924377,1,0.8431044220924377,1,0
A01886,1,abstracts,0.22208066284656525,0,0.7779193371534348,0,0
H00304,0,news,0.21934187412261963,0,0.7806581258773804,1,1
A01217,1,poetry,0.9986660480499268,1,0.9986660480499268,1,0
A01384,1,news,0.9911292791366577,1,0.9911292791366577,1,0
H00866,0,reviews,0.0008648059447295964,0,0.9991351940552704,1,0
H00525,0,recipes,0.2452084720134735,0,0.7547915279865265,1,1
H00400,0,poetry,0.06883887946605682,0,0.9311611205339432,1,0
A01020,1,books,0.999229907989502,1,0.999229907989502,1,0
H00393,0,poetry,0.010835806839168072,0,0.9891641931608319,1,0
A01412,1,reddit,0.8908577561378479,1,0.8908577561378479,1,0
H00421,0,poetry,0.7446865439414978,1,0.7446865439414978,0,0
A01767,1,reddit,0.13271206617355347,0,0.8672879338264465,0,0
A01780,1,reviews,0.9992330074310303,1,0.9992330074310303,1,0
A01896,1,books,0.9989393353462219,1,0.9989393353462219,1,0
A01302,1,poetry,0.001305043464526534,0,0.9986949565354735,0,0
A01584,1,reddit,0.04174163565039635,0,0.9582583643496037,0,0
A01318,1,recipes,0.0019157222704961896,0,0.9980842777295038,0,0
H00307,0,news,0.28774750232696533,0,0.7122524976730347,1,1
A01647,1,news,0.9798999428749084,1,0.9798999428749084,1,0
H00834,0,reviews,0.013900456950068474,0,0.9860995430499315,1,0
A01167,1,wiki,0.05405118688941002,0,0.94594881311059,0,0
H00034,0,abstracts,0.010459832847118378,0,0.9895401671528816,1,0
A01137,1,recipes,0.9438623785972595,1,0.9438623785972595,1,0
H00826,0,reviews,0.0004205084696877748,0,0.9995794915303122,1,1
H00340,0,news,0.6694718599319458,1,0.6694718599319458,0,0
H00698,0,reddit,0.00027240405324846506,0,0.9997275959467515,1,0
H00182,0,books,0.28427672386169434,0,0.7157232761383057,1,0
H00251,0,news,0.13410623371601105,0,0.865893766283989,1,0
H00152,0,books,0.025365712121129036,0,0.974634287878871,1,0
H00894,0,wiki,0.007587169762700796,0,0.9924128302372992,1,0
H00099,0,abstracts,0.020728224888443947,0,0.979271775111556,1,0
A01165,1,wiki,0.9784084558486938,1,0.9784084558486938,1,0
A01824,1,news,0.00027872895589098334,0,0.999721271044109,0,0
A01559,1,news,0.9970154762268066,1,0.9970154762268066,1,0
H00836,0,reviews,0.0004384396888781339,0,0.9995615603111219,1,0
A01328,1,reddit,0.07910820841789246,0,0.9208917915821075,0,0
H00733,0,reddit,0.00027739338111132383,0,0.9997226066188887,1,0
A01693,1,wiki,0.9968563318252563,1,0.9968563318252563,1,0
A01039,1,poetry,0.32008838653564453,0,0.6799116134643555,0,0
A01901,1,books,0.9992357492446899,1,0.9992357492446899,1,0
A01435,1,wiki,0.9956499934196472,1,0.9956499934196472,1,0
A01872,1,wiki,0.3356603682041168,0,0.6643396317958832,0,0
H00612,0,recipes,0.33267655968666077,0,0.6673234403133392,1,0
A01210,1,poetry,0.9531237483024597,1,0.9531237483024597,1,0
A01590,1,reddit,0.9864099621772766,1,0.9864099621772766,1,0
A01815,1,news,0.0002672801201697439,0,0.9997327198798303,0,0
A01745,1,poetry,0.8871854543685913,1,0.8871854543685913,1,0
A01660,1,recipes,0.002259002299979329,0,0.9977409977000207,0,0
H00910,0,wiki,0.0003802581049967557,0,0.9996197418950032,1,0
H00348,0,news,0.005122297443449497,0,0.9948777025565505,1,1
H00273,0,news,0.9426600337028503,1,0.9426600337028503,0,0
H00018,0,abstracts,0.0006195639725774527,0,0.9993804360274225,1,0
A01379,1,news,0.7619137763977051,1,0.7619137763977051,1,0
A01276,1,books,0.007931526750326157,0,0.9920684732496738,0,0
H00856,0,reviews,0.04364084452390671,0,0.9563591554760933,1,0
A01878,1,wiki,0.017873547971248627,0,0.9821264520287514,0,0
H00049,0,abstracts,0.00031113033764995635,0,0.99968886966235,1,0
A01764,1,reddit,0.9992467164993286,1,0.9992467164993286,1,0
A01579,1,recipes,0.1419718861579895,0,0.8580281138420105,0,0
H00585,0,recipes,0.9586318731307983,1,0.9586318731307983,0,1
A01091,1,abstracts,0.05528784170746803,0,0.944712158292532,0,0
H00386,0,poetry,0.10084488987922668,0,0.8991551101207733,1,0
H00306,0,news,0.008255126886069775,0,0.9917448731139302,1,0
A01179,1,abstracts,0.9991065859794617,1,0.9991065859794617,1,0
H00113,0,abstracts,0.0004052640579175204,0,0.9995947359420825,1,0
H00817,0,reviews,0.019580600783228874,0,0.9804193992167711,1,0
H00823,0,reviews,0.0016428743256255984,0,0.9983571256743744,1,0
H00213,0,books,0.9969887137413025,1,0.9969887137413025,0,0
H00336,0,news,0.03811799734830856,0,0.9618820026516914,1,0
H00520,0,recipes,0.9564070701599121,1,0.9564070701599121,0,0
A01134,1,recipes,0.9936445951461792,1,0.9936445951461792,1,0
A01752,1,recipes,0.9918105006217957,1,0.9918105006217957,1,0
H00935,0,wiki,0.08003316819667816,0,0.9199668318033218,1,0
A01793,1,abstracts,0.00027552226674742997,0,0.9997244777332526,0,1
A01224,1,recipes,0.991358757019043,1,0.991358757019043,1,0
H00453,0,poetry,0.00712117925286293,0,0.9928788207471371,1,0
A01427,1,reviews,0.9990972280502319,1,0.9990972280502319,1,0
A01747,1,poetry,0.04659182205796242,0,0.9534081779420376,0,0
A01501,1,reddit,0.0004997708019800484,0,0.99950022919802,0,0
A01505,1,reddit,0.0006085382774472237,0,0.9993914617225528,0,0
H00786,0,reviews,0.00035855729947797954,0,0.999641442700522,1,1
H00591,0,recipes,0.9909777641296387,1,0.9909777641296387,0,0
A01854,1,reddit,0.00026613587397150695,0,0.9997338641260285,0,0
H00587,0,recipes,0.9990610480308533,1,0.9990610480308533,0,0
A01621,1,abstracts,0.0006804625736549497,0,0.999319537426345,0,0
H00285,0,news,0.0006193603039719164,0,0.9993806396960281,1,0
A01026,1,news,0.9899910688400269,1,0.9899910688400269,1,0
A01911,1,news,0.9982739686965942,1,0.9982739686965942,1,0
A01071,1,reviews,0.9987095594406128,1,0.9987095594406128,1,0
H00736,0,reddit,0.00031743370345793664,0,0.9996825662965421,1,0
H00332,0,news,0.0035078844521194696,0,0.9964921155478805,1,1
A01362,1,abstracts,0.09006711840629578,0,0.9099328815937042,0,0
H00861,0,reviews,0.0016628116136416793,0,0.9983371883863583,1,1
H00674,0,reddit,0.005063958466053009,0,0.994936041533947,1,0
A01116,1,news,0.016042908653616905,0,0.9839570913463831,0,1
A01219,1,poetry,0.018374789506196976,0,0.981625210493803,0,0
H00662,0,reddit,0.0005416676867753267,0,0.9994583323132247,1,0
H00061,0,abstracts,0.0002672266564331949,0,0.9997327733435668,1,0
A01926,1,recipes,0.9936512112617493,1,0.9936512112617493,1,0
A01258,1,wiki,0.9989595413208008,1,0.9989595413208008,1,0
H00259,0,news,0.02599041722714901,0,0.974009582772851,1,1
H00840,0,reviews,0.036560818552970886,0,0.9634391814470291,1,1
H00118,0,abstracts,0.0003618455957621336,0,0.9996381544042379,1,0
H00023,0,abstracts,0.00035652119549922645,0,0.9996434788045008,1,0
H00990,0,wiki,0.006942016538232565,0,0.9930579834617674,1,0
H00675,0,reddit,0.0002450349275022745,0,0.9997549650724977,1,0
A01922,1,poetry,0.000247893767664209,0,0.9997521062323358,0,0
A01508,1,reviews,0.9971412420272827,1,0.9971412420272827,1,0
H00368,0,news,0.02565058320760727,0,0.9743494167923927,1,0
H00934,0,wiki,0.00029465273837558925,0,0.9997053472616244,1,0
H00907,0,wiki,0.22083643078804016,0,0.7791635692119598,1,0
A01420,1,reviews,0.9992344379425049,1,0.9992344379425049,1,0
H00244,0,books,0.025373609736561775,0,0.9746263902634382,1,1
A01278,1,books,0.31970569491386414,0,0.6802943050861359,0,0
H00447,0,poetry,0.004008890129625797,0,0.9959911098703742,1,0
H00363,0,news,0.2698489725589752,0,0.7301510274410248,1,0
H00003,0,abstracts,0.0004906370304524899,0,0.9995093629695475,1,0
H00720,0,reddit,0.7710593938827515,1,0.7710593938827515,0,0
A01287,1,news,0.002015206729993224,0,0.9979847932700068,0,0
H00811,0,reviews,0.14757390320301056,0,0.8524260967969894,1,0
H00330,0,news,0.9153290390968323,1,0.9153290390968323,0,0
H00459,0,poetry,0.0041440860368311405,0,0.9958559139631689,1,0
A01685,1,reviews,0.991104245185852,1,0.991104245185852,1,0
H00262,0,news,0.2866346836090088,0,0.7133653163909912,1,0
H00379,0,poetry,0.0004964190884493291,0,0.9995035809115507,1,0
A01201,1,news,0.0005617946153506637,0,0.9994382053846493,0,0
