location_id,observed_at,cape,temperature_2m,dewpoint_2m,relative_humidity_2m,pressure_msl,precipitation,event_observed,u_10m,v_10m,u_80m,v_80m
01a0f881-6d6a-42f8-96dc-f91162346a2e,2026-04-20 00:00:00+00:00,0.0,8.3,0.3,57.0,1015.7,0.0,0,-2.399976112122686,1.4996715177799693,-4.577772124940751,4.121844535170564
01a0f881-6d6a-42f8-96dc-f91162346a2e,2026-04-20 01:00:00+00:00,10.0,7.2,-0.3,59.0,1017.6,0.0,0,-2.810077083756577,1.0786875281313542,-7.597415536741053,1.894248442545396
01a0f881-6d6a-42f8-96dc-f91162346a2e,2026-04-20 02:00:00+00:00,0.0,6.4,1.1,69.0,1018.3,0.0,0,-0.48824685111241733,1.5026692957463426,-2.41339298327658,3.0890021541383503
01a0f881-6d6a-42f8-96dc-f91162346a2e,2026-04-20 03:00:00+00:00,0.0,5.3,0.2,70.0,1018.6,0.0,0,-1.8997902189350657,1.5941132720226174,-4.717223787838187,3.181807620748551
01a0f881-6d6a-42f8-96dc-f91162346a2e,2026-04-20 04:00:00+00:00,0.0,4.3,0.5,76.0,1019.6,0.0,0,-0.8936349552907696,1.1035472652688982,-3.4779177832342065,3.131531237759454
01a0f881-6d6a-42f8-96dc-f91162346a2e,2026-04-20 05:00:00+00:00,0.0,3.5,0.0,78.0,1019.9,0.0,0,-0.997927307090972,-0.5084693597082925,-2.295131414311285,0.7016920913345681
01a0f881-6d6a-42f8-96dc-f91162346a2e,2026-04-20 06:00:00+00:00,0.0,3.2,0.2,81.0,1019.3,0.0,0,-1.0994403663195127,-0.4001635676910322,-2.000664552237296,-0.8907532483360022
01a0f881-6d6a-42f8-96dc-f91162346a2e,2026-04-20 07:00:00+00:00,0.0,2.5,-0.3,82.0,1019.5,0.0,0,-0.6068626813337775,-1.5020378443981957,-1.2159313476154572,-2.2868342655046203
01a0f881-6d6a-42f8-96dc-f91162346a2e,2026-04-20 08:00:00+00:00,0.0,2.3,-0.8,80.0,1019.2,0.0,0,-1.101155441969538,0.2950537114168731,-0.19623407235369236,-1.396277976925614
01a0f881-6d6a-42f8-96dc-f91162346a2e,2026-04-20 09:00:00+00:00,0.0,2.2,-1.2,78.0,1019.4,0.0,0,-1.1053900037475473,0.4921513381217177,-0.5054953169715268,-0.6957546151624548
01a0f881-6d6a-42f8-96dc-f91162346a2e,2026-04-20 10:00:00+00:00,0.0,2.3,-1.5,76.0,1020.0,0.0,0,-1.0958141679009201,-0.09587131702242409,-0.1045284632676535,-0.9945218953682733
01a0f881-6d6a-42f8-96dc-f91162346a2e,2026-04-20 11:00:00+00:00,0.0,2.8,1.0,88.0,1020.5,0.0,0,-0.6,-1.1021821192326178e-16,-1.9986769399627438,-0.6110568628705205
01a0f881-6d6a-42f8-96dc-f91162346a2e,2026-04-20 12:00:00+00:00,0.0,5.3,1.2,75.0,1021.2,0.0,0,-0.8980256121069153,-0.8980256121069156,-0.9033263185844587,-1.0032455143944823
01a0f881-6d6a-42f8-96dc-f91162346a2e,2026-04-20 13:00:00+00:00,0.0,7.1,1.3,67.0,1021.3,0.0,0,-2.4008292224011067,-0.2100453400218564,-3.195998608285057,0.3924192857645756
01a0f881-6d6a-42f8-96dc-f91162346a2e,2026-04-20 14:00:00+00:00,10.0,7.9,1.1,62.0,1021.5,0.0,0,-3.299556788418711,1.9050000000000005,-3.8064927055539295,1.7749966993109385
01a0f881-6d6a-42f8-96dc-f91162346a2e,2026-04-20 15:00:00+00:00,30.0,8.9,-0.2,53.0,1021.8,0.0,0,-2.306344061849917,1.4977573462913232,-2.6834153137589047,2.022098477790881
01a0f881-6d6a-42f8-96dc-f91162346a2e,2026-04-20 16:00:00+00:00,50.0,10.1,-0.5,48.0,1021.8,0.0,0,-4.191029088705151,1.5254098392324837,-5.116684057667927,1.662511429737216
01a0f881-6d6a-42f8-96dc-f91162346a2e,2026-04-20 17:00:00+00:00,30.0,10.7,-2.1,41.0,1021.6,0.0,0,-4.784268689564623,1.9329700220261057,-5.900436110630143,2.504586533616243
01a0f881-6d6a-42f8-96dc-f91162346a2e,2026-04-20 18:00:00+00:00,30.0,10.8,-3.0,38.0,1021.7,0.0,0,-4.000458609099673,2.5979281970216768,-5.2740947090472305,3.045000000000001
01a0f881-6d6a-42f8-96dc-f91162346a2e,2026-04-20 19:00:00+00:00,30.0,10.3,-4.9,34.0,1021.6,0.0,0,-4.6011585276804805,3.1035206142626457,-6.207712063865039,3.8790090141870586
01a0f881-6d6a-42f8-96dc-f91162346a2e,2026-04-20 20:00:00+00:00,0.0,10.3,-5.3,33.0,1021.5,0.0,0,-4.632548314180913,4.473599905755942,-6.316731016557854,5.687610154050291
01a0f881-6d6a-42f8-96dc-f91162346a2e,2026-04-20 21:00:00+00:00,0.0,10.4,-7.4,28.0,1021.9,0.0,0,-5.177040919906428,3.625003077738611,-6.995558458227989,4.898342766437933
01a0f881-6d6a-42f8-96dc-f91162346a2e,2026-04-20 22:00:00+00:00,0.0,9.7,-8.4,27.0,1023.1,0.0,0,-4.680531547456956,3.927432295184755,-6.788401835401991,5.115427696792407
01a0f881-6d6a-42f8-96dc-f91162346a2e,2026-04-20 23:00:00+00:00,0.0,7.9,-10.0,27.0,1023.8,0.0,0,-3.7872792319911373,4.206199712202052,-6.006487332827736,5.800397393332627
01a0f881-6d6a-42f8-96dc-f91162346a2e,2026-04-21 00:00:00+00:00,0.0,6.9,-9.5,30.0,1024.8,0.0,0,-3.11628038770491,3.5848705060581665,-5.1566239678653885,5.932017300550988
01a0f881-6d6a-42f8-96dc-f91162346a2e,2026-04-21 01:00:00+00:00,0.0,5.6,-8.0,37.0,1026.0,0.0,0,-3.3281519971049915,3.569006063901553,-5.392805218301971,6.203712749431186
01a0f881-6d6a-42f8-96dc-f91162346a2e,2026-04-21 02:00:00+00:00,0.0,5.0,-8.5,37.0,1026.8,0.0,0,-2.693280084586601,3.209726216668517,-4.474467980364347,5.525507785959061
01a0f881-6d6a-42f8-96dc-f91162346a2e,2026-04-21 03:00:00+00:00,0.0,4.0,-6.6,46.0,1027.2,0.0,0,-2.2233146538037443,2.3842130672784965,-4.7842838354658355,5.313485502163369
01a0f881-6d6a-42f8-96dc-f91162346a2e,2026-04-21 04:00:00+00:00,0.0,3.1,-6.9,48.0,1027.5,0.0,0,-2.00111219075793,2.001112190757929,-4.43439972452302,6.574267950361482
01a0f881-6d6a-42f8-96dc-f91162346a2e,2026-04-21 05:00:00+00:00,0.0,2.8,-6.6,50.0,1027.8,0.0,0,-1.093851252774464,2.707376855335019,-2.268469120621754,5.909564099727286
01a0f881-6d6a-42f8-96dc-f91162346a2e,2026-04-21 06:00:00+00:00,0.0,2.0,-7.1,51.0,1027.9,0.0,0,-1.497757346291324,2.306344061849916,-3.150154186293327,5.9245783480834
01a0f881-6d6a-42f8-96dc-f91162346a2e,2026-04-21 07:00:00+00:00,0.0,1.0,-7.0,55.0,1027.9,0.0,0,-1.0932805692640004,1.5047716095374022,-2.2736578347937226,5.10671910822214
01a0f881-6d6a-42f8-96dc-f91162346a2e,2026-04-21 08:00:00+00:00,0.0,0.4,-7.9,54.0,1028.1,0.0,0,-1.2923376359150236,1.00968481953408,-2.8085721004359865,4.494654909629057
01a0f881-6d6a-42f8-96dc-f91162346a2e,2026-04-21 09:00:00+00:00,0.0,-0.1,-7.2,59.0,1028.2,0.0,0,-1.492267630599075,1.0065472262473447,-3.624885452447066,4.476360737992151
01a0f881-6d6a-42f8-96dc-f91162346a2e,2026-04-21 10:00:00+00:00,0.0,-0.1,-7.1,59.0,1028.6,0.0,0,-1.4990663761154812,1.4990663761154805,-3.394236730577552,4.504304276666732
01a0f881-6d6a-42f8-96dc-f91162346a2e,2026-04-21 11:00:00+00:00,0.0,0.6,-6.5,59.0,1029.4,0.0,0,-1.9092801067248761,1.387173195410236,-4.473731849373915,4.028166250280323
01a0f881-6d6a-42f8-96dc-f91162346a2e,2026-04-21 12:00:00+00:00,0.0,3.3,-7.0,47.0,1029.9,0.0,0,-0.8874983496554684,1.9032463527769652,-1.3854524215080466,2.3057800388886815
01a0f881-6d6a-42f8-96dc-f91162346a2e,2026-04-21 13:00:00+00:00,0.0,5.0,-7.9,39.0,1030.0,0.0,0,-0.6159893273439992,2.2989034665679826,-0.7790453257585872,2.9074367371300953
01a0f881-6d6a-42f8-96dc-f91162346a2e,2026-04-21 14:00:00+00:00,0.0,7.4,-7.9,33.0,1029.5,0.0,0,-0.29845352611981496,0.20130944524946892,-0.40276505027189624,0.49737341533246116
01a0f881-6d6a-42f8-96dc-f91162346a2e,2026-04-21 15:00:00+00:00,0.0,8.4,-8.6,29.0,1029.1,0.0,0,-0.7014805770653952,-0.40500000000000036,-0.9035036904803958,-0.2935661446562002
01a0f881-6d6a-42f8-96dc-f91162346a2e,2026-04-21 16:00:00+00:00,0.0,10.3,-7.9,27.0,1028.4,0.0,0,-0.2,-3.6739403974420595e-17,-0.19602143532144095,0.09987790994270027
01a0f881-6d6a-42f8-96dc-f91162346a2e,2026-04-21 17:00:00+00:00,0.0,11.4,-9.1,23.0,1027.5,0.0,0,-0.204295724882796,-0.40095293588476555,-0.3993177550236464,-0.30090751157602413
01a0f881-6d6a-42f8-96dc-f91162346a2e,2026-04-21 18:00:00+00:00,0.0,11.6,-9.5,22.0,1026.2,0.0,0,-0.40243053949281854,-1.4034420760699455,-0.6068626813337775,-1.5020378443981957
01a0f881-6d6a-42f8-96dc-f91162346a2e,2026-04-21 19:00:00+00:00,0.0,12.5,-10.6,19.0,1025.6,0.0,0,0.21015138244969864,-1.4953047837997713,-0.29193776292611345,-1.501889590674926
01a0f881-6d6a-42f8-96dc-f91162346a2e,2026-04-21 20:00:00+00:00,0.0,12.3,-7.2,25.0,1024.5,0.0,0,2.1196770569328196,-3.392192384625704,1.825041808952978,-3.581846227237238
01a0f881-6d6a-42f8-96dc-f91162346a2e,2026-04-21 21:00:00+00:00,0.0,10.6,-5.0,33.0,1024.1,0.0,0,3.516048224985371,-4.190263103860809,4.3773836219653335,-5.216762657640239
01a0f881-6d6a-42f8-96dc-f91162346a2e,2026-04-21 22:00:00+00:00,0.0,9.0,-3.6,41.0,1024.0,0.0,0,3.3368851962650683,-4.271018284548433,3.86590518100605,-5.521084778507806
01a0f881-6d6a-42f8-96dc-f91162346a2e,2026-04-21 23:00:00+00:00,0.0,8.1,-2.9,46.0,1024.1,0.0,0,2.7990530093931043,-3.9974619761302805,3.8233660258054916,-5.887467386976875
01a0f881-6d6a-42f8-96dc-f91162346a2e,2026-04-22 00:00:00+00:00,0.0,7.4,-3.2,47.0,1024.0,0.0,0,1.5768189779993211,-4.107753876587688,3.0259467540634084,-6.489163755182414
01a0f881-6d6a-42f8-96dc-f91162346a2e,2026-04-22 01:00:00+00:00,0.0,7.0,-2.4,51.0,1024.7,0.0,0,0.7214535671376249,-3.394172174546306,1.2459827398088388,-6.410025507913246
01a0f881-6d6a-42f8-96dc-f91162346a2e,2026-04-22 02:00:00+00:00,0.0,7.2,-1.2,55.0,1024.7,0.0,0,0.11167838944800366,-3.1980506464611067,0.09947871669251561,-5.699131862391431
01a0f881-6d6a-42f8-96dc-f91162346a2e,2026-04-22 03:00:00+00:00,0.0,7.5,-0.5,57.0,1024.5,0.0,0,0.5946274357387916,-2.797502138098684,1.2630369401003025,-4.713718032290653
01a0f881-6d6a-42f8-96dc-f91162346a2e,2026-04-22 04:00:00+00:00,0.0,7.4,0.6,62.0,1024.9,0.0,0,0.4011695199089076,-1.4971850307480556,0.49267277739863125,-3.5055489633451593
01a0f881-6d6a-42f8-96dc-f91162346a2e,2026-04-22 05:00:00+00:00,0.0,7.3,1.8,68.0,1024.1,0.0,0,0.794522332072515,-1.7038586396289017,2.333511168661271,-4.57977353432821
01a0f881-6d6a-42f8-96dc-f91162346a2e,2026-04-22 06:00:00+00:00,0.0,6.8,0.3,63.0,1023.1,0.0,0,-0.39366434510176374,-1.7051476133741617,1.2725091708542522,-5.103755520211741
01a0f881-6d6a-42f8-96dc-f91162346a2e,2026-04-22 07:00:00+00:00,0.0,7.2,1.3,66.0,1022.1,0.0,0,0.9849999999999999,-1.7060700454553441,1.2059128507797643,-6.203883799389237
01a0f881-6d6a-42f8-96dc-f91162346a2e,2026-04-22 08:00:00+00:00,0.0,6.8,2.7,75.0,1021.9,0.0,0,-0.19261419147232406,-2.2015902827827576,0.21288692988525695,-6.096284044816484
01a0f881-6d6a-42f8-96dc-f91162346a2e,2026-04-22 09:00:00+00:00,0.0,7.0,2.9,75.0,1021.3,0.0,0,-0.5939113153036958,-1.3991673772477093,0.9706933131581402,-5.505075339338243
01a0f881-6d6a-42f8-96dc-f91162346a2e,2026-04-22 10:00:00+00:00,0.0,7.2,4.7,84.0,1020.7,0.0,0,1.3988802429757377,-0.7127650845910884,2.4961091071751196,-2.410464545492721
01a0f881-6d6a-42f8-96dc-f91162346a2e,2026-04-22 11:00:00+00:00,0.0,7.8,4.8,81.0,1021.0,0.0,0,0.8980256121069154,-0.8980256121069153,2.432959864679379,-4.988306956960377
01a0f881-6d6a-42f8-96dc-f91162346a2e,2026-04-22 12:00:00+00:00,0.0,7.9,4.6,80.0,1020.9,0.4,0,0.6154186048205675,-2.895316898172065,1.3208935499741858,-5.297814665466941
01a0f881-6d6a-42f8-96dc-f91162346a2e,2026-04-22 13:00:00+00:00,0.0,9.1,6.0,81.0,1020.2,0.4,0,1.412266857177989,-3.4954831317167883,2.110787222821818,-5.498788712068518
01a0f881-6d6a-42f8-96dc-f91162346a2e,2026-04-22 14:00:00+00:00,10.0,8.6,6.1,84.0,1019.8,0.0,0,1.686314722872075,-2.408307010209636,3.18180762074855,-4.717223787838187
01a0f881-6d6a-42f8-96dc-f91162346a2e,2026-04-22 15:00:00+00:00,0.0,8.4,5.5,82.0,1019.5,0.0,0,1.5890561789456215,-1.7040541247726673,2.370977910715967,-3.515119307633377
01a0f881-6d6a-42f8-96dc-f91162346a2e,2026-04-22 16:00:00+00:00,0.0,9.1,6.2,82.0,1019.1,0.0,0,3.8174777380260596,-2.8766758106667916,5.192401911932672,-4.51368611945469
01a0f881-6d6a-42f8-96dc-f91162346a2e,2026-04-22 17:00:00+00:00,10.0,10.7,6.7,76.0,1018.3,0.0,0,2.899137802864845,-2.8991378028648445,3.423631767513742,-3.6713955821282354
01a0f881-6d6a-42f8-96dc-f91162346a2e,2026-04-22 18:00:00+00:00,0.0,11.6,7.1,74.0,1017.7,0.0,0,3.208255509510384,-3.098176332247128,3.487185019704165,-3.6110857977000292
01a0f881-6d6a-42f8-96dc-f91162346a2e,2026-04-22 19:00:00+00:00,10.0,11.6,8.0,79.0,1017.0,0.0,0,2.584675271830048,-2.019369639068159,2.890537692253217,-2.5127060810336426
01a0f881-6d6a-42f8-96dc-f91162346a2e,2026-04-22 20:00:00+00:00,20.0,12.2,8.5,78.0,1016.2,0.0,0,2.307065324462333,-0.7943862968754623,2.706314747863416,-0.9850180127779259
01a0f881-6d6a-42f8-96dc-f91162346a2e,2026-04-22 21:00:00+00:00,10.0,12.3,8.0,75.0,1015.8,0.0,0,1.9988091961285528,0.49835910493531543,2.100682172578001,0.4083312501058061
01a0f881-6d6a-42f8-96dc-f91162346a2e,2026-04-22 22:00:00+00:00,0.0,12.7,7.5,71.0,1015.6,0.0,0,1.600052309019692,0.3110186624637682,1.792840919204833,0.4139099399927115
01a0f881-6d6a-42f8-96dc-f91162346a2e,2026-04-22 23:00:00+00:00,0.0,12.3,6.9,70.0,1015.2,0.0,0,1.3987510690493419,0.29731371786939603,1.4953047837997713,0.21015138244969886
01a0f881-6d6a-42f8-96dc-f91162346a2e,2026-04-23 00:00:00+00:00,0.0,11.9,7.0,72.0,1015.5,0.0,0,1.2037753112603695,0.6950000000000001,2.407550622520739,1.3900000000000001
01a0f881-6d6a-42f8-96dc-f91162346a2e,2026-04-23 01:00:00+00:00,0.0,10.0,6.1,77.0,1015.4,0.0,0,1.2037753112603695,0.6950000000000001,2.9027420270899023,0.9994942341834712
01a0f881-6d6a-42f8-96dc-f91162346a2e,2026-04-23 02:00:00+00:00,0.0,9.2,5.7,79.0,1015.5,0.0,0,0.4973734153324614,0.402765050271896,2.595667511266283,2.1019301061064573
01a0f881-6d6a-42f8-96dc-f91162346a2e,2026-04-23 03:00:00+00:00,0.0,8.6,5.5,81.0,1015.6,0.0,0,0.4040515447681966,0.7929958065276475,2.4104645454927205,2.4961091071751196
01a0f881-6d6a-42f8-96dc-f91162346a2e,2026-04-23 04:00:00+00:00,0.0,8.7,5.0,78.0,1015.7,0.0,0,-0.21015138244969947,1.495304783799771,2.106352581032169,2.795224285165525
01a0f881-6d6a-42f8-96dc-f91162346a2e,2026-04-23 05:00:00+00:00,0.0,7.8,5.4,85.0,1015.6,0.0,0,-0.3892503505681511,2.0025194542332345,1.5746464478117734,3.709634559413335
01a0f881-6d6a-42f8-96dc-f91162346a2e,2026-04-23 06:00:00+00:00,0.0,7.4,5.1,85.0,1014.9,0.0,0,-0.9947468306649226,0.805530100543792,1.602810901735645,1.0015474094007573
01a0f881-6d6a-42f8-96dc-f91162346a2e,2026-04-23 07:00:00+00:00,0.0,6.9,5.0,88.0,1014.2,0.0,0,-1.1053900037475473,0.4921513381217177,-0.19462517528407555,1.0012597271166173
01a0f881-6d6a-42f8-96dc-f91162346a2e,2026-04-23 08:00:00+00:00,0.0,6.2,4.3,88.0,1014.1,0.0,0,-1.0013585629321304,0.40457512088918496,-1.2968332653377717,0.09068341586736278
01a0f881-6d6a-42f8-96dc-f91162346a2e,2026-04-23 09:00:00+00:00,0.0,6.1,4.8,91.0,1014.2,0.0,0,-0.40016356769103223,1.0994403663195127,-0.39860191021428415,0.895274548489749
01a0f881-6d6a-42f8-96dc-f91162346a2e,2026-04-23 10:00:00+00:00,0.0,5.8,4.5,91.0,1014.2,0.0,0,-0.2013094452494688,-0.298453526119815,-0.29845352611981496,0.20130944524946892
01a0f881-6d6a-42f8-96dc-f91162346a2e,2026-04-23 11:00:00+00:00,0.0,6.8,6.0,95.0,1014.6,0.0,0,-0.2969848480983499,-0.29698484809835,-0.8029567276306299,-0.8917737905728731
01a0f881-6d6a-42f8-96dc-f91162346a2e,2026-04-23 12:00:00+00:00,0.0,9.7,7.8,88.0,1015.1,0.0,0,-0.30433808521444916,0.09888543819998312,-1.2968332653377717,0.09068341586736278
01a0f881-6d6a-42f8-96dc-f91162346a2e,2026-04-23 13:00:00+00:00,0.0,13.0,9.6,80.0,1015.0,0.0,0,-0.19468070645621705,0.5991656052659468,-0.6948179129231183,1.306762437431212
01a0f881-6d6a-42f8-96dc-f91162346a2e,2026-04-23 14:00:00+00:00,0.0,17.3,9.7,61.0,1014.6,0.0,0,-0.19468070645621705,0.5991656052659468,-0.499353908853727,0.9008582983535778
01a0f881-6d6a-42f8-96dc-f91162346a2e,2026-04-23 15:00:00+00:00,0.0,19.9,7.6,45.0,1014.4,0.0,0,-1.7062830462150882,1.8950193049673552,-2.0928283024797185,2.4075235609106422
01a0f881-6d6a-42f8-96dc-f91162346a2e,2026-04-23 16:00:00+00:00,0.0,22.0,6.6,37.0,1013.6,0.0,0,-3.210642750108158,2.9939728006743684,-3.987334413250012,3.1152470651478317
01a0f881-6d6a-42f8-96dc-f91162346a2e,2026-04-23 17:00:00+00:00,0.0,22.6,6.0,34.0,1013.0,0.0,0,-4.494654909629058,2.8085721004359847,-5.770053507464519,3.7471165609033834
01a0f881-6d6a-42f8-96dc-f91162346a2e,2026-04-23 18:00:00+00:00,0.0,23.0,4.9,31.0,1012.3,0.0,0,-4.776746477366796,2.539841154671667,-6.004043631440704,3.192406626944055
01a0f881-6d6a-42f8-96dc-f91162346a2e,2026-04-23 19:00:00+00:00,0.0,23.7,4.1,28.0,1011.6,0.0,0,-4.271018284548432,3.336885196265069,-5.47863959892443,4.128451058823049
01a0f881-6d6a-42f8-96dc-f91162346a2e,2026-04-23 20:00:00+00:00,0.0,24.3,3.0,25.0,1010.7,0.0,0,-4.4850932675227755,3.0252336077767414,-6.207712063865039,3.8790090141870586
01a0f881-6d6a-42f8-96dc-f91162346a2e,2026-04-23 21:00:00+00:00,0.0,24.1,1.6,23.0,1010.1,0.0,0,-4.50012832868609,2.7039498932777843,-5.897632999772027,3.4050000000000007
01a0f881-6d6a-42f8-96dc-f91162346a2e,2026-04-23 22:00:00+00:00,0.0,23.2,0.9,23.0,1010.1,0.0,0,-3.4188343984091585,2.971947401326997,-4.995988177866616,3.903293753564675
01a0f881-6d6a-42f8-96dc-f91162346a2e,2026-04-23 23:00:00+00:00,0.0,22.7,-0.7,21.0,1010.1,0.0,0,-2.700713505847493,2.8961606584119157,-4.172170841964176,4.029018548662184
01a0f881-6d6a-42f8-96dc-f91162346a2e,2026-04-24 00:00:00+00:00,0.0,21.4,-1.9,21.0,1010.3,0.0,0,-1.6841035373787339,2.007036440971722,-4.001960076842095,4.603728439358909
01a0f881-6d6a-42f8-96dc-f91162346a2e,2026-04-24 01:00:00+00:00,0.0,20.5,-1.3,23.0,1010.7,0.0,0,-1.811785007245219,2.6860817350783357,-5.025412162067287,5.781075384506433
01a0f881-6d6a-42f8-96dc-f91162346a2e,2026-04-24 02:00:00+00:00,0.0,19.8,-2.0,23.0,1010.9,0.0,0,-0.42898008878611826,3.4937624537774536,-1.5192695043659143,6.093457161013258
01a0f881-6d6a-42f8-96dc-f91162346a2e,2026-04-24 03:00:00+00:00,0.0,18.8,-1.1,26.0,1010.5,0.0,0,0.4931608245740821,2.7968540185546704,-0.23731657757700558,6.795857623729851
01a0f881-6d6a-42f8-96dc-f91162346a2e,2026-04-24 04:00:00+00:00,0.0,17.8,-1.0,28.0,1010.6,0.0,0,-0.5871322893124006,1.8070073809607916,-2.5145786573571605,5.392531332868068
01a0f881-6d6a-42f8-96dc-f91162346a2e,2026-04-24 05:00:00+00:00,0.0,16.9,-0.3,31.0,1010.2,0.0,0,-0.4026188904989375,0.5969070522396301,-1.5890446641450289,3.407717279257804
01a0f881-6d6a-42f8-96dc-f91162346a2e,2026-04-24 06:00:00+00:00,0.0,16.6,-1.0,30.0,1009.8,0.0,0,-0.6957546151624548,0.5054953169715267,-1.6820206817279828,3.6071049924058673
01a0f881-6d6a-42f8-96dc-f91162346a2e,2026-04-24 07:00:00+00:00,0.0,15.6,0.1,35.0,1009.4,0.0,0,-1.0927389364671172,1.3022755533022623,-1.3785522637705574,3.4120365848057777
01a0f881-6d6a-42f8-96dc-f91162346a2e,2026-04-24 08:00:00+00:00,0.0,15.3,0.7,37.0,1009.0,0.0,0,-1.2968332653377717,0.09068341586736278,-2.5126383982111977,1.2802532092655214
01a0f881-6d6a-42f8-96dc-f91162346a2e,2026-04-24 09:00:00+00:00,0.0,14.5,-0.8,35.0,1008.8,0.0,0,-0.597514665632803,0.5013743355555006,-2.89672540481402,2.999646967412174
01a0f881-6d6a-42f8-96dc-f91162346a2e,2026-04-24 10:00:00+00:00,0.0,13.8,-1.0,36.0,1009.0,0.0,0,-1.0169387194165853,1.995854614181944,-1.1711744086810516,3.604504196758632
01a0f881-6d6a-42f8-96dc-f91162346a2e,2026-04-24 11:00:00+00:00,0.0,14.3,0.2,38.0,1009.4,0.0,0,0.29193776292611356,1.501889590674926,-0.6702819657943513,3.801357926627123
01a0f881-6d6a-42f8-96dc-f91162346a2e,2026-04-24 12:00:00+00:00,0.0,16.1,-0.2,33.0,1009.7,0.0,0,-0.9794452108211695,3.2036209324761686,-1.9102345430679604,4.096511197405658
01a0f881-6d6a-42f8-96dc-f91162346a2e,2026-04-24 13:00:00+00:00,0.0,16.7,3.4,41.0,1010.2,0.0,0,0.3843581703301304,5.496577916931631,0.43020156031699835,8.208734775682597
01a0f881-6d6a-42f8-96dc-f91162346a2e,2026-04-24 14:00:00+00:00,0.0,16.1,5.0,48.0,1010.2,0.0,0,2.5216787321195753,3.883044729587313,2.6376848034867666,5.176747905534417
01a0f881-6d6a-42f8-96dc-f91162346a2e,2026-04-24 15:00:00+00:00,0.0,16.7,4.3,44.0,1010.1,0.0,0,2.0149999999999997,3.490082377251288,1.6996804089283408,4.004196112518115
01a0f881-6d6a-42f8-96dc-f91162346a2e,2026-04-24 16:00:00+00:00,0.0,18.2,1.2,32.0,1010.0,0.0,0,1.1004203620651896,3.1958527855256906,0.8066973603729062,3.795212690847166
01a0f881-6d6a-42f8-96dc-f91162346a2e,2026-04-24 17:00:00+00:00,0.0,19.7,1.6,30.0,1009.3,0.0,0,1.1917299418922849,2.8075398030299428,1.073004156332444,3.50963845438434
01a0f881-6d6a-42f8-96dc-f91162346a2e,2026-04-24 18:00:00+00:00,0.0,19.9,0.3,27.0,1008.9,0.0,0,2.605034721887331,1.8926685123817637,2.907033256572146,2.190606684273456
01a0f881-6d6a-42f8-96dc-f91162346a2e,2026-04-24 19:00:00+00:00,0.0,18.7,6.2,44.0,1008.8,0.0,0,4.50012832868609,-2.703949893277785,5.186041647146193,-2.529401516972977
01a0f881-6d6a-42f8-96dc-f91162346a2e,2026-04-24 20:00:00+00:00,0.0,18.4,5.6,43.0,1008.6,0.0,0,3.101856374715594,-2.6964026091509847,3.8080152111391583,-3.0836699161442027
01a0f881-6d6a-42f8-96dc-f91162346a2e,2026-04-24 21:00:00+00:00,0.0,17.1,5.0,45.0,1009.1,0.0,0,3.299976915822252,-3.796189188520543,4.126270720526444,-4.272878414011589
01a0f881-6d6a-42f8-96dc-f91162346a2e,2026-04-24 22:00:00+00:00,0.0,15.5,5.7,52.0,1009.2,0.0,0,3.089452571083118,-3.3130322683348425,4.323232200035293,-4.174896806458574
01a0f881-6d6a-42f8-96dc-f91162346a2e,2026-04-24 23:00:00+00:00,0.0,13.0,6.1,63.0,1010.1,0.0,0,3.1063453704955077,-2.7969659345800273,4.369401150187092,-4.524647344130117
01a0f881-6d6a-42f8-96dc-f91162346a2e,2026-04-25 00:00:00+00:00,0.0,11.4,4.6,63.0,1010.8,0.0,0,2.4165903016313757,-2.9842404919947683,3.8171011470190823,-4.885666672361676
01a0f881-6d6a-42f8-96dc-f91162346a2e,2026-04-25 01:00:00+00:00,0.0,11.4,4.4,62.0,1011.8,0.0,0,1.7999613311053289,-1.9990595805341902,2.9246836240737544,-3.485502216191349
01a0f881-6d6a-42f8-96dc-f91162346a2e,2026-04-25 02:00:00+00:00,0.0,11.5,3.0,56.0,1012.6,0.0,0,1.49967151777997,-2.3999761121226855,2.196239445413277,-4.502958171958826
01a0f881-6d6a-42f8-96dc-f91162346a2e,2026-04-25 03:00:00+00:00,0.0,11.5,4.4,62.0,1013.0,0.0,0,3.003779181349852,-0.5838755258522271,4.396661376536824,-1.5138919182257786
01a0f881-6d6a-42f8-96dc-f91162346a2e,2026-04-25 04:00:00+00:00,0.0,10.6,5.3,70.0,1013.5,0.0,0,1.8,1.1021821192326179e-16,3.6913363580173173,-1.1285547802297635
01a0f881-6d6a-42f8-96dc-f91162346a2e,2026-04-25 05:00:00+00:00,0.0,10.2,4.7,69.0,1013.9,0.0,0,2.0025194542332345,0.38925035056815166,4.298775453654094,-1.3967568145747618
01a0f881-6d6a-42f8-96dc-f91162346a2e,2026-04-25 06:00:00+00:00,0.0,9.5,6.2,80.0,1013.9,0.0,0,2.998172481057287,0.10469849010750323,4.903177989108132,-0.602034556421428
01a0f881-6d6a-42f8-96dc-f91162346a2e,2026-04-25 07:00:00+00:00,0.0,9.0,6.1,82.0,1014.3,0.0,0,2.7033985762041235,0.18904004384657938,5.696527714008846,0.19892713120425617
01a0f881-6d6a-42f8-96dc-f91162346a2e,2026-04-25 08:00:00+00:00,0.0,8.6,5.1,79.0,1014.6,0.0,0,2.9,1.7757378587636622e-16,5.7,3.4902433775699566e-16
01a0f881-6d6a-42f8-96dc-f91162346a2e,2026-04-25 09:00:00+00:00,0.0,8.7,5.6,81.0,1014.9,0.0,0,2.4988515017056985,0.39577919655178423,5.399177553844513,-0.09424299476133079
01a0f881-6d6a-42f8-96dc-f91162346a2e,2026-04-25 10:00:00+00:00,0.0,8.4,4.4,76.0,1015.3,0.0,0,2.7,1.6532731788489269e-16,5.698610460460206,-0.5989480945236549
01a0f881-6d6a-42f8-96dc-f91162346a2e,2026-04-25 11:00:00+00:00,0.0,8.6,3.0,68.0,1015.6,0.0,0,3.3979288118649253,-0.11865828878850325,6.196223127518394,-0.21637687955550594
01a0f881-6d6a-42f8-96dc-f91162346a2e,2026-04-25 12:00:00+00:00,0.0,9.4,2.2,61.0,1016.4,0.0,0,4.2995010566198415,-0.30065040183718017,5.599158270923379,-0.5884952481968895
01a0f881-6d6a-42f8-96dc-f91162346a2e,2026-04-25 13:00:00+00:00,0.0,10.0,2.1,58.0,1016.6,0.0,0,5.700064878993626,-1.3159636679116105,7.907910169149371,-1.9716634491372926
01a0f881-6d6a-42f8-96dc-f91162346a2e,2026-04-25 14:00:00+00:00,0.0,9.5,3.2,65.0,1017.0,0.0,0,4.508007887239028,-1.4647405533372504,6.406840435056501,-2.5885315605039523
01a0f881-6d6a-42f8-96dc-f91162346a2e,2026-04-25 15:00:00+00:00,0.0,8.2,3.8,74.0,1017.5,0.4,0,4.810042218698321,-0.761835844745924,7.002710334819526,-1.1091203571352364
01a0f881-6d6a-42f8-96dc-f91162346a2e,2026-04-25 16:00:00+00:00,10.0,7.6,5.4,86.0,1017.9,0.0,0,3.6,2.2043642384652358e-16,5.697214910421189,-0.6995300311455459
01a0f881-6d6a-42f8-96dc-f91162346a2e,2026-04-25 17:00:00+00:00,30.0,6.9,5.1,88.0,1018.1,0.0,0,2.798294315653468,-0.09771859076700266,4.403180565565515,-0.3852283829446494
01a0f881-6d6a-42f8-96dc-f91162346a2e,2026-04-25 18:00:00+00:00,10.0,6.9,4.7,86.0,1017.2,0.7,0,4.396790225212573,-0.6179285682626903,6.203883799389237,-1.2059128507797632
01a0f881-6d6a-42f8-96dc-f91162346a2e,2026-04-25 19:00:00+00:00,10.0,6.4,5.2,92.0,1017.6,0.4,0,4.703773326522459,-0.6610722295603104,6.606350944602779,-1.2841445388841466
01a0f881-6d6a-42f8-96dc-f91162346a2e,2026-04-25 20:00:00+00:00,20.0,6.6,5.2,91.0,1017.3,1.8,0,4.404621767878151,-1.180214845667495,6.094991963884021,-1.6331481745969065
01a0f881-6d6a-42f8-96dc-f91162346a2e,2026-04-25 21:00:00+00:00,10.0,6.0,5.0,93.0,1016.5,1.8,0,3.9046414808903838,-0.20463358890991043,6.494141967191456,-0.4541146440742559
01a0f881-6d6a-42f8-96dc-f91162346a2e,2026-04-25 22:00:00+00:00,10.0,5.9,5.0,94.0,1016.3,2.2,0,3.1,1.8982025386783975e-16,5.402585783022245,-0.2831375232743262
01a0f881-6d6a-42f8-96dc-f91162346a2e,2026-04-25 23:00:00+00:00,10.0,5.7,4.8,94.0,1016.4,2.5,0,4.0943810924937525,0.21457742059607024,6.394385562165473,0.44713899669984275
01a0f881-6d6a-42f8-96dc-f91162346a2e,2026-04-26 00:00:00+00:00,10.0,5.6,4.7,94.0,1016.7,2.2,0,3.6968267171115468,0.9217224222347339,5.994978755913585,0.7360908341670909
01a0f881-6d6a-42f8-96dc-f91162346a2e,2026-04-26 01:00:00+00:00,10.0,5.4,4.8,96.0,1018.0,2.2,0,1.5041230066665017,1.7925439968984085,2.5968166792225307,2.50771671735698
01a0f881-6d6a-42f8-96dc-f91162346a2e,2026-04-26 02:00:00+00:00,20.0,5.2,4.6,96.0,1018.5,1.4,0,0.9987078177074543,1.8017165967071553,1.8928022399584519,2.7032017461536726
01a0f881-6d6a-42f8-96dc-f91162346a2e,2026-04-26 03:00:00+00:00,10.0,5.4,4.8,96.0,1018.5,1.1,0,1.3128565917239599,3.0928963076001996,2.879353710482251,4.112143262330738
01a0f881-6d6a-42f8-96dc-f91162346a2e,2026-04-26 04:00:00+00:00,10.0,5.4,4.7,95.0,1018.1,1.1,0,0.9764937022248338,3.005338591492685,2.4288961974341485,4.381844732768372
01a0f881-6d6a-42f8-96dc-f91162346a2e,2026-04-26 05:00:00+00:00,10.0,5.4,4.8,96.0,1017.9,0.7,0,1.6913559329549963,1.8137571800155428,3.1063453704955077,2.7969659345800273
01a0f881-6d6a-42f8-96dc-f91162346a2e,2026-04-26 06:00:00+00:00,10.0,5.6,5.0,96.0,1017.5,0.4,0,2.0138252513594797,2.486867076662307,3.336885196265068,4.271018284548433
01a0f881-6d6a-42f8-96dc-f91162346a2e,2026-04-26 07:00:00+00:00,10.0,5.7,5.1,96.0,1017.2,0.4,0,1.4999999999999998,2.598076211353316,2.691989862304681,4.308084328474644
01a0f881-6d6a-42f8-96dc-f91162346a2e,2026-04-26 08:00:00+00:00,0.0,5.6,4.9,95.0,1017.2,0.0,0,1.491842463944669,3.199266488239374,2.742102618426862,5.381679406097742
01a0f881-6d6a-42f8-96dc-f91162346a2e,2026-04-26 09:00:00+00:00,10.0,5.8,4.9,94.0,1017.3,0.0,0,1.6060140217829288,2.293625724009177,2.879353710482251,4.112143262330738
01a0f881-6d6a-42f8-96dc-f91162346a2e,2026-04-26 10:00:00+00:00,0.0,5.7,4.8,94.0,1017.5,0.0,0,0.3938598757169852,2.8024586345386444,0.7306587800403436,5.198907360893244
01a0f881-6d6a-42f8-96dc-f91162346a2e,2026-04-26 11:00:00+00:00,20.0,5.9,5.0,94.0,1018.0,0.0,0,1.1157122109954465,2.392652557776756,1.6148180461074972,4.689772134972611
01a0f881-6d6a-42f8-96dc-f91162346a2e,2026-04-26 12:00:00+00:00,10.0,6.1,4.9,92.0,1018.9,0.0,0,0.18369920641273285,3.505189666988554,0.3765128086698833,4.303561095756341
01a0f881-6d6a-42f8-96dc-f91162346a2e,2026-04-26 13:00:00+00:00,20.0,6.5,4.8,89.0,1019.4,0.0,0,2.306265789923871,2.388208137124322,2.9843225043605077,3.3144259216291783
01a0f881-6d6a-42f8-96dc-f91162346a2e,2026-04-26 14:00:00+00:00,10.0,7.7,5.5,86.0,1019.7,0.0,0,2.2199958267788653,3.291279163043516,2.7661785592973294,4.426811061936544
01a0f881-6d6a-42f8-96dc-f91162346a2e,2026-04-26 15:00:00+00:00,0.0,8.9,4.3,73.0,1019.9,0.0,0,2.37933749640709,3.8077359517423526,2.99934303555994,4.799952224245371
01a0f881-6d6a-42f8-96dc-f91162346a2e,2026-04-26 16:00:00+00:00,10.0,10.4,4.9,69.0,1020.2,0.0,0,2.6975242512699418,2.6049688892212397,3.299976915822252,3.796189188520543
01a0f881-6d6a-42f8-96dc-f91162346a2e,2026-04-26 17:00:00+00:00,10.0,11.8,5.6,66.0,1020.1,0.0,0,2.9985501766385987,2.7961932762562434,3.6280064303175052,4.17354397863193
01a0f881-6d6a-42f8-96dc-f91162346a2e,2026-04-26 18:00:00+00:00,0.0,13.2,5.1,58.0,1019.9,0.0,0,3.699463579721482,1.4946803077294888,4.295898910553721,2.0032105606509156
01a0f881-6d6a-42f8-96dc-f91162346a2e,2026-04-26 19:00:00+00:00,0.0,14.4,5.4,55.0,1019.7,0.0,0,2.9928256369237007,2.018686381529396,3.5811233251269603,2.3256086795141653
01a0f881-6d6a-42f8-96dc-f91162346a2e,2026-04-26 20:00:00+00:00,0.0,14.6,5.1,53.0,1019.7,0.0,0,3.5071234916537977,1.4886855995441328,4.214331209720423,1.9651749170942525
01a0f881-6d6a-42f8-96dc-f91162346a2e,2026-04-26 21:00:00+00:00,0.0,14.8,5.0,52.0,1019.8,0.0,0,2.6046953989338344,1.3849411102183782,3.1962702861493155,1.699487057284925
01a0f881-6d6a-42f8-96dc-f91162346a2e,2026-04-26 22:00:00+00:00,0.0,15.0,4.6,50.0,1020.2,0.0,0,2.298646861724443,0.48859247342173473,2.706314747863416,0.9850180127779262
01a0f881-6d6a-42f8-96dc-f91162346a2e,2026-04-26 23:00:00+00:00,0.0,13.6,4.4,54.0,1020.5,0.0,0,2.1083977465248527,-1.5887916611214077,2.6049688892212393,-2.697524251269942
01a0f881-6d6a-42f8-96dc-f91162346a2e,2026-04-27 00:00:00+00:00,0.0,10.2,5.4,72.0,1021.0,0.0,0,1.5041230066665023,-1.7925439968984083,2.478107609318374,-3.8159510841516786
01a0f881-6d6a-42f8-96dc-f91162346a2e,2026-04-27 01:00:00+00:00,0.0,9.1,6.2,82.0,1022.0,0.0,0,0.6083472696509928,-1.1939487424124129,3.299976915822252,-3.796189188520543
01a0f881-6d6a-42f8-96dc-f91162346a2e,2026-04-27 02:00:00+00:00,0.0,8.1,5.4,83.0,1022.5,0.0,0,-0.9947468306649223,-0.8055301005437925,0.3146306744356377,-2.9935109050585025
01a0f881-6d6a-42f8-96dc-f91162346a2e,2026-04-27 03:00:00+00:00,0.0,7.2,5.3,88.0,1022.6,0.0,0,-1.0958141679009201,0.09587131702242369,-0.2973137178693961,-1.3987510690493419
01a0f881-6d6a-42f8-96dc-f91162346a2e,2026-04-27 04:00:00+00:00,0.0,6.7,4.9,88.0,1022.6,0.0,0,-1.8973961160336903,-0.09943831686159418,-2.2989034665679826,-0.615989327343999
01a0f881-6d6a-42f8-96dc-f91162346a2e,2026-04-27 05:00:00+00:00,0.0,6.4,4.1,85.0,1022.7,0.0,0,-2.5,-4.592425496802574e-16,-3.7990736403068044,-0.3992987296824358
01a0f881-6d6a-42f8-96dc-f91162346a2e,2026-04-27 06:00:00+00:00,0.0,6.6,3.4,80.0,1022.5,0.0,0,-1.609300261136488,0.8920497012532607,-3.5946730895319003,0.5051983564850376
01a0f881-6d6a-42f8-96dc-f91162346a2e,2026-04-27 07:00:00+00:00,0.0,6.1,3.8,85.0,1022.4,0.0,0,-0.99936549403257,0.6997632523482762,-2.9932338861643006,0.9151234357821659
01a0f881-6d6a-42f8-96dc-f91162346a2e,2026-04-27 08:00:00+00:00,0.0,5.7,3.5,86.0,1022.8,0.0,0,-0.602489887763034,0.09542502367454071,-3.0010597995385244,0.6928492473791039
01a0f881-6d6a-42f8-96dc-f91162346a2e,2026-04-27 09:00:00+00:00,0.0,5.1,3.1,87.0,1022.9,0.0,0,-0.6025945476447637,1.0028857418214712,-3.374634950854333,4.021733326374633
01a0f881-6d6a-42f8-96dc-f91162346a2e,2026-04-27 10:00:00+00:00,0.0,5.2,2.7,84.0,1022.7,0.0,0,-0.5084693597082927,0.997927307090972,-3.2252095226496964,3.5819580588010407
01a0f881-6d6a-42f8-96dc-f91162346a2e,2026-04-27 11:00:00+00:00,0.0,6.5,4.7,88.0,1022.8,0.0,0,-0.4011695199089071,1.4971850307480559,-2.456689324177833,5.51781456416131
01a0f881-6d6a-42f8-96dc-f91162346a2e,2026-04-27 12:00:00+00:00,0.0,9.8,6.3,79.0,1023.6,0.0,0,-0.4011695199089071,1.4971850307480559,-0.8806984339686009,2.7105110714411875
01a0f881-6d6a-42f8-96dc-f91162346a2e,2026-04-27 13:00:00+00:00,0.0,12.5,6.3,66.0,1023.8,0.0,0,0.09420472123729891,1.797533162558233,-0.08724874175625205,2.4984770675477392
01a0f881-6d6a-42f8-96dc-f91162346a2e,2026-04-27 14:00:00+00:00,0.0,14.8,5.9,55.0,1024.4,0.0,0,1.1127382865210294,1.589154965920644,1.2861436779827178,1.9067864168765958
01a0f881-6d6a-42f8-96dc-f91162346a2e,2026-04-27 15:00:00+00:00,0.0,17.1,5.7,47.0,1024.7,0.0,0,2.0872638454873647,1.5164859509145807,2.4917723426748384,1.8103785770608174
01a0f881-6d6a-42f8-96dc-f91162346a2e,2026-04-27 16:00:00+00:00,0.0,18.7,2.1,33.0,1024.5,0.0,0,3.209854325201582,1.7792513063040571,4.10570630679401,2.183042766954393
01a0f881-6d6a-42f8-96dc-f91162346a2e,2026-04-27 17:00:00+00:00,0.0,19.6,4.1,36.0,1024.4,0.0,0,2.291924818062876,1.1178464243121475,2.8004910619432484,1.3058904287787612
01a0f881-6d6a-42f8-96dc-f91162346a2e,2026-04-27 18:00:00+00:00,0.0,20.4,3.2,32.0,1024.0,0.0,0,1.3022755533022625,1.092738936467117,1.6075314058745043,1.3974057317497803
01a0f881-6d6a-42f8-96dc-f91162346a2e,2026-04-27 19:00:00+00:00,0.0,21.5,2.2,28.0,1023.4,0.0,0,3.691336358017317,1.128554780229764,4.21318036718753,1.368945285081017
01a0f881-6d6a-42f8-96dc-f91162346a2e,2026-04-27 20:00:00+00:00,0.0,20.1,4.2,35.0,1023.3,0.0,0,2.999646967412175,-2.8967254048140187,3.7858881190015348,-3.9204019118456497
01a0f881-6d6a-42f8-96dc-f91162346a2e,2026-04-27 21:00:00+00:00,0.0,18.4,3.5,37.0,1023.7,0.0,0,2.8936089340305946,-3.703650541951593,3.3268645279753986,-4.579036188162202
01a0f881-6d6a-42f8-96dc-f91162346a2e,2026-04-27 22:00:00+00:00,0.0,17.2,3.1,39.0,1023.6,0.0,0,2.2786052151577847,-4.11071262355516,3.237806704464882,-5.1815738675157625
01a0f881-6d6a-42f8-96dc-f91162346a2e,2026-04-27 23:00:00+00:00,0.0,15.0,2.8,44.0,1023.4,0.0,0,2.1196770569328196,-3.392192384625704,2.9305666462382094,-4.877281940995019
01a0f881-6d6a-42f8-96dc-f91162346a2e,2026-04-28 00:00:00+00:00,0.0,13.5,2.7,48.0,1023.9,0.0,0,2.209013618059611,-2.287500565076911,4.373585986058998,-4.223522892390704
01a0f881-6d6a-42f8-96dc-f91162346a2e,2026-04-28 01:00:00+00:00,0.0,12.0,2.2,51.0,1024.8,0.0,0,1.2037753112603697,-0.6949999999999996,4.369691573807078,-3.9344879653900864
01a0f881-6d6a-42f8-96dc-f91162346a2e,2026-04-28 02:00:00+00:00,0.0,11.0,2.5,56.0,1025.1,0.0,0,-0.8917737905728732,-0.8029567276306298,1.7189998555337869,-4.992338079164393
01a0f881-6d6a-42f8-96dc-f91162346a2e,2026-04-28 03:00:00+00:00,0.0,10.1,1.9,57.0,1025.0,0.0,0,0.2042957248827961,-0.4009529358847655,-0.2674367364014416,-5.102996922595873
01a0f881-6d6a-42f8-96dc-f91162346a2e,2026-04-28 04:00:00+00:00,0.0,9.3,3.3,66.0,1024.4,0.0,0,-0.20121526974640921,0.7017210380349728,0.8851688353768916,-2.3059436534480886
01a0f881-6d6a-42f8-96dc-f91162346a2e,2026-04-28 05:00:00+00:00,0.0,8.6,2.8,67.0,1023.5,0.0,0,-1.0012597271166173,-0.1946251752840755,0.682927557568634,-2.1018349010122894
01a0f881-6d6a-42f8-96dc-f91162346a2e,2026-04-28 06:00:00+00:00,0.0,8.4,1.8,63.0,1023.1,0.0,0,-1.5964225293102148,-0.6128091937224642,-3.584870506058167,-3.1162803877049097
01a0f881-6d6a-42f8-96dc-f91162346a2e,2026-04-28 07:00:00+00:00,0.0,7.8,2.2,68.0,1022.5,0.0,0,-2.196940552641805,-0.7138292570061289,-4.1849661340476665,-2.717748784724985
01a0f881-6d6a-42f8-96dc-f91162346a2e,2026-04-28 08:00:00+00:00,0.0,6.8,3.1,77.0,1022.3,0.0,0,0.19798989873223333,0.19798989873223333,-3.1049463240831887,-0.774150065918937
01a0f881-6d6a-42f8-96dc-f91162346a2e,2026-04-28 09:00:00+00:00,0.0,6.6,2.1,73.0,1022.3,0.0,0,0.4030508652763321,-0.403050865276332,-2.5041310664980543,-0.5781242096637337
01a0f881-6d6a-42f8-96dc-f91162346a2e,2026-04-28 10:00:00+00:00,0.0,6.0,2.4,78.0,1022.0,0.0,0,-1.2975135871193317,-0.8107764742768037,-1.9988091961285528,-0.49835910493531566
01a0f881-6d6a-42f8-96dc-f91162346a2e,2026-04-28 11:00:00+00:00,0.0,7.0,4.7,85.0,1021.9,0.0,0,-0.7929958065276473,-0.40405154476819677,-1.596102480415719,-0.11161035799060093
01a0f881-6d6a-42f8-96dc-f91162346a2e,2026-04-28 12:00:00+00:00,0.0,11.3,5.6,68.0,1022.0,0.0,0,0.29698484809834996,0.29698484809834996,-0.7017210380349727,0.20121526974640955
01a0f881-6d6a-42f8-96dc-f91162346a2e,2026-04-28 13:00:00+00:00,0.0,13.6,3.6,51.0,1021.8,0.0,0,6.123233995736766e-17,-0.5,-0.2987220834478314,-0.49715703440722514
01a0f881-6d6a-42f8-96dc-f91162346a2e,2026-04-28 14:00:00+00:00,0.0,16.0,3.1,42.0,1021.8,0.0,0,-0.39917112773945135,-1.6009879483553942,-0.4139099399927116,-1.792840919204833
01a0f881-6d6a-42f8-96dc-f91162346a2e,2026-04-28 15:00:00+00:00,0.0,18.1,3.9,39.0,1021.7,0.0,0,0.08375879208600275,-2.39853798484583,3.5514757175273243e-16,-2.9
01a0f881-6d6a-42f8-96dc-f91162346a2e,2026-04-28 16:00:00+00:00,0.0,19.1,4.5,38.0,1021.6,0.0,0,-1.774996699310937,-3.8064927055539304,-1.9329700220261061,-4.784268689564623
01a0f881-6d6a-42f8-96dc-f91162346a2e,2026-04-28 17:00:00+00:00,0.0,19.1,6.2,43.0,1020.9,0.0,0,0.49267277739863125,-3.5055489633451593,0.7762073541711783,-4.402090655964569
01a0f881-6d6a-42f8-96dc-f91162346a2e,2026-04-28 18:00:00+00:00,0.0,18.0,4.9,42.0,1020.5,0.0,0,1.412266857177989,-3.4954831317167883,1.3967568145747626,-4.298775453654094
01a0f881-6d6a-42f8-96dc-f91162346a2e,2026-04-28 19:00:00+00:00,0.0,17.1,3.7,41.0,1020.3,0.0,0,2.3057772741312044,-3.292991218041747,2.2786052151577847,-4.11071262355516
01a0f881-6d6a-42f8-96dc-f91162346a2e,2026-04-28 20:00:00+00:00,0.0,16.6,4.3,44.0,1019.2,0.0,0,2.890644219470268,-3.210385646062343,3.5820822982881695,-4.1207143080163355
01a0f881-6d6a-42f8-96dc-f91162346a2e,2026-04-28 21:00:00+00:00,0.0,15.1,2.3,42.0,1018.6,0.0,0,2.190034960853434,-2.7044679458702587,3.104664154785986,-3.699994660264663
01a0f881-6d6a-42f8-96dc-f91162346a2e,2026-04-28 22:00:00+00:00,0.0,14.8,2.7,44.0,1018.6,0.0,0,1.604719843015376,-2.8949912306314,1.6920244351953297,-3.800349103793219
01a0f881-6d6a-42f8-96dc-f91162346a2e,2026-04-28 23:00:00+00:00,0.0,14.6,3.7,48.0,1018.3,0.0,0,0.8953124247571806,-2.6001760828981215,1.0973927512346893,-4.095525503465649
01a0f881-6d6a-42f8-96dc-f91162346a2e,2026-04-29 00:00:00+00:00,0.0,13.8,2.6,47.0,1018.2,0.0,0,0.912520904476489,-1.790923113618619,1.4191370801993888,-3.696978488928919
01a0f881-6d6a-42f8-96dc-f91162346a2e,2026-04-29 01:00:00+00:00,0.0,13.0,1.6,46.0,1018.5,0.0,0,-0.6110568628705199,-1.998676939962744,0.3076260492115936,-4.399257461645825
01a0f881-6d6a-42f8-96dc-f91162346a2e,2026-04-29 02:00:00+00:00,0.0,11.9,3.6,57.0,1018.0,0.0,0,1.5045375578801203,-1.9965887751182323,1.2192863538223253,-4.8902904604310224
01a0f881-6d6a-42f8-96dc-f91162346a2e,2026-04-29 03:00:00+00:00,0.0,11.7,4.2,60.0,1018.0,0.0,0,0.7990306627407987,-0.7990306627407986,2.6949967773349894,-2.1055622456137515
01a0f881-6d6a-42f8-96dc-f91162346a2e,2026-04-29 04:00:00+00:00,0.0,11.0,5.1,67.0,1018.6,0.0,0,1.3974057317497803,-1.6075314058745043,3.002671976725617,-4.997285363093314
01a0f881-6d6a-42f8-96dc-f91162346a2e,2026-04-29 05:00:00+00:00,0.0,11.6,4.6,62.0,1018.5,0.0,0,0.30406657291164607,-0.994556946201557,1.5138919182257782,-4.396661376536824
01a0f881-6d6a-42f8-96dc-f91162346a2e,2026-04-29 06:00:00+00:00,0.0,11.4,3.4,58.0,1017.8,0.0,0,-0.09068341586736287,-1.2968332653377714,1.2439793305215745,-5.3882664582623505
01a0f881-6d6a-42f8-96dc-f91162346a2e,2026-04-29 07:00:00+00:00,0.0,11.6,2.6,54.0,1017.0,0.0,0,2.4492935982947065e-17,-0.2,1.7792513063040574,-3.209854325201582
01a0f881-6d6a-42f8-96dc-f91162346a2e,2026-04-29 08:00:00+00:00,0.0,11.8,3.5,57.0,1016.7,0.0,0,0.6957546151624548,0.5054953169715269,2.5031580054003784,-2.503158005400378
01a0f881-6d6a-42f8-96dc-f91162346a2e,2026-04-29 09:00:00+00:00,0.0,11.0,2.8,57.0,1016.8,0.0,0,0.9945218953682733,-0.10452846326765355,1.3184974717697393,-2.194348289797407
01a0f881-6d6a-42f8-96dc-f91162346a2e,2026-04-29 10:00:00+00:00,0.0,10.5,3.7,63.0,1016.5,0.0,0,0.09899494936611666,-0.09899494936611665,0.20121526974640944,-0.7017210380349728
01a0f881-6d6a-42f8-96dc-f91162346a2e,2026-04-29 11:00:00+00:00,0.0,11.1,6.8,75.0,1016.4,0.0,0,1.1029846833736732,-0.19448595898696197,2.210780007495094,-0.9843026762434366
01a0f881-6d6a-42f8-96dc-f91162346a2e,2026-04-29 12:00:00+00:00,0.0,12.2,6.0,66.0,1016.1,0.0,0,0.7990306627407987,-0.7990306627407986,1.197953265070939,-0.9027225347280725
01a0f881-6d6a-42f8-96dc-f91162346a2e,2026-04-29 13:00:00+00:00,0.0,13.8,5.2,56.0,1015.6,0.0,0,1.2246467991473532e-16,-1.0,-0.09587131702242374,-1.0958141679009201
01a0f881-6d6a-42f8-96dc-f91162346a2e,2026-04-29 14:00:00+00:00,0.0,15.5,4.8,49.0,1015.2,0.0,0,0.4858942773827489,-2.104639339936108,0.5093836425035103,-2.3964616217978243
01a0f881-6d6a-42f8-96dc-f91162346a2e,2026-04-29 15:00:00+00:00,0.0,16.5,6.0,50.0,1015.1,0.0,0,1.8026332621851904,-3.0000855524573926,1.9764752793285998,-3.7172093659360828
01a0f881-6d6a-42f8-96dc-f91162346a2e,2026-04-29 16:00:00+00:00,0.0,16.9,6.9,52.0,1014.8,0.0,0,2.998132752230962,-2.9981327522309615,3.5001785668734104,-3.50017856687341
01a0f881-6d6a-42f8-96dc-f91162346a2e,2026-04-29 17:00:00+00:00,0.0,16.5,8.2,58.0,1014.2,0.0,0,3.6280064303175052,-4.17354397863193,3.863652448636149,-5.12723997450362
01a0f881-6d6a-42f8-96dc-f91162346a2e,2026-04-29 18:00:00+00:00,0.0,15.8,8.3,61.0,1013.5,0.0,0,4.2710182845484335,-3.336885196265068,4.726494214044094,-3.9659995517659477
01a0f881-6d6a-42f8-96dc-f91162346a2e,2026-04-29 19:00:00+00:00,0.0,15.4,8.8,65.0,1013.3,0.0,0,4.404755547934124,-3.6960287556976015,5.403720594395049,-4.697382647572032
01a0f881-6d6a-42f8-96dc-f91162346a2e,2026-04-29 20:00:00+00:00,0.0,14.1,9.1,72.0,1012.2,0.0,0,4.272878414011588,-4.126270720526445,5.546109860611,-5.35581603623887
01a0f881-6d6a-42f8-96dc-f91162346a2e,2026-04-29 21:00:00+00:00,0.0,12.6,8.4,76.0,1011.7,0.0,0,4.587251448018353,-3.212028043565858,6.261791536462093,-4.549457852743742
01a0f881-6d6a-42f8-96dc-f91162346a2e,2026-04-29 22:00:00+00:00,0.0,11.7,8.3,80.0,1011.1,0.0,0,3.2018413612027206,-2.5928000111253295,4.775345166856735,-3.730908540473489
01a0f881-6d6a-42f8-96dc-f91162346a2e,2026-04-29 23:00:00+00:00,0.0,10.8,8.2,84.0,1011.0,0.0,0,1.6904424529039237,-2.705273426738999,2.9036591463248183,-3.99654395221224
01a0f881-6d6a-42f8-96dc-f91162346a2e,2026-04-30 00:00:00+00:00,0.0,10.5,8.1,85.0,1011.2,0.0,0,2.092828302479718,-2.4075235609106427,3.5668514231268675,-3.824979859468262
01a0f881-6d6a-42f8-96dc-f91162346a2e,2026-04-30 01:00:00+00:00,0.0,10.2,8.9,92.0,1010.9,0.0,0,1.6810658215564733,-2.313788603912349,2.9036591463248183,-3.99654395221224
01a0f881-6d6a-42f8-96dc-f91162346a2e,2026-04-30 02:00:00+00:00,10.0,9.7,8.6,93.0,1011.0,0.0,0,2.2919248180628755,-1.1178464243121475,3.8832815729997474,-2.8213692110038706
01a0f881-6d6a-42f8-96dc-f91162346a2e,2026-04-30 03:00:00+00:00,0.0,9.1,8.4,95.0,1010.9,2.2,0,1.3886656276099008,-1.2071486133425333,1.3871731954102369,-1.9092801067248757
01a0f881-6d6a-42f8-96dc-f91162346a2e,2026-04-30 04:00:00+00:00,10.0,9.7,8.6,93.0,1010.1,1.1,0,1.9894936613298457,-1.6110602010875834,3.098176332247127,-3.208255509510385
01a0f881-6d6a-42f8-96dc-f91162346a2e,2026-04-30 05:00:00+00:00,0.0,9.2,8.3,94.0,1010.0,0.4,0,1.3854524215080462,-2.305780038888682,2.3331224793425465,-3.8829678721805685
01a0f881-6d6a-42f8-96dc-f91162346a2e,2026-04-30 06:00:00+00:00,0.0,9.0,8.2,95.0,1009.1,0.0,0,1.1001708507303551,-1.6941145472497563,2.325608679514166,-3.58112332512696
01a0f881-6d6a-42f8-96dc-f91162346a2e,2026-04-30 07:00:00+00:00,10.0,9.0,8.6,97.0,1008.5,0.0,0,1.0096848195340797,-1.2923376359150238,1.6843047540337188,-3.3056342047388445
01a0f881-6d6a-42f8-96dc-f91162346a2e,2026-04-30 08:00:00+00:00,0.0,9.1,8.5,96.0,1008.0,0.0,0,0.8055301005437919,-0.9947468306649228,0.794522332072515,-1.7038586396289017
01a0f881-6d6a-42f8-96dc-f91162346a2e,2026-04-30 09:00:00+00:00,0.0,9.3,8.5,95.0,1007.6,0.0,0,0.6010407640085654,-0.6010407640085653,1.1030865786510142,-1.103086578651014
01a0f881-6d6a-42f8-96dc-f91162346a2e,2026-04-30 10:00:00+00:00,10.0,9.5,8.7,95.0,1007.6,0.0,0,0.8055301005437919,-0.9947468306649228,0.8126429945337889,-1.5949016782971783
01a0f881-6d6a-42f8-96dc-f91162346a2e,2026-04-30 11:00:00+00:00,10.0,9.4,8.4,94.0,1008.1,0.0,0,2.0818995585505003e-16,-1.7,2.6942229581241775e-16,-2.2
01a0f881-6d6a-42f8-96dc-f91162346a2e,2026-04-30 12:00:00+00:00,10.0,9.7,8.9,95.0,1007.9,0.0,0,-0.09888543819998313,-0.30433808521444916,-0.7017210380349729,-0.2012152697464092
01a0f881-6d6a-42f8-96dc-f91162346a2e,2026-04-30 13:00:00+00:00,0.0,10.3,9.7,96.0,1007.5,0.0,0,-0.49812410837921245,-0.7971652103870405,-0.7018540818712503,-0.898332259111663
01a0f881-6d6a-42f8-96dc-f91162346a2e,2026-04-30 14:00:00+00:00,10.0,10.5,9.5,94.0,1007.6,0.0,0,0.5975146656328029,-0.5013743355555007,0.6995836886238546,-0.2969556576518481
01a0f881-6d6a-42f8-96dc-f91162346a2e,2026-04-30 15:00:00+00:00,10.0,11.5,9.9,90.0,1008.0,0.0,0,-0.39762551842292204,-1.3005744681097282,-0.5079504670360556,-1.1966563094881726
01a0f881-6d6a-42f8-96dc-f91162346a2e,2026-04-30 16:00:00+00:00,30.0,12.6,9.8,83.0,1007.4,0.0,0,-0.9945569462015568,-0.30406657291164657,-1.3005744681097282,-0.3976255184229225
01a0f881-6d6a-42f8-96dc-f91162346a2e,2026-04-30 17:00:00+00:00,40.0,14.0,10.4,79.0,1006.7,0.0,0,-2.295131414311285,0.7016920913345681,-2.8940993221413254,1.1109406435904312
01a0f881-6d6a-42f8-96dc-f91162346a2e,2026-04-30 18:00:00+00:00,120.0,14.8,10.0,73.0,1006.7,0.0,0,-0.6997632523482767,0.9993654940325697,-1.0027486711110019,1.1950293312656053
01a0f881-6d6a-42f8-96dc-f91162346a2e,2026-04-30 19:00:00+00:00,100.0,14.3,9.1,71.0,1006.6,0.0,0,-0.8917737905728732,-0.8029567276306298,-1.1939487424124129,-0.608347269650993
01a0f881-6d6a-42f8-96dc-f91162346a2e,2026-04-30 20:00:00+00:00,160.0,15.2,10.2,72.0,1006.2,0.0,0,-2.2015902827827576,0.19261419147232392,-2.302707071807867,-0.2827368766999414
01a0f881-6d6a-42f8-96dc-f91162346a2e,2026-04-30 21:00:00+00:00,140.0,15.9,7.9,59.0,1006.4,0.0,0,-2.7032017461536726,1.8928022399584519,-3.817248526386702,2.672866193395875
01a0f881-6d6a-42f8-96dc-f91162346a2e,2026-04-30 22:00:00+00:00,80.0,15.6,6.0,53.0,1007.2,0.0,0,-3.0961537632734606,1.716226055672034,-4.984692828701574,2.324400439573848
01a0f881-6d6a-42f8-96dc-f91162346a2e,2026-04-30 23:00:00+00:00,80.0,16.3,4.7,46.0,1007.6,0.0,0,-2.414274194621244,2.588992103731864,-3.7810986373711106,3.5259315215231175
01a0f881-6d6a-42f8-96dc-f91162346a2e,2026-05-01 00:00:00+00:00,0.0,15.2,3.9,47.0,1007.8,0.0,0,-1.79072115671889,1.2078566714968135,-2.3860779752203536,3.407672504242205
01a0f881-6d6a-42f8-96dc-f91162346a2e,2026-05-01 01:00:00+00:00,40.0,12.9,4.0,55.0,1008.8,0.0,0,-1.589056178945621,1.7040541247726677,-1.8070246910352292,2.8918440078934124
01a0f881-6d6a-42f8-96dc-f91162346a2e,2026-05-01 02:00:00+00:00,10.0,12.5,3.9,56.0,1009.8,0.0,0,-2.706314747863416,0.9850180127779267,-6.190486733640858,1.543461693925878
01a0f881-6d6a-42f8-96dc-f91162346a2e,2026-05-01 03:00:00+00:00,70.0,12.3,5.7,64.0,1010.3,0.0,0,-4.313189129407319,1.5698724578648207,-6.814801331065887,2.7533584616069526
01a0f881-6d6a-42f8-96dc-f91162346a2e,2026-05-01 04:00:00+00:00,80.0,11.4,5.5,67.0,1010.4,0.0,0,-3.0994870159707095,1.1897815924903972,-5.983281547440863,2.5397523351802778
01a0f881-6d6a-42f8-96dc-f91162346a2e,2026-05-01 05:00:00+00:00,0.0,10.7,1.5,53.0,1010.7,0.0,0,-2.408307010209636,1.6863147228720754,-4.985024816346852,4.81398250728085
01a0f881-6d6a-42f8-96dc-f91162346a2e,2026-05-01 06:00:00+00:00,0.0,10.2,0.7,52.0,1010.9,0.0,0,-1.2934225249810445,2.905074555303471,-2.895964898699697,6.504443658415319
01a0f881-6d6a-42f8-96dc-f91162346a2e,2026-05-01 07:00:00+00:00,0.0,8.9,0.6,56.0,1011.2,0.0,0,-1.9032463527769647,0.8874983496554693,-3.71179336974744,3.584437191568426
01a0f881-6d6a-42f8-96dc-f91162346a2e,2026-05-01 08:00:00+00:00,0.0,8.4,-0.9,52.0,1011.5,0.0,0,-1.9067864168765956,1.286143677982718,-5.136086174417969,4.959860765077241
01a0f881-6d6a-42f8-96dc-f91162346a2e,2026-05-01 09:00:00+00:00,0.0,7.9,-1.1,53.0,1011.9,0.0,0,-2.4896595082486925,1.2142880766057444,-6.207712063865039,3.8790090141870586
01a0f881-6d6a-42f8-96dc-f91162346a2e,2026-05-01 10:00:00+00:00,0.0,7.3,-0.7,57.0,1012.3,0.0,0,-2.604689389927193,0.9998465792313881,-6.199145263330685,2.8907089103063854
01a0f881-6d6a-42f8-96dc-f91162346a2e,2026-05-01 11:00:00+00:00,0.0,8.2,0.9,60.0,1013.0,0.0,0,-3.400058908537521,0.9110430387608714,-5.412629495726832,1.9700360255558533
01a0f881-6d6a-42f8-96dc-f91162346a2e,2026-05-01 12:00:00+00:00,0.0,9.7,1.1,55.0,1014.4,0.0,0,-3.7056687666194397,2.792421707425502,-5.4147487581206475,4.080305856970885
01a0f881-6d6a-42f8-96dc-f91162346a2e,2026-05-01 13:00:00+00:00,0.0,11.1,0.2,47.0,1013.2,0.0,0,-2.9843225043605073,3.3144259216291783,-3.981327107835206,4.421711711590496
01a0f881-6d6a-42f8-96dc-f91162346a2e,2026-05-01 14:00:00+00:00,0.0,12.7,0.1,42.0,1014.2,0.0,0,-3.1993236596432904,2.4995855898221735,-3.987334413250012,3.1152470651478317
01a0f881-6d6a-42f8-96dc-f91162346a2e,2026-05-01 15:00:00+00:00,0.0,14.2,-1.0,35.0,1013.9,0.0,0,-3.2915026837120953,1.3298534066264873,-3.9127158662718426,1.5808398242151485
01a0f881-6d6a-42f8-96dc-f91162346a2e,2026-05-01 16:00:00+00:00,0.0,15.5,-1.6,31.0,1013.0,0.0,0,-3.5027675718563476,0.8733380431147993,-4.192118086094557,1.123274655744938
01a0f881-6d6a-42f8-96dc-f91162346a2e,2026-05-01 17:00:00+00:00,0.0,16.5,-1.2,30.0,1012.2,0.0,0,-3.60016926123315,0.3783930370289038,-4.297724836606924,0.5276942569442895
01a0f881-6d6a-42f8-96dc-f91162346a2e,2026-05-01 18:00:00+00:00,0.0,17.4,-0.4,30.0,1011.6,0.0,0,-3.505189666988554,-0.18369920641273452,-4.19424404596921,-0.21981101622036608
01a0f881-6d6a-42f8-96dc-f91162346a2e,2026-05-01 19:00:00+00:00,0.0,18.1,-0.3,29.0,1012.6,0.0,0,-3.703831277231766,-0.5866292439008663,-4.405089999054314,-0.6976977140794304
01a0f881-6d6a-42f8-96dc-f91162346a2e,2026-05-01 20:00:00+00:00,0.0,18.4,0.0,29.0,1012.3,0.0,0,-3.3941721745463056,-0.7214535671376265,-4.108219923081983,-0.8732291014345911
01a0f881-6d6a-42f8-96dc-f91162346a2e,2026-05-01 21:00:00+00:00,0.0,18.4,0.5,30.0,1012.1,0.0,0,-2.9943700614961117,-0.802339039817814,-3.5951187428093134,-1.030883710755576
01a0f881-6d6a-42f8-96dc-f91162346a2e,2026-05-01 22:00:00+00:00,0.0,18.1,-0.3,29.0,1011.8,0.0,0,-2.213405530968272,-1.383089279648665,-2.788601800185892,-1.6100000000000014
01a0f881-6d6a-42f8-96dc-f91162346a2e,2026-05-01 23:00:00+00:00,10.0,16.9,0.9,34.0,1012.1,0.0,0,-0.29918490227734046,-1.295912186164363,-0.7945223320725145,-1.703858639628902
01a0f881-6d6a-42f8-96dc-f91162346a2e,2026-05-02 00:00:00+00:00,20.0,14.1,5.5,56.0,1011.9,0.0,0,2.6834153137589034,-2.0220984777908826,3.5819580588010407,-3.225209522649697
01a0f881-6d6a-42f8-96dc-f91162346a2e,2026-05-02 01:00:00+00:00,10.0,12.9,5.6,61.0,1011.7,0.0,0,1.4874531232321868,-2.205239942996411,2.5185361863101656,-4.191548100433328
01a0f881-6d6a-42f8-96dc-f91162346a2e,2026-05-02 02:00:00+00:00,20.0,11.7,5.3,65.0,1012.2,0.0,0,0.6997632523482761,-0.9993654940325701,1.206096750177748,-4.501214350507058
01a0f881-6d6a-42f8-96dc-f91162346a2e,2026-05-02 03:00:00+00:00,0.0,12.5,4.7,59.0,1012.4,0.0,0,-0.19601569122099202,-2.803154981230106,-0.9339137562901774,-5.896499393352972
01a0f881-6d6a-42f8-96dc-f91162346a2e,2026-05-02 04:00:00+00:00,0.0,12.4,4.1,57.0,1012.5,0.0,0,-2.1046393399361083,0.48589427738274826,-4.3801249065877945,2.631844562790377
01a0f881-6d6a-42f8-96dc-f91162346a2e,2026-05-02 05:00:00+00:00,10.0,12.0,5.6,65.0,1012.8,0.0,0,-1.3915092303249097,1.0109906339430534,-3.0188422279787677,2.274860787514741
01a0f881-6d6a-42f8-96dc-f91162346a2e,2026-05-02 06:00:00+00:00,0.0,10.7,1.8,54.0,1012.6,0.0,0,-2.6029180587359586,-2.8908333711070635,-4.971640405246316,-5.521566053297039
01a0f881-6d6a-42f8-96dc-f91162346a2e,2026-05-02 07:00:00+00:00,0.0,10.5,3.5,62.0,1012.8,0.0,0,-0.6164510307176031,-3.4960675231933385,-1.4576828321482451,-6.313918019808325
01a0f881-6d6a-42f8-96dc-f91162346a2e,2026-05-02 08:00:00+00:00,0.0,10.4,4.3,66.0,1012.9,0.0,0,-0.5105256423407756,-2.8953347938558913,-1.1448539722592683,-5.889763100685984
01a0f881-6d6a-42f8-96dc-f91162346a2e,2026-05-02 09:00:00+00:00,0.0,9.9,4.4,69.0,1012.4,0.0,0,-0.2950469740353389,-2.099368305732129,-1.272509170854251,-5.103755520211741
01a0f881-6d6a-42f8-96dc-f91162346a2e,2026-05-02 10:00:00+00:00,0.0,9.9,4.8,71.0,1012.0,0.0,0,0.40276505027189596,-0.4973734153324614,-0.9222993228098463,-3.9949172656194643
01a0f881-6d6a-42f8-96dc-f91162346a2e,2026-05-02 11:00:00+00:00,0.0,10.5,5.2,70.0,1011.9,0.0,0,-0.7127650845910882,-1.3988802429757377,-1.8136479866000401,-2.792772991258262
01a0f881-6d6a-42f8-96dc-f91162346a2e,2026-05-02 12:00:00+00:00,0.0,11.4,5.9,69.0,1012.5,0.0,0,-1.6810658215564729,-2.3137886039123496,-2.41339298327658,-3.0890021541383503
01a0f881-6d6a-42f8-96dc-f91162346a2e,2026-05-02 13:00:00+00:00,20.0,12.0,6.0,67.0,1012.6,0.0,0,-2.3933126189763447,-1.015900934072112,-3.099487015970709,-1.1897815924903983
01a0f881-6d6a-42f8-96dc-f91162346a2e,2026-05-02 14:00:00+00:00,50.0,13.5,6.1,61.0,1012.2,0.0,0,-1.9971998106359212,-1.2000387145404268,-2.5101585594900664,-1.3914036101069869
01a0f881-6d6a-42f8-96dc-f91162346a2e,2026-05-02 15:00:00+00:00,90.0,14.6,5.9,56.0,1012.2,0.0,0,-3.1980506464611067,-0.11167838944800244,-3.804778527414926,-0.1993999932856178
01a0f881-6d6a-42f8-96dc-f91162346a2e,2026-05-02 16:00:00+00:00,70.0,15.9,4.3,46.0,1011.9,0.0,0,-3.297989729163016,-0.1151683391182525,-4.099375550141204,-0.07155486639286233
01a0f881-6d6a-42f8-96dc-f91162346a2e,2026-05-02 17:00:00+00:00,50.0,15.3,4.4,48.0,1011.5,0.0,0,-4.010464559051019,1.785573863102761,-4.987958198728602,2.2207820711938666
01a0f881-6d6a-42f8-96dc-f91162346a2e,2026-05-02 18:00:00+00:00,30.0,15.4,3.2,44.0,1011.1,0.0,0,-3.694043530289577,1.8017054133031083,-4.583849636125752,2.2356928486242946
01a0f881-6d6a-42f8-96dc-f91162346a2e,2026-05-02 19:00:00+00:00,30.0,15.3,2.1,41.0,1010.8,0.0,0,-3.212108275230975,2.0859675041075523,-4.000458609099673,2.5979281970216768
01a0f881-6d6a-42f8-96dc-f91162346a2e,2026-05-02 20:00:00+00:00,10.0,15.3,1.0,38.0,1010.9,0.0,0,-3.1018563747155943,2.6964026091509843,-3.9018485297517325,3.3918251798809216
01a0f881-6d6a-42f8-96dc-f91162346a2e,2026-05-02 21:00:00+00:00,0.0,15.0,-0.4,35.0,1010.3,0.0,0,-2.503158005400379,2.5031580054003775,-3.0971277015970786,3.0971277015970773
01a0f881-6d6a-42f8-96dc-f91162346a2e,2026-05-02 22:00:00+00:00,0.0,14.5,-0.4,36.0,1010.2,0.0,0,-1.915941638665403,3.1886623586118574,-2.734383403443338,4.375928176167157
01a0f881-6d6a-42f8-96dc-f91162346a2e,2026-05-02 23:00:00+00:00,0.0,13.9,-1.7,34.0,1010.4,0.0,0,-1.5890446641450289,3.407717279257804,-2.3835669962175436,5.111575918886706
01a0f881-6d6a-42f8-96dc-f91162346a2e,2026-05-03 00:00:00+00:00,10.0,14.6,-4.7,26.0,1010.7,0.0,0,-3.7810986373711106,3.5259315215231175,-5.625606328863877,5.065318690136554
01a0f881-6d6a-42f8-96dc-f91162346a2e,2026-05-03 01:00:00+00:00,0.0,13.9,-3.9,29.0,1011.1,0.0,0,-2.105562245613751,2.6949967773349894,-3.832359844946926,5.274790803324656
01a0f881-6d6a-42f8-96dc-f91162346a2e,2026-05-03 02:00:00+00:00,0.0,12.4,-5.2,29.0,1011.5,0.0,0,-1.9873179008858088,2.207140131667861,-5.017086393107509,4.67850875002874
01a0f881-6d6a-42f8-96dc-f91162346a2e,2026-05-03 03:00:00+00:00,0.0,11.9,-3.5,34.0,1011.4,0.0,0,-1.420990264184782,2.788850420709591,-2.759697249166766,5.918189849349325
01a0f881-6d6a-42f8-96dc-f91162346a2e,2026-05-03 04:00:00+00:00,0.0,11.6,-5.0,31.0,1011.4,0.0,0,-0.9217224222347346,3.6968267171115468,-1.2499113756714464,7.89162984135515
01a0f881-6d6a-42f8-96dc-f91162346a2e,2026-05-03 05:00:00+00:00,0.0,10.8,-5.3,32.0,1011.3,0.0,0,-0.8940202705163675,4.206034683155364,-1.4482258017421994,8.213296660121815
01a0f881-6d6a-42f8-96dc-f91162346a2e,2026-05-03 06:00:00+00:00,0.0,10.3,-4.2,36.0,1010.8,0.0,0,-2.0140330043514716,3.7878451733647966,-3.331173106790803,7.481937298092902
01a0f881-6d6a-42f8-96dc-f91162346a2e,2026-05-03 07:00:00+00:00,0.0,9.2,-4.8,37.0,1010.4,0.0,0,-0.7790453257585872,2.9074367371300953,-1.1651792721451029,6.608060022711916
01a0f881-6d6a-42f8-96dc-f91162346a2e,2026-05-03 08:00:00+00:00,0.0,8.2,-4.0,42.0,1010.4,0.0,0,-1.4800090291509231,2.9046812688540786,-2.3050225335566696,6.694271515243163
01a0f881-6d6a-42f8-96dc-f91162346a2e,2026-05-03 09:00:00+00:00,0.0,7.3,-3.6,46.0,1010.5,0.0,0,-1.9050000000000018,3.2995567884187103,-3.271065345873012,7.014822271663672
01a0f881-6d6a-42f8-96dc-f91162346a2e,2026-05-03 10:00:00+00:00,0.0,7.1,-4.1,45.0,1010.7,0.0,0,-2.5889921037318633,2.414274194621245,-4.7842838354658355,5.313485502163369
01a0f881-6d6a-42f8-96dc-f91162346a2e,2026-05-03 11:00:00+00:00,0.0,7.6,-3.3,46.0,1011.4,0.0,0,-2.996197033484406,2.604554345092313,-4.607528320200773,4.296589668393741
01a0f881-6d6a-42f8-96dc-f91162346a2e,2026-05-03 12:00:00+00:00,0.0,8.0,-1.0,53.0,1012.5,0.0,0,-4.002787013858331,2.501218927180726,-5.911037892317447,3.987045401746426
01a0f881-6d6a-42f8-96dc-f91162346a2e,2026-05-03 13:00:00+00:00,0.0,9.2,-1.0,49.0,1012.2,0.0,0,-5.274790803324658,3.832359844946923,-7.296979578398243,5.701025261515598
01a0f881-6d6a-42f8-96dc-f91162346a2e,2026-05-03 14:00:00+00:00,50.0,11.1,-1.1,43.0,1012.1,0.0,0,-5.177040919906428,3.625003077738611,-6.67659286399537,5.03117359355112
01a0f881-6d6a-42f8-96dc-f91162346a2e,2026-05-03 15:00:00+00:00,30.0,11.6,-3.7,34.0,1012.1,0.0,0,-6.219225538834809,3.1688536881820357,-8.125979500597916,4.140393357624665
01a0f881-6d6a-42f8-96dc-f91162346a2e,2026-05-03 16:00:00+00:00,30.0,11.8,-3.2,35.0,1012.4,0.0,0,-6.305458246149217,2.6765082301515233,-8.392410107959376,3.913445103718878
01a0f881-6d6a-42f8-96dc-f91162346a2e,2026-05-03 17:00:00+00:00,20.0,13.0,-2.1,35.0,1012.1,0.0,0,-6.712443266514881,2.57666555723071,-8.91768297125827,3.245771160160599
01a0f881-6d6a-42f8-96dc-f91162346a2e,2026-05-03 18:00:00+00:00,20.0,13.8,-2.7,32.0,1011.8,0.0,0,-7.1961474058535595,1.9282018860137762,-9.697895295942246,2.5985432128293033
01a0f881-6d6a-42f8-96dc-f91162346a2e,2026-05-03 19:00:00+00:00,30.0,14.9,-3.5,28.0,1011.3,0.0,0,-6.407596054349114,2.9879111105067464,-8.623869120146153,3.8395939106355494
01a0f881-6d6a-42f8-96dc-f91162346a2e,2026-05-03 20:00:00+00:00,10.0,15.7,-4.3,25.0,1011.0,0.0,0,-6.573733528878523,2.6559607473188156,-9.077129936208848,3.667398549541778
01a0f881-6d6a-42f8-96dc-f91162346a2e,2026-05-03 21:00:00+00:00,20.0,16.3,-5.5,22.0,1010.1,0.0,0,-6.002922142377007,2.3043059155762813,-8.282742722250017,2.8519770330446894
01a0f881-6d6a-42f8-96dc-f91162346a2e,2026-05-03 22:00:00+00:00,0.0,16.2,-6.2,21.0,1010.7,0.0,0,-5.804769868695625,1.7746962476670118,-8.00124737400253,1.700717630889272
01a0f881-6d6a-42f8-96dc-f91162346a2e,2026-05-03 23:00:00+00:00,0.0,16.4,-6.0,21.0,1010.8,0.0,0,-4.896280350530741,1.496943128180412,-7.382672716034634,2.2571095604595275
01a0f881-6d6a-42f8-96dc-f91162346a2e,2026-05-04 00:00:00+00:00,0.0,14.4,-5.4,25.0,1012.2,0.0,0,-2.298646861724443,-0.4885924734217355,-5.101687219436395,-0.6264084251024564
01a0f881-6d6a-42f8-96dc-f91162346a2e,2026-05-04 01:00:00+00:00,0.0,13.1,-4.6,29.0,1012.5,0.0,0,-1.8086230044814564,-1.0867303380602147,-5.389593280043268,-1.1455934164058563
01a0f881-6d6a-42f8-96dc-f91162346a2e,2026-05-04 02:00:00+00:00,0.0,11.1,-0.7,44.0,1013.1,0.0,0,-2.094678797506372,-1.3089005826560165,-6.419708650403165,-3.5585026126081125
01a0f881-6d6a-42f8-96dc-f91162346a2e,2026-05-04 03:00:00+00:00,0.0,10.0,0.0,50.0,1013.5,0.0,0,-2.604695398933835,-1.3849411102183777,-6.815434558515609,-3.1780893282900577
01a0f881-6d6a-42f8-96dc-f91162346a2e,2026-05-04 04:00:00+00:00,0.0,9.3,0.2,53.0,1013.1,0.0,0,-2.8949912306314003,-1.6047198430153748,-7.893032754032073,-3.514204596174913
01a0f881-6d6a-42f8-96dc-f91162346a2e,2026-05-04 05:00:00+00:00,0.0,8.7,0.9,58.0,1013.2,0.0,0,-2.703201746153672,-1.892802239958453,-7.699303009729844,-4.0937920274929676
01a0f881-6d6a-42f8-96dc-f91162346a2e,2026-05-04 06:00:00+00:00,0.0,8.2,1.1,61.0,1013.2,0.0,0,-2.703201746153672,-1.892802239958453,-7.689386303745614,-3.9179380127522903
01a0f881-6d6a-42f8-96dc-f91162346a2e,2026-05-04 07:00:00+00:00,0.0,7.8,1.6,65.0,1014.3,0.0,0,-2.3018642196794543,-2.000980038421047,-7.413177456394794,-4.280000000000004
01a0f881-6d6a-42f8-96dc-f91162346a2e,2026-05-04 08:00:00+00:00,0.0,7.4,1.7,67.0,1014.5,0.0,0,-2.2980970388562794,-2.29809703885628,-6.800027162748492,-5.506553421686081
01a0f881-6d6a-42f8-96dc-f91162346a2e,2026-05-04 09:00:00+00:00,0.0,6.9,1.6,69.0,1014.7,0.0,0,-2.0193696390681586,-2.584675271830048,-5.596463646634707,-5.404442122170999
01a0f881-6d6a-42f8-96dc-f91162346a2e,2026-05-04 10:00:00+00:00,0.0,6.3,1.4,71.0,1014.9,0.0,0,-2.0186863815293954,-2.9928256369237007,-5.048424097670397,-6.46168817957512
01a0f881-6d6a-42f8-96dc-f91162346a2e,2026-05-04 11:00:00+00:00,0.0,7.6,2.3,69.0,1015.3,0.0,0,-2.2779474587049355,-2.9156397883448717,-5.404442122170999,-5.596463646634706
01a0f881-6d6a-42f8-96dc-f91162346a2e,2026-05-04 12:00:00+00:00,0.0,10.2,3.5,63.0,1014.9,0.0,0,-2.4018581444162694,-3.69853720463932,-4.12625247109316,-5.679299300512131
01a0f881-6d6a-42f8-96dc-f91162346a2e,2026-05-04 13:00:00+00:00,0.0,12.8,5.7,62.0,1014.1,0.0,0,-3.2257285240949796,-4.28068633385349,-4.85062908660551,-6.437002210981181
01a0f881-6d6a-42f8-96dc-f91162346a2e,2026-05-04 14:00:00+00:00,0.0,15.7,4.1,46.0,1014.3,0.0,0,-3.49144439861729,-4.805560946587188,-5.3562548353332256,-6.855693556378481
01a0f881-6d6a-42f8-96dc-f91162346a2e,2026-05-04 15:00:00+00:00,0.0,18.0,2.7,36.0,1013.8,0.0,0,-4.071702930092449,-5.028134370626601,-5.752949106694526,-6.8560977659148525
01a0f881-6d6a-42f8-96dc-f91162346a2e,2026-05-04 16:00:00+00:00,0.0,20.0,0.9,28.0,1013.4,0.0,0,-4.727922219479973,-3.562744937060126,-6.1654661375651,-4.646011978733813
01a0f881-6d6a-42f8-96dc-f91162346a2e,2026-05-04 17:00:00+00:00,0.0,21.2,0.4,25.0,1012.7,0.0,0,-5.291722206106885,-3.7053037788277594,-7.069282142213998,-4.949964645709531
01a0f881-6d6a-42f8-96dc-f91162346a2e,2026-05-04 18:00:00+00:00,0.0,22.0,-0.1,23.0,1012.0,0.0,0,-4.473731849373913,-4.028166250280326,-5.932017300550989,-5.156623967865388
01a0f881-6d6a-42f8-96dc-f91162346a2e,2026-05-04 19:00:00+00:00,0.0,22.6,-0.9,21.0,1011.6,0.0,0,-3.981327107835207,-4.421711711590496,-5.305947241286238,-5.689931798597147
01a0f881-6d6a-42f8-96dc-f91162346a2e,2026-05-04 20:00:00+00:00,0.0,22.9,-0.6,21.0,1011.5,0.0,0,-4.421960520690162,-3.5808330250735776,-5.80528033208357,-4.701023321142288
01a0f881-6d6a-42f8-96dc-f91162346a2e,2026-05-04 21:00:00+00:00,0.0,22.7,0.5,23.0,1011.2,0.0,0,-4.083016881824152,-3.4260579596292553,-5.4711075686570725,-4.430415552990858
01a0f881-6d6a-42f8-96dc-f91162346a2e,2026-05-04 22:00:00+00:00,0.0,22.4,1.4,25.0,1011.0,0.0,0,-3.3130322683348425,-3.0894525710831187,-4.629792262724167,-4.168683677615687
01a0f881-6d6a-42f8-96dc-f91162346a2e,2026-05-04 23:00:00+00:00,0.0,21.8,2.0,27.0,1011.1,0.0,0,-2.39816382935329,-3.300789337049786,-3.8010951619410194,-4.693961607200103
01a0f881-6d6a-42f8-96dc-f91162346a2e,2026-05-07 00:00:00+00:00,60.0,18.5,14.6,78.0,1007.5,0.0,0,-0.8953124247571811,-2.600176082898121,-3.005417108275799,-5.8984631901269955
01a0f881-6d6a-42f8-96dc-f91162346a2e,2026-05-07 01:00:00+00:00,50.0,17.0,13.7,81.0,1007.9,0.0,0,-0.204295724882796,-0.40095293588476555,-2.8991378028648445,-2.8991378028648453
01a0f881-6d6a-42f8-96dc-f91162346a2e,2026-05-07 02:00:00+00:00,120.0,17.5,15.6,89.0,1008.5,1.1,0,-3.188273647172678,-1.4195108843345425,-5.923026047851595,-3.558913097628476
01a0f881-6d6a-42f8-96dc-f91162346a2e,2026-05-07 03:00:00+00:00,0.0,14.8,11.2,79.0,1008.5,0.0,0,-1.7977315079509217,2.300991400531628,-3.7168910623406157,3.9858776738244805
01a0f881-6d6a-42f8-96dc-f91162346a2e,2026-05-07 04:00:00+00:00,0.0,14.0,10.2,78.0,1008.9,0.0,0,-1.6810658215564738,2.313788603912349,-3.068239016966711,4.223068710637225
01a0f881-6d6a-42f8-96dc-f91162346a2e,2026-05-07 05:00:00+00:00,0.0,13.2,10.2,82.0,1009.1,0.0,0,-1.7115389014053297,2.190669895026687,-3.478490833818839,4.616113248073352
01a0f881-6d6a-42f8-96dc-f91162346a2e,2026-05-07 06:00:00+00:00,0.0,11.9,9.6,86.0,1009.3,1.4,0,-2.1042712032070545,2.8962808398623117,-3.2643026676765428,5.223976272323584
01a0f881-6d6a-42f8-96dc-f91162346a2e,2026-05-07 07:00:00+00:00,0.0,11.1,8.9,86.0,1009.7,0.0,0,-3.505053475531438,1.2757351346047454,-5.302884873165086,2.586389766055557
01a0f881-6d6a-42f8-96dc-f91162346a2e,2026-05-07 08:00:00+00:00,0.0,10.4,8.5,88.0,1009.9,0.0,0,-2.719457773072372,2.2818960143872142,-4.172170841964176,4.029018548662184
01a0f881-6d6a-42f8-96dc-f91162346a2e,2026-05-07 09:00:00+00:00,0.0,10.2,8.6,90.0,1009.8,0.0,0,-2.3876282089585197,1.6104755619957514,-3.424218660741832,2.8732606152988303
01a0f881-6d6a-42f8-96dc-f91162346a2e,2026-05-07 10:00:00+00:00,0.0,10.3,7.5,83.0,1009.8,0.0,0,-2.414274194621244,2.588992103731864,-4.733068618833738,5.075594689237045
01a0f881-6d6a-42f8-96dc-f91162346a2e,2026-05-07 11:00:00+00:00,0.0,10.2,8.1,87.0,1010.4,0.0,0,-2.0957814771583414,1.2100000000000002,-3.2912791630435154,2.2199958267788658
01a0f881-6d6a-42f8-96dc-f91162346a2e,2026-05-07 12:00:00+00:00,0.0,10.5,7.0,79.0,1011.0,0.0,0,-3.4900823772512877,2.0150000000000006,-4.6275772078247,3.362131643112945
01a0f881-6d6a-42f8-96dc-f91162346a2e,2026-05-07 13:00:00+00:00,0.0,11.8,7.5,75.0,1011.0,0.0,0,-2.191876049503385,1.1168166293592847,-2.5126383982111977,1.2802532092655214
01a0f881-6d6a-42f8-96dc-f91162346a2e,2026-05-07 14:00:00+00:00,0.0,13.1,3.7,53.0,1010.9,0.0,0,-1.9050000000000018,3.2995567884187103,-2.700901723763706,4.004251475440852
01a0f881-6d6a-42f8-96dc-f91162346a2e,2026-05-07 15:00:00+00:00,0.0,15.0,0.0,36.0,1010.9,0.0,0,-2.518536186310166,4.191548100433328,-3.131727342476714,4.472570161817894
01a0f881-6d6a-42f8-96dc-f91162346a2e,2026-05-07 16:00:00+00:00,0.0,16.6,1.1,35.0,1010.7,0.0,0,-2.6045543450923145,2.9961970334844046,-3.3758918823093667,3.620200823014895
01a0f881-6d6a-42f8-96dc-f91162346a2e,2026-05-07 17:00:00+00:00,0.0,17.8,0.4,31.0,1009.5,0.0,0,-2.7994732329497602,2.898939395364763,-3.5225064727628506,3.171679074140986
01a0f881-6d6a-42f8-96dc-f91162346a2e,2026-05-07 18:00:00+00:00,0.0,18.0,0.1,30.0,1008.7,0.0,0,-2.99809648209771,2.099289757044829,-3.581123325126961,2.3256086795141635
01a0f881-6d6a-42f8-96dc-f91162346a2e,2026-05-07 19:00:00+00:00,0.0,18.3,0.4,30.0,1008.5,0.0,0,-3.0930409265987437,2.5046951563783533,-3.590414341931205,2.9074602066502493
01a0f881-6d6a-42f8-96dc-f91162346a2e,2026-05-07 20:00:00+00:00,20.0,18.9,1.4,31.0,1007.4,0.0,0,-2.106352581032169,2.795224285165525,-2.8732606152988316,3.4242186607418303
01a0f881-6d6a-42f8-96dc-f91162346a2e,2026-05-07 21:00:00+00:00,20.0,18.8,0.8,30.0,1007.2,0.0,0,-1.6893248857049785,2.8115087463029274,-2.6045543450923145,2.9961970334844046
01a0f881-6d6a-42f8-96dc-f91162346a2e,2026-05-07 22:00:00+00:00,40.0,18.5,0.1,29.0,1007.5,0.0,0,-2.89672540481402,2.999646967412174,-3.9317663767979263,4.071463269916764
01a0f881-6d6a-42f8-96dc-f91162346a2e,2026-05-07 23:00:00+00:00,10.0,17.6,-1.6,27.0,1007.5,0.0,0,-1.2776907901599257,3.0100508707894797,-2.2910212263951473,4.308784253151564
01a0f881-6d6a-42f8-96dc-f91162346a2e,2026-05-08 00:00:00+00:00,10.0,15.7,-1.4,31.0,1007.9,0.0,0,-0.3924192857645741,3.1959986082850573,-0.8283018074712579,4.697532981868232
01a0f881-6d6a-42f8-96dc-f91162346a2e,2026-05-08 01:00:00+00:00,10.0,14.8,0.3,37.0,1008.7,0.0,0,-2.6942229581241775e-16,1.1,0.3192976797214864,2.600470917300264
01a0f881-6d6a-42f8-96dc-f91162346a2e,2026-05-08 02:00:00+00:00,0.0,13.2,-0.2,40.0,1008.9,0.0,0,-0.3320633798685782,3.7955017997295504,-0.28313752327432906,5.402585783022245
01a0f881-6d6a-42f8-96dc-f91162346a2e,2026-05-08 03:00:00+00:00,0.0,12.4,-0.5,41.0,1009.1,0.0,0,-1.1,-2.0206672185931328e-16,-2.0025194542332345,0.38925035056815205
01a0f881-6d6a-42f8-96dc-f91162346a2e,2026-05-08 04:00:00+00:00,0.0,11.8,3.3,56.0,1009.1,0.0,0,1.6009206806013603,-1.2964000055626648,0.6997632523482761,-0.9993654940325701
01a0f881-6d6a-42f8-96dc-f91162346a2e,2026-05-08 05:00:00+00:00,80.0,11.0,4.5,64.0,1009.6,0.0,0,0.9008582983535778,-0.4993539088537271,-0.20228756044459267,0.5006792814660652
01a0f881-6d6a-42f8-96dc-f91162346a2e,2026-05-08 06:00:00+00:00,20.0,12.7,2.5,50.0,1010.5,0.0,0,-2.282037556712963,3.514029679691327,-3.023396864341137,5.68618249801149
01a0f881-6d6a-42f8-96dc-f91162346a2e,2026-05-08 07:00:00+00:00,0.0,9.7,2.7,62.0,1011.2,0.0,0,-0.16402763450175387,4.6971368869897505,-0.14136449214199684,8.098766330766768
01a0f881-6d6a-42f8-96dc-f91162346a2e,2026-05-08 08:00:00+00:00,0.0,9.4,4.0,69.0,1011.1,0.0,0,-1.2142880766057456,2.489659508248692,-1.5483001318378744,6.209892648166377
01a0f881-6d6a-42f8-96dc-f91162346a2e,2026-05-08 09:00:00+00:00,0.0,8.5,4.1,74.0,1011.5,0.0,0,-1.3184974717697395,2.194348289797407,-1.9067679070276564,4.492063684847908
01a0f881-6d6a-42f8-96dc-f91162346a2e,2026-05-08 10:00:00+00:00,0.0,7.9,4.1,77.0,1011.9,0.0,0,-0.9,-1.6532731788489269e-16,-3.696978488928919,1.4191370801993894
01a0f881-6d6a-42f8-96dc-f91162346a2e,2026-05-08 11:00:00+00:00,0.0,9.0,4.6,74.0,1012.5,0.0,0,-2.5031493177915425,0.48656293821019,-4.198736611464258,0.5900939480706776
01a0f881-6d6a-42f8-96dc-f91162346a2e,2026-05-08 12:00:00+00:00,0.0,10.3,4.9,69.0,1012.9,0.0,0,-2.804551744938531,0.2947702664147814,-3.6996214507699774,0.3888458833556691
01a0f881-6d6a-42f8-96dc-f91162346a2e,2026-05-08 13:00:00+00:00,0.0,12.5,4.7,59.0,1012.7,0.0,0,-3.2019758967107887,0.7983422554789025,-3.9949172656194643,0.9222993228098461
01a0f881-6d6a-42f8-96dc-f91162346a2e,2026-05-08 14:00:00+00:00,0.0,14.5,2.4,44.0,1012.8,0.0,0,-3.505189666988554,0.18369920641273324,-4.294106999444668,0.22504461184465896
01a0f881-6d6a-42f8-96dc-f91162346a2e,2026-05-08 15:00:00+00:00,20.0,16.2,1.8,38.0,1012.6,0.0,0,-3.106669454637338,-0.38145104485811065,-3.7990736403068044,-0.3992987296824358
01a0f881-6d6a-42f8-96dc-f91162346a2e,2026-05-08 16:00:00+00:00,10.0,16.3,0.8,35.0,1012.9,0.0,0,-5.598606340612499,-1.395889337610083,-7.112901472932216,-1.6421426967102164
01a0f881-6d6a-42f8-96dc-f91162346a2e,2026-05-08 17:00:00+00:00,80.0,16.6,1.5,36.0,1012.0,0.0,0,-5.904682592598524,-1.3632033893238233,-7.382672716034633,-2.25710956045953
01a0f881-6d6a-42f8-96dc-f91162346a2e,2026-05-08 18:00:00+00:00,90.0,17.1,1.5,35.0,1012.0,0.0,0,-6.693922345074565,-1.5454137433423543,-9.007022090942048,-2.5827220240052795
01a0f881-6d6a-42f8-96dc-f91162346a2e,2026-05-08 19:00:00+00:00,60.0,16.8,1.3,35.0,1011.6,0.0,0,-5.800517665241905,-1.0227877664582197,-7.717584569789726,-1.6404232405521246
01a0f881-6d6a-42f8-96dc-f91162346a2e,2026-05-08 20:00:00+00:00,100.0,17.6,2.7,37.0,1011.5,0.0,0,-7.397302473499529,-1.0396230641716917,-10.699647514693451,-1.3137515219074865
01a0f881-6d6a-42f8-96dc-f91162346a2e,2026-05-08 21:00:00+00:00,90.0,16.5,3.9,43.0,1011.3,0.0,0,-4.80354075462876,-0.5048724775827658,-6.699686523578924,-0.8226180679847434
01a0f881-6d6a-42f8-96dc-f91162346a2e,2026-05-08 22:00:00+00:00,70.0,17.1,5.3,46.0,1011.4,0.0,0,-1.915507076865888,2.282812440494554,-2.6021529547664954,2.6021529547664946
01a0f881-6d6a-42f8-96dc-f91162346a2e,2026-05-08 23:00:00+00:00,60.0,16.0,5.0,48.0,1011.3,0.0,0,-1.3184974717697395,2.194348289797407,-1.811785007245219,2.6860817350783357
01a0f881-6d6a-42f8-96dc-f91162346a2e,2026-05-09 00:00:00+00:00,70.0,15.0,4.4,49.0,1011.7,0.0,0,-0.2950469740353397,2.099368305732129,-0.7214535671376268,3.3941721745463056
01a0f881-6d6a-42f8-96dc-f91162346a2e,2026-05-09 01:00:00+00:00,10.0,14.2,5.2,55.0,1012.2,0.0,0,0.9041007981249449,1.3921931427894039,1.9990595805341904,1.7999613311053286
01a0f881-6d6a-42f8-96dc-f91162346a2e,2026-05-09 02:00:00+00:00,0.0,13.8,4.9,55.0,1013.1,0.0,0,0.2022875604445925,0.5006792814660652,1.8962399981120273,0.8049061246879039
01a0f881-6d6a-42f8-96dc-f91162346a2e,2026-05-09 03:00:00+00:00,0.0,13.4,5.1,57.0,1013.3,0.0,0,0.194485958986962,1.1029846833736732,2.8024586345386444,-0.39385987571698494
01a0f881-6d6a-42f8-96dc-f91162346a2e,2026-05-09 04:00:00+00:00,0.0,12.4,4.4,58.0,1013.1,0.0,0,-0.08897112561300542,1.6976702090827755,1.8976063454235828,0.4033486801864533
01a0f881-6d6a-42f8-96dc-f91162346a2e,2026-05-09 05:00:00+00:00,0.0,12.3,4.3,58.0,1013.2,0.0,0,-0.29505371141687353,1.1011554419695377,0.6025945476447633,1.0028857418214714
01a0f881-6d6a-42f8-96dc-f91162346a2e,2026-05-09 06:00:00+00:00,0.0,12.0,6.3,68.0,1013.1,0.0,0,-0.8936349552907696,1.1035472652688982,-0.6954225707299379,0.7999921550361383
01a0f881-6d6a-42f8-96dc-f91162346a2e,2026-05-09 07:00:00+00:00,0.0,13.1,6.2,63.0,1012.4,0.0,0,0.0906834158673629,1.2968332653377714,0.29918490227734046,1.295912186164363
01a0f881-6d6a-42f8-96dc-f91162346a2e,2026-05-09 08:00:00+00:00,0.0,12.7,5.8,63.0,1012.5,0.0,0,-1.1938141044792598,0.8052377809978757,-0.29845352611981496,0.20130944524946892
01a0f881-6d6a-42f8-96dc-f91162346a2e,2026-05-09 09:00:00+00:00,0.0,11.6,5.9,68.0,1012.3,0.0,0,-0.4921513381217182,1.1053900037475473,0.6010407640085654,-0.6010407640085653
01a0f881-6d6a-42f8-96dc-f91162346a2e,2026-05-09 10:00:00+00:00,0.0,11.2,7.5,78.0,1012.2,0.0,0,0.20649349385310475,1.303748609585582,0.29698484809834996,0.29698484809834996
01a0f881-6d6a-42f8-96dc-f91162346a2e,2026-05-09 11:00:00+00:00,0.0,12.4,7.9,74.0,1012.7,0.0,0,-0.09881290168164678,0.7030903288065149,0.6083472696509927,1.193948742412413
01a0f881-6d6a-42f8-96dc-f91162346a2e,2026-05-09 12:00:00+00:00,0.0,13.5,7.1,65.0,1012.7,0.0,0,0.507950467036056,-1.1966563094881726,0.6068626813337779,-1.5020378443981957
01a0f881-6d6a-42f8-96dc-f91162346a2e,2026-05-09 13:00:00+00:00,0.0,14.5,9.9,74.0,1012.6,0.0,0,-0.5975146656328028,-0.5013743355555008,-0.9027225347280725,-1.1979532650709392
01a0f881-6d6a-42f8-96dc-f91162346a2e,2026-05-09 14:00:00+00:00,20.0,16.8,9.5,62.0,1012.3,0.0,0,0.40975157600920264,-3.8985258298436314,5.878304635907295e-16,-4.8
01a0f881-6d6a-42f8-96dc-f91162346a2e,2026-05-09 15:00:00+00:00,100.0,17.7,10.5,63.0,1012.4,0.0,0,3.5514757175273243e-16,-2.9,-0.12214823845875315,-3.497867894566835
01a0f881-6d6a-42f8-96dc-f91162346a2e,2026-05-09 16:00:00+00:00,200.0,18.6,11.9,65.0,1012.0,0.0,0,-1.7162260556720328,-3.0961537632734615,-2.1950000000000003,-3.8018515226136853
01a0f881-6d6a-42f8-96dc-f91162346a2e,2026-05-09 17:00:00+00:00,130.0,19.0,9.7,55.0,1011.0,0.0,0,-1.964537986056115,-4.412424560413762,-3.1688536881820357,-6.2192255388348086
01a0f881-6d6a-42f8-96dc-f91162346a2e,2026-05-09 18:00:00+00:00,80.0,18.4,10.2,59.0,1011.2,0.0,0,-2.1117614461953518,-2.186792993029499,-2.41339298327658,-3.0890021541383503
01a0f881-6d6a-42f8-96dc-f91162346a2e,2026-05-09 19:00:00+00:00,50.0,16.0,12.7,81.0,1011.3,0.0,0,-3.2952532234491887,0.4046062201050903,-4.702038974993039,0.4113751057689452
01a0f881-6d6a-42f8-96dc-f91162346a2e,2026-05-09 20:00:00+00:00,90.0,17.1,11.8,71.0,1011.4,0.0,0,-2.6967794118157595,-0.8244882073181186,-3.599022737610029,-1.3099371489373106
01a0f881-6d6a-42f8-96dc-f91162346a2e,2026-05-09 21:00:00+00:00,30.0,15.5,11.4,77.0,1010.9,0.0,0,0.39917112773945174,1.6009879483553942,0.10463471061618795,1.4963460753897362
01a0f881-6d6a-42f8-96dc-f91162346a2e,2026-05-09 22:00:00+00:00,40.0,13.9,12.1,89.0,1011.1,0.0,0,0.5020458146424488,0.5020458146424488,0.09765906324177542,1.3965896703637537
01a0f881-6d6a-42f8-96dc-f91162346a2e,2026-05-09 23:00:00+00:00,20.0,13.8,11.6,87.0,1010.5,0.0,0,2.2,1.3471114790620887e-16,3.405326713513097,0.17846561078843892
01a0f881-6d6a-42f8-96dc-f91162346a2e,2026-05-10 00:00:00+00:00,10.0,13.4,11.9,91.0,1010.3,0.0,0,0.40276505027189596,0.4973734153324614,0.7030903288065149,0.09881290168164647
01a0f881-6d6a-42f8-96dc-f91162346a2e,2026-05-10 01:00:00+00:00,0.0,12.4,10.8,90.0,1010.6,0.0,0,0.5020458146424488,0.5020458146424488,1.105390003747547,0.49215133812171824
01a0f881-6d6a-42f8-96dc-f91162346a2e,2026-05-10 02:00:00+00:00,0.0,11.7,10.5,92.0,1011.1,0.0,0,-0.5006792814660652,-0.20228756044459265,0.6943328138049504,-0.6035743066712667
01a0f881-6d6a-42f8-96dc-f91162346a2e,2026-05-10 03:00:00+00:00,0.0,11.2,9.6,90.0,1011.0,0.0,0,0.99936549403257,0.6997632523482762,1.4034420760699455,0.40243053949281876
01a0f881-6d6a-42f8-96dc-f91162346a2e,2026-05-10 04:00:00+00:00,0.0,10.8,9.4,91.0,1011.2,0.0,0,-0.49715703440722514,0.2987220834478314,0.10452846326765373,-0.9945218953682733
01a0f881-6d6a-42f8-96dc-f91162346a2e,2026-05-10 05:00:00+00:00,0.0,10.4,8.8,90.0,1011.4,0.0,0,0.7030903288065149,0.09881290168164647,1.303748609585582,-0.20649349385310467
01a0f881-6d6a-42f8-96dc-f91162346a2e,2026-05-10 06:00:00+00:00,0.0,10.6,9.8,95.0,1011.1,0.0,0,0.09512090157356466,0.9050149247851287,0.6018150231520483,0.7986355100472928
01a0f881-6d6a-42f8-96dc-f91162346a2e,2026-05-10 07:00:00+00:00,0.0,11.4,11.1,98.0,1011.3,0.0,0,0.3046127571135052,0.7935433625226215,1.0867303380602142,1.8086230044814569
01a0f881-6d6a-42f8-96dc-f91162346a2e,2026-05-10 08:00:00+00:00,0.0,11.6,11.2,97.0,1011.4,0.0,0,-0.48859247342173573,2.298646861724443,-0.3146322313190465,3.596262860111201
01a0f881-6d6a-42f8-96dc-f91162346a2e,2026-05-10 09:00:00+00:00,0.0,11.7,11.4,98.0,1012.0,0.0,0,0.09765906324177542,1.3965896703637537,0.3892503505681514,2.0025194542332345
01a0f881-6d6a-42f8-96dc-f91162346a2e,2026-05-10 10:00:00+00:00,0.0,11.6,11.3,98.0,1011.9,0.0,0,0.6908806895178508,1.8981790939875351,1.8054450694561448,2.3959065301418785
01a0f881-6d6a-42f8-96dc-f91162346a2e,2026-05-10 11:00:00+00:00,0.0,11.8,11.6,99.0,1011.9,0.0,0,0.6957546151624548,0.5054953169715269,0.997020561473032,0.997020561473032
01a0f881-6d6a-42f8-96dc-f91162346a2e,2026-05-10 12:00:00+00:00,10.0,12.4,11.8,96.0,1012.5,0.0,0,0.9979273070909721,-0.5084693597082924,1.3921931427894039,-0.9041007981249449
01a0f881-6d6a-42f8-96dc-f91162346a2e,2026-05-10 13:00:00+00:00,10.0,13.1,12.0,93.0,1013.1,0.0,0,-0.09899494936611665,-0.09899494936611669,-0.09987790994270027,-0.19602143532144095
01a0f881-6d6a-42f8-96dc-f91162346a2e,2026-05-10 14:00:00+00:00,0.0,13.3,12.8,97.0,1013.3,0.0,0,0.2064934938531049,-1.3037486095855817,0.2083965772228023,-1.6972539193066605
01a0f881-6d6a-42f8-96dc-f91162346a2e,2026-05-10 15:00:00+00:00,10.0,15.0,14.0,94.0,1013.5,0.0,0,-0.30417363482549625,-0.5969743712062066,-0.5013743355555006,-0.5975146656328029
01a0f881-6d6a-42f8-96dc-f91162346a2e,2026-05-10 16:00:00+00:00,20.0,16.7,14.9,89.0,1013.2,0.0,0,0.19468070645621693,-0.5991656052659468,0.09731258764203794,-0.5006298635583086
01a0f881-6d6a-42f8-96dc-f91162346a2e,2026-05-10 17:00:00+00:00,120.0,19.6,15.2,76.0,1012.9,0.0,0,0.10463471061618829,-1.4963460753897362,0.21010221116798397,-1.9989890096902292
01a0f881-6d6a-42f8-96dc-f91162346a2e,2026-05-10 18:00:00+00:00,430.0,22.3,15.9,67.0,1012.5,0.0,0,-0.8055301005437921,-0.9947468306649226,-0.9027225347280725,-1.1979532650709392
01a0f881-6d6a-42f8-96dc-f91162346a2e,2026-05-10 19:00:00+00:00,570.0,24.3,14.1,53.0,1012.5,0.0,0,-2.3926525577767563,-1.1157122109954458,-2.788601800185892,-1.6100000000000014
01a0f881-6d6a-42f8-96dc-f91162346a2e,2026-05-10 20:00:00+00:00,330.0,24.9,11.8,44.0,1012.3,0.0,0,-4.902434649285427,-1.4057505146666942,-7.704285574809417,-1.082766725469312
01a0f881-6d6a-42f8-96dc-f91162346a2e,2026-05-10 21:00:00+00:00,200.0,22.3,12.2,53.0,1012.6,0.0,0,-2.202310883939076,0.5901074228337462,-2.89148126430247,0.7209272488870089
01a0f881-6d6a-42f8-96dc-f91162346a2e,2026-05-10 22:00:00+00:00,150.0,20.4,12.6,61.0,1013.1,0.0,0,-1.790923113618619,-0.9125209044764893,-2.0860854209820885,-2.014509274331092
01a0f881-6d6a-42f8-96dc-f91162346a2e,2026-05-10 23:00:00+00:00,520.0,19.6,14.6,73.0,1013.3,0.0,0,-0.1,-1.8369701987210297e-17,-1.6028109017356449,-1.0015474094007575
01a0f881-6d6a-42f8-96dc-f91162346a2e,2026-05-11 00:00:00+00:00,40.0,19.8,11.3,58.0,1014.0,0.0,0,-0.2013094452494688,-0.298453526119815,-0.4882468511124167,-1.5026692957463428
01a0f881-6d6a-42f8-96dc-f91162346a2e,2026-05-11 01:00:00+00:00,20.0,19.0,11.0,60.0,1014.9,0.0,0,0.11161035799060084,-1.596102480415719,-2.1117614461953518,-2.186792993029499
01a0f881-6d6a-42f8-96dc-f91162346a2e,2026-05-11 02:00:00+00:00,90.0,18.3,12.3,68.0,1014.6,0.0,0,-1.498061726561181,-2.702574895060733,-3.3059589425412144,-5.090730347428725
01a0f881-6d6a-42f8-96dc-f91162346a2e,2026-05-11 03:00:00+00:00,70.0,17.4,12.0,71.0,1015.0,0.0,0,-2.198395112606286,-0.30896428413134613,-5.104461353927853,-0.992206775958032
01a0f881-6d6a-42f8-96dc-f91162346a2e,2026-05-11 04:00:00+00:00,20.0,17.2,11.6,70.0,1015.5,0.0,0,-2.3104671821656253,0.9807351325080764,-5.288856081224973,2.8121346610874838
01a0f881-6d6a-42f8-96dc-f91162346a2e,2026-05-11 05:00:00+00:00,0.0,16.6,8.1,57.0,1017.3,0.0,0,-0.49853084851660556,5.6982336730847845,-0.3594648160357585,10.293725518296688
01a0f881-6d6a-42f8-96dc-f91162346a2e,2026-05-11 06:00:00+00:00,0.0,14.3,2.5,45.0,1017.4,0.0,0,-0.41226075982778254,5.895603537035561,-0.529639877178597,10.106130891716287
01a0f881-6d6a-42f8-96dc-f91162346a2e,2026-05-11 07:00:00+00:00,0.0,13.3,0.9,43.0,1018.1,0.0,0,-0.661072229560313,4.703773326522459,-1.2186244826634003,7.694092173236123
01a0f881-6d6a-42f8-96dc-f91162346a2e,2026-05-11 08:00:00+00:00,0.0,12.4,0.2,43.0,1018.4,0.0,0,-0.40975157600920137,3.8985258298436314,-0.7254275350775148,6.901981953855817
01a0f881-6d6a-42f8-96dc-f91162346a2e,2026-05-11 09:00:00+00:00,0.0,12.0,-0.6,42.0,1019.2,0.0,0,0.10818843977775301,3.098111563759197,-0.0994787166925163,5.699131862391431
01a0f881-6d6a-42f8-96dc-f91162346a2e,2026-05-11 10:00:00+00:00,0.0,11.9,-1.3,40.0,1020.0,0.0,0,0.20996698596981714,3.0026677912820707,0.18496733252325512,5.296771383201207
01a0f881-6d6a-42f8-96dc-f91162346a2e,2026-05-11 11:00:00+00:00,0.0,11.9,-2.0,38.0,1019.6,0.0,0,0.9217224222347341,3.6968267171115468,1.4200815271700495,5.6956359132401
01a0f881-6d6a-42f8-96dc-f91162346a2e,2026-05-11 12:00:00+00:00,0.0,12.7,-2.8,34.0,1020.3,0.0,0,1.3967568145747622,4.298775453654094,2.0518728426496504,6.3150152681998195
01a0f881-6d6a-42f8-96dc-f91162346a2e,2026-05-11 13:00:00+00:00,0.0,14.0,-3.8,29.0,1020.6,0.0,0,1.5808398242151487,3.9127158662718426,1.9638563635082456,5.116020737204666
01a0f881-6d6a-42f8-96dc-f91162346a2e,2026-05-11 14:00:00+00:00,0.0,15.3,-5.2,24.0,1020.7,0.0,0,0.8166625002116118,4.201364345156002,1.1455934164058539,5.389593280043269
01a0f881-6d6a-42f8-96dc-f91162346a2e,2026-05-11 15:00:00+00:00,0.0,16.6,-6.5,20.0,1020.4,0.0,0,-1.0042103753008295e-15,4.1,0.08551679154268921,4.899253706266317
01a0f881-6d6a-42f8-96dc-f91162346a2e,2026-05-11 16:00:00+00:00,0.0,17.6,-7.0,18.0,1020.1,0.0,0,-0.6811881134942644,3.50440904490816,-0.8732291014345915,4.108219923081983
01a0f881-6d6a-42f8-96dc-f91162346a2e,2026-05-11 17:00:00+00:00,0.0,18.6,-6.2,18.0,1019.9,0.0,0,-0.7221051358360328,2.6949330553465005,-0.9151160213124364,3.1913888305152187
01a0f881-6d6a-42f8-96dc-f91162346a2e,2026-05-11 18:00:00+00:00,0.0,19.4,-5.5,18.0,1019.2,0.0,0,-1.8054450694561448,2.3959065301418785,-2.191754852159343,2.8053182828399303
01a0f881-6d6a-42f8-96dc-f91162346a2e,2026-05-11 19:00:00+00:00,0.0,19.4,-5.6,18.0,1019.0,0.0,0,-2.29809703885628,2.298097038856279,-2.701147904132612,2.7011479041326107
01a0f881-6d6a-42f8-96dc-f91162346a2e,2026-05-11 20:00:00+00:00,0.0,19.5,-4.8,19.0,1018.7,0.0,0,-2.390058662531212,2.0054973422220024,-2.8803271061273574,2.4168814124213873
01a0f881-6d6a-42f8-96dc-f91162346a2e,2026-05-11 21:00:00+00:00,0.0,18.9,-5.2,19.0,1018.5,0.0,0,-2.4168814124213887,2.8803271061273565,-3.11628038770491,3.5848705060581665
01a0f881-6d6a-42f8-96dc-f91162346a2e,2026-05-11 22:00:00+00:00,0.0,18.4,-5.0,20.0,1018.6,0.0,0,-2.6021529547664954,2.6021529547664946,-3.4011836175072943,3.4011836175072925
01a0f881-6d6a-42f8-96dc-f91162346a2e,2026-05-11 23:00:00+00:00,0.0,17.5,-3.3,24.0,1018.9,0.0,0,-2.41339298327658,3.0890021541383503,-3.394236730577552,4.504304276666732
01a0f881-6d6a-42f8-96dc-f91162346a2e,2026-05-12 00:00:00+00:00,0.0,15.4,-4.0,26.0,1019.6,0.0,0,-1.1127382865210302,1.5891549659206436,-2.4781076093183727,3.8159510841516795
01a0f881-6d6a-42f8-96dc-f91162346a2e,2026-05-12 01:00:00+00:00,0.0,13.7,-3.6,30.0,1019.8,0.0,0,-0.6908806895178505,1.8981790939875351,-0.8732291014345915,4.108219923081983
01a0f881-6d6a-42f8-96dc-f91162346a2e,2026-05-12 02:00:00+00:00,20.0,13.2,1.2,44.0,1019.8,0.0,0,1.4034420760699455,-0.4024305394928186,1.4971850307480559,-0.4011695199089073
01a0f881-6d6a-42f8-96dc-f91162346a2e,2026-05-12 03:00:00+00:00,70.0,11.6,2.3,53.0,1020.4,0.0,0,0.20130944524946887,0.298453526119815,0.19602143532144095,-0.09987790994270028
01a0f881-6d6a-42f8-96dc-f91162346a2e,2026-05-12 04:00:00+00:00,0.0,10.8,1.1,51.0,1020.7,0.0,0,-1.6060140217829302,2.293625724009176,-1.1769715093385853,4.104587441656621
01a0f881-6d6a-42f8-96dc-f91162346a2e,2026-05-12 05:00:00+00:00,0.0,10.2,-1.0,46.0,1020.8,0.0,0,-0.288485508494749,3.2974044506836777,-0.1308930482796267,7.498857713672934
01a0f881-6d6a-42f8-96dc-f91162346a2e,2026-05-12 06:00:00+00:00,0.0,9.6,-0.6,49.0,1020.9,0.0,0,-0.6829275575686343,2.1018349010122894,-1.0592538837682752,6.007327293374469
01a0f881-6d6a-42f8-96dc-f91162346a2e,2026-05-12 07:00:00+00:00,0.0,9.4,-0.2,51.0,1020.9,0.0,0,-1.2036300463040965,1.5972710200945857,-2.4765430138004976,5.3109636320347695
01a0f881-6d6a-42f8-96dc-f91162346a2e,2026-05-12 08:00:00+00:00,0.0,8.2,-0.6,54.0,1021.6,0.0,0,-1.0958774260796715,1.4026591414199652,-2.386244000059362,5.9061611535904355
01a0f881-6d6a-42f8-96dc-f91162346a2e,2026-05-12 09:00:00+00:00,0.0,7.0,-2.2,52.0,1021.8,0.0,0,-0.39762551842292254,1.3005744681097282,-2.5378068935440674,4.980726470212976
01a0f881-6d6a-42f8-96dc-f91162346a2e,2026-05-12 10:00:00+00:00,0.0,5.9,-3.5,51.0,1022.4,0.0,0,-1.010990633943054,1.3915092303249095,-2.797732892723429,5.999757550182624
01a0f881-6d6a-42f8-96dc-f91162346a2e,2026-05-12 11:00:00+00:00,0.0,8.1,-2.0,49.0,1023.2,0.0,0,-0.8915636923298713,2.206697573868954,-2.0318018681442243,4.7866252379526895
01a0f881-6d6a-42f8-96dc-f91162346a2e,2026-05-12 12:00:00+00:00,0.0,10.1,-1.0,46.0,1023.9,0.0,0,-0.47875546730262664,3.4065221564710018,-0.6749895396563195,4.802800133396615
01a0f881-6d6a-42f8-96dc-f91162346a2e,2026-05-12 13:00:00+00:00,0.0,11.8,-0.1,44.0,1024.0,0.0,0,-0.1784656107884403,3.405326713513097,-0.2936747544627689,4.19974465159386
01a0f881-6d6a-42f8-96dc-f91162346a2e,2026-05-12 14:00:00+00:00,0.0,13.5,0.2,40.0,1023.5,0.0,0,-0.2029913385954056,2.9029113862560885,-0.30591665704428067,3.496643390302027
01a0f881-6d6a-42f8-96dc-f91162346a2e,2026-05-12 15:00:00+00:00,0.0,15.0,-0.8,34.0,1023.2,0.0,0,-0.3889719179739241,2.2059693667473463,-0.48656293821018887,2.503149317791543
01a0f881-6d6a-42f8-96dc-f91162346a2e,2026-05-12 16:00:00+00:00,0.0,16.3,-1.8,29.0,1022.7,0.0,0,-0.8126429945337891,1.5949016782971783,-0.9125209044764894,1.790923113618619
01a0f881-6d6a-42f8-96dc-f91162346a2e,2026-05-12 17:00:00+00:00,0.0,17.6,-2.2,26.0,1022.2,0.0,0,-1.8983373246466932,1.0093638599896644,-2.195295464919883,1.2168721468183066
01a0f881-6d6a-42f8-96dc-f91162346a2e,2026-05-12 18:00:00+00:00,0.0,18.4,-2.5,24.0,1021.4,0.0,0,-2.1018349010122894,0.6829275575686333,-2.4917680726933025,0.8096245252623617
01a0f881-6d6a-42f8-96dc-f91162346a2e,2026-05-12 19:00:00+00:00,0.0,19.1,-3.1,22.0,1020.7,0.0,0,-2.499280409439629,0.7166571251241984,-2.9074367371300958,0.779045325758586
01a0f881-6d6a-42f8-96dc-f91162346a2e,2026-05-12 20:00:00+00:00,0.0,19.5,-4.1,20.0,1020.2,0.0,0,-2.6,-4.776122516674677e-16,-3.098111563759197,0.10818843977775397
01a0f881-6d6a-42f8-96dc-f91162346a2e,2026-05-12 21:00:00+00:00,0.0,19.7,-4.6,19.0,1020.1,0.0,0,-1.995130448002178,-0.3159976193812667,-2.4019616869719993,-0.2949238110404561
01a0f881-6d6a-42f8-96dc-f91162346a2e,2026-05-12 22:00:00+00:00,0.0,19.1,-3.7,21.0,1019.9,0.0,0,0.49813144986796726,-1.2976767928311104,0.4011695199089076,-1.4971850307480556
01a0f881-6d6a-42f8-96dc-f91162346a2e,2026-05-12 23:00:00+00:00,0.0,15.1,2.3,42.0,1020.1,0.0,0,3.9242935529614758,-3.0659941471217786,5.261465364379951,-4.737444693020716
01a0f881-6d6a-42f8-96dc-f91162346a2e,2026-05-13 00:00:00+00:00,0.0,15.7,-1.0,32.0,1021.0,0.0,0,2.3900586625312115,-2.005497342222003,2.6920564554995274,-3.7052978342372587
01a0f881-6d6a-42f8-96dc-f91162346a2e,2026-05-13 01:00:00+00:00,0.0,12.9,1.6,46.0,1021.5,0.0,0,0.9151234357821655,-2.993233886164301,1.5192695043659135,-6.093457161013258
01a0f881-6d6a-42f8-96dc-f91162346a2e,2026-05-13 02:00:00+00:00,0.0,11.5,2.0,52.0,1021.1,0.0,0,0.2950469740353385,-2.099368305732129,0.5072464227913707,-5.79785314289396
01a0f881-6d6a-42f8-96dc-f91162346a2e,2026-05-13 03:00:00+00:00,0.0,10.5,2.3,57.0,1021.4,0.0,0,-0.10463471061618791,-1.4963460753897362,-0.60940094085042,-5.798062649997033
01a0f881-6d6a-42f8-96dc-f91162346a2e,2026-05-13 04:00:00+00:00,0.0,9.9,2.3,59.0,1021.5,0.0,0,-0.29193776292611345,-1.501889590674926,-1.31596366791161,-5.700064878993626
01a0f881-6d6a-42f8-96dc-f91162346a2e,2026-05-13 05:00:00+00:00,0.0,9.2,2.7,64.0,1021.4,0.0,0,-0.39366434510176374,-1.7051476133741617,-2.258425922668001,-5.320518052955106
01a0f881-6d6a-42f8-96dc-f91162346a2e,2026-05-13 06:00:00+00:00,0.0,8.9,3.9,71.0,1021.1,0.0,0,-0.10458689129718952,-1.1954336377100947,-2.184175773317047,-4.905739107540767
01a0f881-6d6a-42f8-96dc-f91162346a2e,2026-05-13 07:00:00+00:00,0.0,8.8,4.6,75.0,1020.8,0.0,0,0.3004113473637894,-1.7037174127111199,-1.6840610192029637,-5.5083153943470835
01a0f881-6d6a-42f8-96dc-f91162346a2e,2026-05-13 08:00:00+00:00,0.0,9.6,5.5,76.0,1020.4,0.0,0,-0.21004534002185565,-2.4008292224011067,-1.2709734570428373,-5.505190866036579
01a0f881-6d6a-42f8-96dc-f91162346a2e,2026-05-13 09:00:00+00:00,0.0,9.2,5.4,77.0,1019.5,0.0,0,2.816687638038912e-16,-2.3,-0.7239038998265751,-5.895724140749453
01a0f881-6d6a-42f8-96dc-f91162346a2e,2026-05-13 10:00:00+00:00,0.0,9.0,5.6,79.0,1019.2,0.0,0,0.09871416815816952,-0.8039623828294709,-0.40528511245336785,-5.795847132009579
01a0f881-6d6a-42f8-96dc-f91162346a2e,2026-05-13 11:00:00+00:00,0.0,10.9,7.6,80.0,1019.1,0.0,0,0.109905508110182,-2.097122022984605,-0.4192364072021929,-5.995359942061543
01a0f881-6d6a-42f8-96dc-f91162346a2e,2026-05-13 12:00:00+00:00,0.0,12.1,8.6,79.0,1019.0,0.0,0,-0.3799425656209789,-2.703431827664487,-1.1292542928062022,-4.891337725221881
01a0f881-6d6a-42f8-96dc-f91162346a2e,2026-05-13 13:00:00+00:00,0.0,15.1,9.5,69.0,1018.4,0.0,0,-0.5191156665810444,-3.693699896406057,-1.028460485079576,-5.290970518782909
01a0f881-6d6a-42f8-96dc-f91162346a2e,2026-05-13 14:00:00+00:00,0.0,18.2,7.9,51.0,1017.2,0.0,0,-1.9255734069235144,-5.290469455024664,-3.10923472535207,-7.695625992904336
01a0f881-6d6a-42f8-96dc-f91162346a2e,2026-05-13 15:00:00+00:00,0.0,20.1,6.4,41.0,1016.4,0.0,0,-1.4081936001925948,-6.0995566055555726,-2.148266432925048,-8.61622604933085
01a0f881-6d6a-42f8-96dc-f91162346a2e,2026-05-13 16:00:00+00:00,2.5,22.0,6.3,36.0,1014.9,0.0,0,-1.3203982480056895,-6.792860109457835,-2.414380518084682,-9.683551348234445
01a0f881-6d6a-42f8-96dc-f91162346a2e,2026-05-13 17:00:00+00:00,25.0,22.9,6.8,36.0,1013.5,0.0,0,-1.1169420803872474,-7.052094751849284,-3.1342246746277382,-10.25158698392374
01a0f881-6d6a-42f8-96dc-f91162346a2e,2026-05-13 18:00:00+00:00,37.5,22.6,7.4,38.0,1011.8,0.0,0,-1.1278924929400636,-7.121232935690943,-3.977884239952835,-10.362742734118939
01a0f881-6d6a-42f8-96dc-f91162346a2e,2026-05-13 19:00:00+00:00,70.0,21.5,8.7,44.0,1010.5,0.0,0,-0.1099501605548869,-6.299040479485265,-3.5556532692523892,-8.376594166417208
01a0f881-6d6a-42f8-96dc-f91162346a2e,2026-05-13 20:00:00+00:00,50.0,20.1,9.6,51.0,1009.8,0.0,0,1.1889019343057554,-7.506431388523046,-0.882887674033775,-10.091452291669382
01a0f881-6d6a-42f8-96dc-f91162346a2e,2026-05-13 21:00:00+00:00,60.0,19.9,9.4,51.0,1009.6,0.0,0,0.9978711338836684,-7.10022205287706,-1.0505110558399178,-9.994945048451147
01a0f881-6d6a-42f8-96dc-f91162346a2e,2026-05-13 22:00:00+00:00,30.0,19.7,9.3,51.0,1009.4,0.0,0,1.0410147951812887,-7.407205154186947,-0.8741720997590091,-9.991832821860207
01a0f881-6d6a-42f8-96dc-f91162346a2e,2026-05-13 23:00:00+00:00,10.0,18.5,9.0,54.0,1009.3,0.1,0,0.7149746887507515,-6.802529764318989,-0.6578035474071013,-9.407028993950142
01a0f881-6d6a-42f8-96dc-f91162346a2e,2026-05-14 00:00:00+00:00,0.0,17.8,5.4,44.0,1010.9,0.0,0,1.6184574815617772,-6.491278408786417,2.376430626046989,-11.180227076387398
01a0f881-6d6a-42f8-96dc-f91162346a2e,2026-05-14 01:00:00+00:00,0.0,16.7,7.6,55.0,1011.0,0.0,0,0.5884952481968905,-5.599158270923379,0.9011903800107857,-10.300653178268648
01a0f881-6d6a-42f8-96dc-f91162346a2e,2026-05-14 02:00:00+00:00,0.0,16.6,7.7,56.0,1010.6,0.0,0,0.18147738285300594,-5.196832300499298,0.167543101797921,-9.598537873501355
01a0f881-6d6a-42f8-96dc-f91162346a2e,2026-05-14 03:00:00+00:00,0.0,16.4,8.4,59.0,1010.2,0.0,0,0.38522838294464923,-4.403180565565515,0.5524712720534741,-7.900707278057808
01a0f881-6d6a-42f8-96dc-f91162346a2e,2026-05-14 04:00:00+00:00,0.0,15.9,8.9,63.0,1009.9,0.0,0,0.6179161369089125,-3.901368945350794,0.7149746887507515,-6.802529764318989
01a0f881-6d6a-42f8-96dc-f91162346a2e,2026-05-14 05:00:00+00:00,0.0,14.3,11.1,81.0,1009.5,0.4,0,0.29492381104045706,-2.4019616869719993,0.4288062543184783,-4.901277914611388
01a0f881-6d6a-42f8-96dc-f91162346a2e,2026-05-14 06:00:00+00:00,0.0,13.9,11.4,85.0,1008.8,0.7,0,1.3830892796486647,-2.213405530968272,2.235692848624294,-4.583849636125752
01a0f881-6d6a-42f8-96dc-f91162346a2e,2026-05-14 07:00:00+00:00,0.0,13.7,11.4,86.0,1008.0,0.0,0,0.8851688353768916,-2.3059436534480886,1.491198094969966,-5.200425775026305
01a0f881-6d6a-42f8-96dc-f91162346a2e,2026-05-14 08:00:00+00:00,10.0,13.7,11.9,89.0,1007.3,0.0,0,0.49835910493531554,-1.9988091961285528,0.7445760901363494,-5.2979341677674014
01a0f881-6d6a-42f8-96dc-f91162346a2e,2026-05-14 09:00:00+00:00,30.0,13.5,11.7,89.0,1006.8,0.0,0,-1.504537557880121,-1.996588775118232,-1.6223392204684732,-4.993046710549557
01a0f881-6d6a-42f8-96dc-f91162346a2e,2026-05-14 10:00:00+00:00,20.0,13.0,11.2,89.0,1007.0,0.0,0,-1.1000000000000003,-1.905255888325765,-3.212028043565858,-4.587251448018354
01a0f881-6d6a-42f8-96dc-f91162346a2e,2026-05-14 11:00:00+00:00,70.0,13.8,11.9,88.0,1007.4,0.0,0,-1.810378577060817,-2.4917723426748384,-3.115261837150107,-4.287790070187222
01a0f881-6d6a-42f8-96dc-f91162346a2e,2026-05-14 12:00:00+00:00,130.0,14.6,12.2,86.0,1008.0,0.0,0,-2.6913816219585476,-2.509753965029995,-3.985877673824479,-3.7168910623406175
01a0f881-6d6a-42f8-96dc-f91162346a2e,2026-05-14 13:00:00+00:00,180.0,15.4,12.5,83.0,1007.8,0.0,0,-3.3096766767071344,-1.0753791404248174,-4.504195400585896,-1.3770707292440918
01a0f881-6d6a-42f8-96dc-f91162346a2e,2026-05-14 14:00:00+00:00,280.0,16.9,12.2,74.0,1007.5,0.0,0,-3.296357414472925,0.7006623980558493,-4.209278679872217,0.9717885547654965
01a0f881-6d6a-42f8-96dc-f91162346a2e,2026-05-14 15:00:00+00:00,200.0,17.8,10.6,63.0,1007.7,0.0,0,-3.106054555984844,1.3829045864577192,-3.8825681949810544,1.728630733072149
01a0f881-6d6a-42f8-96dc-f91162346a2e,2026-05-14 16:00:00+00:00,122.5,17.3,9.5,60.0,1007.1,0.03,0,-2.7265309908355504,0.6798005266350655,-3.2971276170684334,0.9454361304523079
01a0f881-6d6a-42f8-96dc-f91162346a2e,2026-05-14 17:00:00+00:00,95.0,18.4,8.9,54.0,1006.4,0.0,0,-2.4920886318257964,0.6677531363645024,-3.15,-5.786456125971243e-16
01a0f881-6d6a-42f8-96dc-f91162346a2e,2026-05-14 18:00:00+00:00,60.0,17.9,8.7,55.0,1005.7,0.38,0,-2.450638957305694,0.2144031271592384,-2.896025650788264,0.15177427310453745
01a0f881-6d6a-42f8-96dc-f91162346a2e,2026-05-14 19:00:00+00:00,20.0,17.8,7.5,51.0,1005.0,0.0,0,-1.7928409192048327,-0.4139099399927121,-2.804551744938531,0.2947702664147814
01a0f881-6d6a-42f8-96dc-f91162346a2e,2026-05-14 20:00:00+00:00,20.0,17.7,6.8,49.0,1004.5,0.0,0,-4.5987702716977905,0.32157734396041726,-5.9200635109512225,2.1547269029517144
01a0f881-6d6a-42f8-96dc-f91162346a2e,2026-05-14 21:00:00+00:00,0.0,16.0,5.8,51.0,1005.0,0.0,0,-3.2252095226496964,3.5819580588010407,-6.0190864381496105,4.373122277055999
01a0f881-6d6a-42f8-96dc-f91162346a2e,2026-05-14 22:00:00+00:00,0.0,15.6,5.5,51.0,1005.3,0.0,0,-3.2804121119006164,3.5178113047882107,-5.97736089812185,4.031780834024086
01a0f881-6d6a-42f8-96dc-f91162346a2e,2026-05-14 23:00:00+00:00,0.0,15.3,5.2,51.0,1006.2,0.0,0,-3.1003545394595857,2.9939775766782777,-5.209108690184629,5.992394066968809
01a0f881-6d6a-42f8-96dc-f91162346a2e,2026-05-15 00:00:00+00:00,10.0,12.5,8.2,75.0,1007.4,0.0,0,-2.7972715351805078,0.8021047054274683,-6.086944380761755,2.336559031035358
01a0f881-6d6a-42f8-96dc-f91162346a2e,2026-05-15 01:00:00+00:00,10.0,12.0,7.7,75.0,1007.6,0.0,0,-2.7975021380986838,0.594627435738792,-6.401160756807376,2.204096405674948
01a0f881-6d6a-42f8-96dc-f91162346a2e,2026-05-15 02:00:00+00:00,10.0,11.8,7.9,77.0,1007.5,1.1,0,-2.604689389927193,0.9998465792313881,-6.110141601595129,2.4686574506108596
01a0f881-6d6a-42f8-96dc-f91162346a2e,2026-05-15 03:00:00+00:00,30.0,11.3,8.5,83.0,1007.9,0.7,0,-1.790979029400521,1.6126047613248473,-4.681812400507586,4.215522820060804
01a0f881-6d6a-42f8-96dc-f91162346a2e,2026-05-15 04:00:00+00:00,40.0,11.1,9.0,87.0,1008.0,0.7,0,-1.5000427762286965,0.9013166310925947,-4.174527690974729,3.0329719018291605
01a0f881-6d6a-42f8-96dc-f91162346a2e,2026-05-15 05:00:00+00:00,40.0,10.9,9.0,88.0,1007.8,0.4,0,-1.3988802429757379,0.7127650845910882,-3.813572833753191,2.572287355965436
01a0f881-6d6a-42f8-96dc-f91162346a2e,2026-05-15 06:00:00+00:00,10.0,10.8,8.7,87.0,1007.5,0.0,0,-1.497185030748056,0.4011695199089065,-4.81915458633807,2.6713010075573185
01a0f881-6d6a-42f8-96dc-f91162346a2e,2026-05-15 07:00:00+00:00,0.0,10.6,8.1,85.0,1007.7,0.0,0,-1.3991673772477096,0.5939113153036957,-4.981703173595821,3.2351558679892585
01a0f881-6d6a-42f8-96dc-f91162346a2e,2026-05-15 08:00:00+00:00,0.0,10.1,7.1,82.0,1007.8,0.0,0,-1.9934452873185928,0.8054041758442106,-6.004043631440704,3.192406626944055
01a0f881-6d6a-42f8-96dc-f91162346a2e,2026-05-15 09:00:00+00:00,0.0,8.8,6.2,84.0,1008.1,0.0,0,-1.9081082163519587,1.1923183445247105,-6.097465811364704,3.810119509836742
01a0f881-6d6a-42f8-96dc-f91162346a2e,2026-05-15 10:00:00+00:00,0.0,8.7,5.8,82.0,1008.5,0.0,0,-2.708659833532639,1.3801311192082217,-6.685904945476476,4.017296984298422
01a0f881-6d6a-42f8-96dc-f91162346a2e,2026-05-15 11:00:00+00:00,0.0,10.1,6.8,80.0,1008.9,0.0,0,-2.9848718560310328,1.5208681741274812,-6.306008088475043,3.495477361976092
01a0f881-6d6a-42f8-96dc-f91162346a2e,2026-05-15 12:00:00+00:00,0.0,11.9,7.8,76.0,1009.5,0.0,0,-3.58973268916333,2.421305272028335,-5.586616942050925,3.911791295914134
01a0f881-6d6a-42f8-96dc-f91162346a2e,2026-05-15 13:00:00+00:00,0.0,13.3,8.5,73.0,1009.9,0.0,0,-3.3144259216291796,2.984322504360506,-4.914696874880825,4.58302897961999
01a0f881-6d6a-42f8-96dc-f91162346a2e,2026-05-15 14:00:00+00:00,20.0,14.7,9.1,69.0,1010.1,0.0,0,-3.3144259216291796,2.984322504360506,-4.474293558106409,4.3207750642549625
01a0f881-6d6a-42f8-96dc-f91162346a2e,2026-05-15 15:00:00+00:00,40.0,16.4,9.1,62.0,1010.6,0.0,0,-3.1009396948652825,2.891673046664994,-4.021109483893059,3.8831402908657946
01a0f881-6d6a-42f8-96dc-f91162346a2e,2026-05-15 16:00:00+00:00,52.5,17.3,7.8,54.0,1010.5,0.0,0,-2.370296680003784,3.03384140138588,-3.8954932205984965,4.810533501418648
01a0f881-6d6a-42f8-96dc-f91162346a2e,2026-05-15 17:00:00+00:00,30.0,18.2,6.7,47.0,1010.6,0.0,0,-2.0357316349583825,1.9658831883989623,-4.185656604959437,4.8150471218212845
01a0f881-6d6a-42f8-96dc-f91162346a2e,2026-05-15 18:00:00+00:00,27.5,18.5,5.8,43.0,1010.3,0.0,0,-2.1721567709786487,1.410615100688919,-4.426488450227788,4.426488450227787
01a0f881-6d6a-42f8-96dc-f91162346a2e,2026-05-15 19:00:00+00:00,40.0,17.1,6.0,48.0,1010.5,0.0,0,-3.8065963159157423,1.0915239290353176,-5.953219131180047,5.551466650908739
01a0f881-6d6a-42f8-96dc-f91162346a2e,2026-05-15 20:00:00+00:00,10.0,17.1,6.9,51.0,1011.2,0.0,0,-2.9939775766782795,3.100354539459585,-5.89764956519689,6.107194904875146
01a0f881-6d6a-42f8-96dc-f91162346a2e,2026-05-15 21:00:00+00:00,0.0,18.7,6.8,46.0,1011.9,0.0,0,-1.2762271654720543,3.706432816349322,-3.6102363178235004,6.789866989085149
01a0f881-6d6a-42f8-96dc-f91162346a2e,2026-05-15 22:00:00+00:00,10.0,18.9,6.4,44.0,1012.6,0.0,0,-0.9764937022248347,3.005338591492685,-2.824533714355979,6.9909662634335765
01a0f881-6d6a-42f8-96dc-f91162346a2e,2026-05-15 23:00:00+00:00,0.0,18.5,6.6,46.0,1013.3,0.0,0,-1.115712210995446,2.3926525577767563,-3.4036688301977085,6.40137004822722
01a0f881-6d6a-42f8-96dc-f91162346a2e,2026-05-16 00:00:00+00:00,10.0,18.2,8.1,52.0,1015.0,0.4,0,-1.597271020094586,1.2036300463040959,-2.996197033484406,2.604554345092313
01a0f881-6d6a-42f8-96dc-f91162346a2e,2026-05-16 01:00:00+00:00,10.0,17.6,8.5,55.0,1016.0,0.0,0,-0.5860226780228821,1.7019334360787703,-1.3829045864577205,3.1060545559848434
01a0f881-6d6a-42f8-96dc-f91162346a2e,2026-05-16 02:00:00+00:00,20.0,17.0,8.9,59.0,1016.7,0.0,0,-0.9050149247851288,-0.09512090157356456,-3.3983891024304764,1.5130603122419752
01a0f881-6d6a-42f8-96dc-f91162346a2e,2026-05-16 03:00:00+00:00,10.0,15.4,8.6,64.0,1017.6,0.0,0,-1.0012597271166173,0.19462517528407602,-3.086895070009391,1.928906121808865
01a0f881-6d6a-42f8-96dc-f91162346a2e,2026-05-16 04:00:00+00:00,0.0,13.9,8.1,68.0,1018.1,0.0,0,-0.6149438188061451,-1.8926024674273558,-2.8953347938558913,-0.5105256423407751
01a0f881-6d6a-42f8-96dc-f91162346a2e,2026-05-16 05:00:00+00:00,0.0,12.7,8.5,76.0,1018.4,0.0,0,-1.207148613342533,-1.3886656276099008,-2.9998787750913123,-1.3988664463617142
01a0f881-6d6a-42f8-96dc-f91162346a2e,2026-05-16 06:00:00+00:00,0.0,11.7,8.0,78.0,1018.1,0.0,0,-1.1950293312656055,-1.0027486711110016,-3.2974044506836777,0.28848550849474763
01a0f881-6d6a-42f8-96dc-f91162346a2e,2026-05-16 07:00:00+00:00,0.0,11.0,7.6,80.0,1018.6,0.0,0,-1.3010764773832473,-1.3010764773832477,-4.1984702214427925,-0.5155073226037726
01a0f881-6d6a-42f8-96dc-f91162346a2e,2026-05-16 08:00:00+00:00,0.0,10.3,7.7,84.0,1019.2,0.0,0,-0.7945223320725145,-1.703858639628902,-3.8009846739092534,-1.3087839809177695
01a0f881-6d6a-42f8-96dc-f91162346a2e,2026-05-16 09:00:00+00:00,0.0,9.9,7.3,84.0,1019.1,0.0,0,-1.2082951508156883,-1.492120245997384,-4.704759106859395,-2.0946937118403706
01a0f881-6d6a-42f8-96dc-f91162346a2e,2026-05-16 10:00:00+00:00,0.0,9.8,7.4,85.0,1019.1,0.0,0,-1.6016646065459832,-1.493576408536872,-5.0115709219087385,-2.7779591240115105
01a0f881-6d6a-42f8-96dc-f91162346a2e,2026-05-16 11:00:00+00:00,0.0,12.5,9.1,80.0,1019.4,0.0,0,-1.0958774260796715,-1.4026591414199652,-4.419793893072385,-2.870247714529192
01a0f881-6d6a-42f8-96dc-f91162346a2e,2026-05-16 12:00:00+00:00,0.0,15.7,9.6,67.0,1019.8,0.0,0,-1.810378577060817,-2.4917723426748384,-2.783270349942715,-3.3169724387051747
01a0f881-6d6a-42f8-96dc-f91162346a2e,2026-05-16 13:00:00+00:00,0.0,18.4,9.2,55.0,1019.9,0.0,0,-2.6049688892212397,-2.6975242512699413,-3.6713955821282354,-3.4236317675137427
01a0f881-6d6a-42f8-96dc-f91162346a2e,2026-05-16 14:00:00+00:00,0.0,20.9,7.9,43.0,1019.8,0.0,0,-4.1130332663586655,-2.570108431531044,-5.6915908766620245,-3.4198528174027607
01a0f881-6d6a-42f8-96dc-f91162346a2e,2026-05-16 15:00:00+00:00,0.0,22.7,7.2,37.0,1019.4,0.0,0,-4.302705001560668,-2.902211169013175,-5.627479510913796,-3.654527924950831
01a0f881-6d6a-42f8-96dc-f91162346a2e,2026-05-16 16:00:00+00:00,0.0,23.9,7.5,35.0,1018.6,0.0,0,-3.344930071574728,-3.2301614226343376,-4.726494214044093,-3.9659995517659485
01a0f881-6d6a-42f8-96dc-f91162346a2e,2026-05-16 17:00:00+00:00,0.0,24.6,6.8,32.0,1018.2,0.0,0,-3.528462838120872,-3.528462838120873,-5.3856215128968055,-4.361190309975376
01a0f881-6d6a-42f8-96dc-f91162346a2e,2026-05-16 18:00:00+00:00,0.0,25.2,6.8,31.0,1017.2,0.0,0,-2.9982713848359555,-3.837612370064736,-5.494421947500782,-4.449295164722353
01a0f881-6d6a-42f8-96dc-f91162346a2e,2026-05-16 19:00:00+00:00,0.0,25.3,7.9,33.0,1016.7,0.0,0,-2.9246836240737535,-3.48550221619135,-5.996192964195418,-4.198579514089659
01a0f881-6d6a-42f8-96dc-f91162346a2e,2026-05-16 20:00:00+00:00,0.0,25.7,8.2,33.0,1016.2,0.0,0,-3.2106427501081582,-2.9939728006743684,-6.589333707135429,-4.117472683092003
01a0f881-6d6a-42f8-96dc-f91162346a2e,2026-05-16 21:00:00+00:00,0.0,25.8,8.3,33.0,1015.7,0.0,0,-3.7025672401862417,-2.5925654923067296,-6.789866989085149,-3.6102363178235
01a0f881-6d6a-42f8-96dc-f91162346a2e,2026-05-16 22:00:00+00:00,0.0,25.5,8.0,33.0,1015.4,0.0,0,-4.383752099006769,-2.2336332587185708,-6.321904764869918,-3.361416389546978
01a0f881-6d6a-42f8-96dc-f91162346a2e,2026-05-16 23:00:00+00:00,0.0,24.3,9.8,40.0,1015.3,0.0,0,-4.09552550346565,-1.0973927512346875,-5.718802136201262,-2.6667212315838116
01a0f881-6d6a-42f8-96dc-f91162346a2e,2026-05-17 00:00:00+00:00,0.0,24.2,6.9,33.0,1013.6,0.0,0,-0.9151160213124366,-3.1913888305152187,-2.8245337143559768,-6.990966263433577
01a0f881-6d6a-42f8-96dc-f91162346a2e,2026-05-17 01:00:00+00:00,0.0,23.0,6.7,35.0,1013.9,0.0,0,-0.6819503458822511,-3.208324130406882,-2.228431978332704,-8.316621364348878
01a0f881-6d6a-42f8-96dc-f91162346a2e,2026-05-17 02:00:00+00:00,0.0,21.2,6.7,39.0,1014.0,0.0,0,-0.20132976574708986,-2.3012097525919324,-1.3013173484680352,-6.694697391113069
01a0f881-6d6a-42f8-96dc-f91162346a2e,2026-05-17 03:00:00+00:00,0.0,20.6,7.9,44.0,1014.3,0.0,0,-0.7983422554789027,-3.2019758967107883,-2.444324425505833,-7.522857043894666
01a0f881-6d6a-42f8-96dc-f91162346a2e,2026-05-17 04:00:00+00:00,0.0,19.9,8.6,48.0,1014.9,0.0,0,-2.3860779752203523,-3.407672504242206,-5.548734513461887,-7.3634194026360404
01a0f881-6d6a-42f8-96dc-f91162346a2e,2026-05-17 05:00:00+00:00,0.0,20.3,8.9,48.0,1014.7,0.0,0,-2.1734606761204285,-3.6172460089629137,-4.760145166031337,-7.329980763843007
01a0f881-6d6a-42f8-96dc-f91162346a2e,2026-05-17 06:00:00+00:00,0.0,20.3,9.2,49.0,1014.8,0.0,0,-1.997795626159182,-3.1971413225097263,-4.549457852743742,-6.261791536462093
01a0f881-6d6a-42f8-96dc-f91162346a2e,2026-05-17 07:00:00+00:00,0.0,18.9,11.5,62.0,1015.1,0.7,0,-1.9853778489346772,-1.9172571024668323,-5.529273586939897,-3.4550736028004962
01a0f881-6d6a-42f8-96dc-f91162346a2e,2026-05-17 08:00:00+00:00,0.0,17.9,14.4,80.0,1015.5,0.0,0,-0.6068626813337775,-1.5020378443981957,-3.808015211139156,-3.083669916144206
01a0f881-6d6a-42f8-96dc-f91162346a2e,2026-05-17 09:00:00+00:00,0.0,17.7,14.8,83.0,1015.7,0.0,0,-0.6948179129231185,-1.3067624374312117,-4.305223481773009,-2.0997977931196825
01a0f881-6d6a-42f8-96dc-f91162346a2e,2026-05-17 10:00:00+00:00,0.0,17.4,15.2,87.0,1015.6,0.0,0,-0.6888950435031662,-1.102462525003354,-3.109612769417404,-1.5844268440910187
01a0f881-6d6a-42f8-96dc-f91162346a2e,2026-05-17 11:00:00+00:00,0.0,18.3,15.6,84.0,1016.3,0.0,0,-1.1002631123499285,-0.7993879431177636,-3.4984187297174727,-1.2046021714914796
01a0f881-6d6a-42f8-96dc-f91162346a2e,2026-05-17 12:00:00+00:00,70.0,21.0,16.6,76.0,1017.6,0.0,0,-1.7928409192048327,-0.4139099399927121,-3.6050526204640114,0.18893280203702764
01a0f881-6d6a-42f8-96dc-f91162346a2e,2026-05-17 13:00:00+00:00,150.0,20.5,17.1,81.0,1018.2,0.0,0,-0.6954225707299375,-0.7999921550361385,-3.2974044506836777,0.28848550849474763
01a0f881-6d6a-42f8-96dc-f91162346a2e,2026-05-17 14:00:00+00:00,650.0,24.7,18.4,68.0,1018.4,0.0,0,-0.6010407640085653,-0.6010407640085655,-0.9008582983535778,-0.49935390885372694
01a0f881-6d6a-42f8-96dc-f91162346a2e,2026-05-17 15:00:00+00:00,450.0,27.4,17.0,53.0,1018.5,0.0,0,-1.1000000000000003,-1.905255888325765,-1.3995265046965526,-1.99873098806514
01a0f881-6d6a-42f8-96dc-f91162346a2e,2026-05-17 16:00:00+00:00,322.5,29.0,15.2,43.0,1018.0,0.0,0,-1.8418359286530204,-1.4914893267881157,-2.5435871510266423,-1.24059034541309
01a0f881-6d6a-42f8-96dc-f91162346a2e,2026-05-17 17:00:00+00:00,205.0,29.8,13.8,38.0,1017.2,0.0,0,-1.743592509852083,-1.805542898850014,-2.9478620703747267,-0.3619519499132871
01a0f881-6d6a-42f8-96dc-f91162346a2e,2026-05-17 18:00:00+00:00,117.5,30.1,13.2,36.0,1016.3,0.0,0,-1.3030463295224368,-2.168633270776344,-3.3054637600376395,-0.17323201516414566
01a0f881-6d6a-42f8-96dc-f91162346a2e,2026-05-17 19:00:00+00:00,80.0,30.1,12.5,34.0,1015.7,0.0,0,-1.007395401662328,-3.1004442431222006,-3.406522156471002,0.4787554673026252
01a0f881-6d6a-42f8-96dc-f91162346a2e,2026-05-17 20:00:00+00:00,90.0,29.7,12.6,35.0,1015.3,0.0,0,-1.008682381293442,-3.2992514080724726,-3.596262860111201,0.31463223131904494
01a0f881-6d6a-42f8-96dc-f91162346a2e,2026-05-17 21:00:00+00:00,120.0,29.8,13.1,36.0,1015.4,0.0,0,-1.8936396159955688,-2.103099856101026,-5.2072843423562825,0.36412879294433365
01a0f881-6d6a-42f8-96dc-f91162346a2e,2026-05-17 22:00:00+00:00,250.0,29.5,13.3,37.0,1016.1,0.0,0,-2.706314747863416,-0.9850180127779253,-7.7053032763172284,-0.2690751195762809
01a0f881-6d6a-42f8-96dc-f91162346a2e,2026-05-17 23:00:00+00:00,290.0,28.6,14.4,42.0,1017.0,0.0,0,-2.4939790993643007,-1.1103910355969342,-7.005729697403861,-0.24464547188453034
01a0f881-6d6a-42f8-96dc-f91162346a2e,2026-05-18 00:00:00+00:00,150.0,29.5,11.1,32.0,1017.6,0.0,0,-2.4992804094396295,-0.7166571251241971,-5.998272982655111,-1.719977100298073
01a0f881-6d6a-42f8-96dc-f91162346a2e,2026-05-18 01:00:00+00:00,0.0,27.1,10.7,36.0,1018.1,0.0,0,-1.3010764773832473,-1.3010764773832477,-5.325558106453443,-3.458457872345421
01a0f881-6d6a-42f8-96dc-f91162346a2e,2026-05-18 02:00:00+00:00,0.0,25.2,10.2,39.0,1018.2,0.0,0,-0.40243053949281854,-1.4034420760699455,-4.996827470162848,-3.498816261741383
01a0f881-6d6a-42f8-96dc-f91162346a2e,2026-05-18 03:00:00+00:00,0.0,24.3,10.9,43.0,1018.8,0.0,0,-1.391403610106987,-2.5101585594900664,-5.171556392735529,-6.619290330296465
01a0f881-6d6a-42f8-96dc-f91162346a2e,2026-05-18 04:00:00+00:00,0.0,22.9,10.6,46.0,1019.2,0.0,0,-1.2861436779827173,-1.9067864168765958,-5.136934805230576,-4.159807784839428
4e7575e9-5084-4a89-b2e3-7842749d6912,2026-04-20 00:00:00+00:00,0.0,16.9,1.3,35.0,1022.8,0.0,0,-0.91742195083597,2.389965891832836,-1.875055924579439,4.21144455973239
4e7575e9-5084-4a89-b2e3-7842749d6912,2026-04-20 01:00:00+00:00,0.0,13.3,4.2,54.0,1023.3,0.0,0,-0.6995836886238548,0.29695565765184784,-2.11967705693282,3.3921923846257034
4e7575e9-5084-4a89-b2e3-7842749d6912,2026-04-20 02:00:00+00:00,0.0,11.0,5.8,70.0,1024.2,0.0,0,0.09731258764203794,-0.5006298635583086,-0.47556077372230254,3.0025725554092184
4e7575e9-5084-4a89-b2e3-7842749d6912,2026-04-20 03:00:00+00:00,0.0,9.7,5.1,73.0,1024.9,0.0,0,0.6995836886238546,-0.2969556576518481,0.31463223131904594,3.596262860111201
4e7575e9-5084-4a89-b2e3-7842749d6912,2026-04-20 04:00:00+00:00,0.0,8.6,4.8,77.0,1025.1,0.0,0,0.602489887763034,0.09542502367454087,-0.12563818812900296,3.597806977268745
4e7575e9-5084-4a89-b2e3-7842749d6912,2026-04-20 05:00:00+00:00,0.0,8.3,3.7,73.0,1024.8,0.0,0,0.7971652103870405,-0.49812410837921245,-0.9794452108211695,3.2036209324761686
4e7575e9-5084-4a89-b2e3-7842749d6912,2026-04-20 06:00:00+00:00,0.0,7.5,3.3,75.0,1024.8,0.0,0,1.596102480415719,-0.11161035799060054,0.5033203882632591,4.099215606278659
4e7575e9-5084-4a89-b2e3-7842749d6912,2026-04-20 07:00:00+00:00,0.0,6.8,2.3,73.0,1024.8,0.0,0,1.2,7.347880794884119e-17,1.5698724578648193,4.31318912940732
4e7575e9-5084-4a89-b2e3-7842749d6912,2026-04-20 08:00:00+00:00,0.0,6.3,2.4,76.0,1025.1,0.0,0,-0.09731258764203778,0.5006298635583086,0.8300693905288619,3.595425539057518
4e7575e9-5084-4a89-b2e3-7842749d6912,2026-04-20 09:00:00+00:00,0.0,6.1,1.8,74.0,1025.7,0.0,0,0.6943328138049504,-0.6035743066712667,1.610475561995751,2.38762820895852
4e7575e9-5084-4a89-b2e3-7842749d6912,2026-04-20 10:00:00+00:00,0.0,5.8,1.9,76.0,1026.1,0.0,0,1.193948742412413,-0.6083472696509927,2.584675271830048,2.019369639068159
4e7575e9-5084-4a89-b2e3-7842749d6912,2026-04-20 11:00:00+00:00,0.0,5.4,1.2,74.0,1026.7,0.0,0,1.303748609585582,-0.20649349385310467,4.207740926237356,1.2864355007800419
4e7575e9-5084-4a89-b2e3-7842749d6912,2026-04-20 12:00:00+00:00,0.0,6.0,3.1,82.0,1027.3,0.0,0,1.1983312105318935,0.3893614129124338,3.4900823772512877,2.0150000000000006
4e7575e9-5084-4a89-b2e3-7842749d6912,2026-04-20 13:00:00+00:00,0.0,10.0,6.9,81.0,1027.7,0.0,0,0.898332259111663,0.7018540818712504,2.510158559490066,1.3914036101069875
4e7575e9-5084-4a89-b2e3-7842749d6912,2026-04-20 14:00:00+00:00,0.0,14.2,6.5,60.0,1027.6,0.0,0,1.596102480415719,0.11161035799060037,2.2,1.3471114790620887e-16
4e7575e9-5084-4a89-b2e3-7842749d6912,2026-04-20 15:00:00+00:00,0.0,17.6,4.8,43.0,1028.0,0.0,0,1.3067624374312117,-0.6948179129231186,1.5000427762286965,-0.901316631092595
4e7575e9-5084-4a89-b2e3-7842749d6912,2026-04-20 16:00:00+00:00,0.0,20.4,4.0,34.0,1027.8,0.0,0,6.123233995736766e-17,-0.5,0.19837595439172753,-0.795642495546317
4e7575e9-5084-4a89-b2e3-7842749d6912,2026-04-20 17:00:00+00:00,0.0,21.9,4.0,31.0,1027.2,0.0,0,-1.295912186164363,0.29918490227734035,-1.295912186164363,0.29918490227734035
4e7575e9-5084-4a89-b2e3-7842749d6912,2026-04-20 18:00:00+00:00,0.0,22.8,4.3,30.0,1026.7,0.0,0,-1.3016872936859145,2.0044226573895636,-1.5987758862355277,2.200526224699857
4e7575e9-5084-4a89-b2e3-7842749d6912,2026-04-20 19:00:00+00:00,0.0,23.5,4.5,29.0,1026.2,0.0,0,-2.0982940959338214,1.6991650558345615,-2.282812440494555,1.915507076865887
4e7575e9-5084-4a89-b2e3-7842749d6912,2026-04-20 20:00:00+00:00,0.0,23.9,5.3,30.0,1025.5,0.0,0,-1.3845048603096433,1.7097211152053353,-1.611060201087585,1.9894936613298446
4e7575e9-5084-4a89-b2e3-7842749d6912,2026-04-20 21:00:00+00:00,0.0,24.2,5.1,29.0,1024.6,0.0,0,-1.387173195410237,1.9092801067248757,-1.6060140217829302,2.293625724009176
4e7575e9-5084-4a89-b2e3-7842749d6912,2026-04-20 22:00:00+00:00,0.0,24.2,5.0,29.0,1024.1,0.0,0,-1.5887916611214075,2.108397746524853,-1.8926685123817644,2.6050347218873307
4e7575e9-5084-4a89-b2e3-7842749d6912,2026-04-20 23:00:00+00:00,0.0,23.2,4.7,30.0,1024.0,0.0,0,-1.4990663761154812,1.4990663761154805,-1.9172571024668332,1.9853778489346763
4e7575e9-5084-4a89-b2e3-7842749d6912,2026-04-21 00:00:00+00:00,0.0,21.7,3.8,31.0,1023.8,0.0,0,-0.9979273070909722,0.5084693597082923,-1.998676939962744,0.6110568628705197
4e7575e9-5084-4a89-b2e3-7842749d6912,2026-04-21 01:00:00+00:00,0.0,17.9,5.2,43.0,1024.2,0.0,0,-0.49812410837921245,-0.7971652103870405,-1.3886656276099005,-1.2071486133425335
4e7575e9-5084-4a89-b2e3-7842749d6912,2026-04-21 02:00:00+00:00,0.0,15.3,5.8,53.0,1025.2,0.0,0,-0.1045284632676535,-0.9945218953682733,-1.8017165967071556,-0.9987078177074539
4e7575e9-5084-4a89-b2e3-7842749d6912,2026-04-21 03:00:00+00:00,0.0,13.9,6.2,60.0,1025.5,0.0,0,-0.9033263185844587,-1.0032455143944823,-3.804778527414926,-0.1993999932856178
4e7575e9-5084-4a89-b2e3-7842749d6912,2026-04-21 04:00:00+00:00,0.0,12.7,6.7,67.0,1025.4,0.0,0,0.5871322893124,1.8070073809607916,-1.81364798660004,2.792772991258262
4e7575e9-5084-4a89-b2e3-7842749d6912,2026-04-21 05:00:00+00:00,0.0,12.2,6.7,69.0,1025.3,0.0,0,0.30406657291164624,0.9945569462015569,-2.0928283024797185,2.4075235609106422
4e7575e9-5084-4a89-b2e3-7842749d6912,2026-04-21 06:00:00+00:00,0.0,11.9,5.9,67.0,1025.7,0.0,0,0.3986019102142844,-0.8952745484897487,-1.694114547249757,1.1001708507303538
4e7575e9-5084-4a89-b2e3-7842749d6912,2026-04-21 07:00:00+00:00,0.0,10.7,6.1,73.0,1025.3,0.0,0,0.690204487449172,-2.004499380270552,-0.7015463144895607,-1.504470926480839
4e7575e9-5084-4a89-b2e3-7842749d6912,2026-04-21 08:00:00+00:00,0.0,10.2,6.7,79.0,1025.3,0.0,0,0.40276505027189596,-0.4973734153324614,-1.9988091961285528,-0.49835910493531566
4e7575e9-5084-4a89-b2e3-7842749d6912,2026-04-21 09:00:00+00:00,0.0,10.3,5.8,74.0,1025.1,0.0,0,1.6009879483553942,-0.39917112773945185,-4.898587196589413e-17,0.2
4e7575e9-5084-4a89-b2e3-7842749d6912,2026-04-21 10:00:00+00:00,0.0,9.9,5.1,72.0,1025.3,0.0,0,1.105390003747547,-0.4921513381217183,-0.9970046034746985,1.1072857899613173
4e7575e9-5084-4a89-b2e3-7842749d6912,2026-04-21 11:00:00+00:00,0.0,10.0,5.0,71.0,1025.6,0.0,0,1.0012597271166173,-0.1946251752840757,-0.5860226780228821,1.7019334360787703
4e7575e9-5084-4a89-b2e3-7842749d6912,2026-04-21 12:00:00+00:00,0.0,10.6,6.3,75.0,1026.3,0.0,0,1.303748609585582,0.20649349385310484,0.40243053949281876,1.4034420760699455
4e7575e9-5084-4a89-b2e3-7842749d6912,2026-04-21 13:00:00+00:00,0.0,15.6,9.1,65.0,1026.5,0.0,0,0.49737341533246143,-0.40276505027189585,1.3965896703637537,-0.09765906324177545
4e7575e9-5084-4a89-b2e3-7842749d6912,2026-04-21 14:00:00+00:00,0.0,20.1,10.0,52.0,1026.8,0.0,0,0.7030903288065149,0.09881290168164647,0.8,4.898587196589413e-17
4e7575e9-5084-4a89-b2e3-7842749d6912,2026-04-21 15:00:00+00:00,0.0,23.4,8.6,39.0,1026.9,0.0,0,0.3041736348254964,-0.5969743712062064,0.3041736348254964,-0.5969743712062064
4e7575e9-5084-4a89-b2e3-7842749d6912,2026-04-21 16:00:00+00:00,0.0,24.9,6.6,31.0,1026.8,0.0,0,0.1838986171975588,-2.101970812973583,0.5093836425035103,-2.3964616217978243
4e7575e9-5084-4a89-b2e3-7842749d6912,2026-04-21 17:00:00+00:00,0.0,26.0,6.6,29.0,1026.5,0.0,0,0.8851688353768916,-2.3059436534480886,0.9850180127779263,-2.706314747863416
4e7575e9-5084-4a89-b2e3-7842749d6912,2026-04-21 18:00:00+00:00,0.0,26.6,6.6,28.0,1025.7,0.0,0,0.984302676243437,-2.2107800074950936,1.101861782339752,-2.5958236867358817
4e7575e9-5084-4a89-b2e3-7842749d6912,2026-04-21 19:00:00+00:00,0.0,27.3,6.7,27.0,1024.7,0.0,0,1.7977315079509224,-2.300991400531628,1.8896991726974313,-2.5077155015484998
4e7575e9-5084-4a89-b2e3-7842749d6912,2026-04-21 20:00:00+00:00,0.0,27.6,3.3,21.0,1023.7,0.0,0,2.103099856101026,-1.8936396159955688,2.384213067278496,-2.2233146538037447
4e7575e9-5084-4a89-b2e3-7842749d6912,2026-04-21 21:00:00+00:00,0.0,27.3,2.4,20.0,1023.1,0.0,0,1.2082951508156878,-1.4921202459973841,1.3995265046965522,-1.9987309880651403
4e7575e9-5084-4a89-b2e3-7842749d6912,2026-04-21 22:00:00+00:00,0.0,26.4,2.9,22.0,1023.0,0.0,0,-0.49118446393419773,-1.6065919900178995,-0.6159893273439995,-2.2989034665679826
4e7575e9-5084-4a89-b2e3-7842749d6912,2026-04-21 23:00:00+00:00,0.0,24.7,4.9,28.0,1023.2,0.0,0,-1.302616867719372,-1.3968855700926157,-1.3184974717697386,-2.1943482897974076
4e7575e9-5084-4a89-b2e3-7842749d6912,2026-04-22 00:00:00+00:00,0.0,22.4,6.6,36.0,1023.5,0.0,0,-0.6039283357484064,-0.8953605783594452,-1.4996715177799695,-2.399976112122686
4e7575e9-5084-4a89-b2e3-7842749d6912,2026-04-22 01:00:00+00:00,0.0,20.6,6.9,41.0,1023.5,0.0,0,-0.09881290168164678,0.7030903288065149,-1.5026692957463426,-0.48824685111241717
4e7575e9-5084-4a89-b2e3-7842749d6912,2026-04-22 02:00:00+00:00,0.0,19.0,7.5,47.0,1023.9,0.0,0,0.5969743712062064,0.30417363482549636,-0.3978212477731586,0.09918797719586364
4e7575e9-5084-4a89-b2e3-7842749d6912,2026-04-22 03:00:00+00:00,0.0,17.9,7.6,51.0,1023.8,0.0,0,0.3,1.8369701987210297e-17,-1.2968332653377717,0.09068341586736278
4e7575e9-5084-4a89-b2e3-7842749d6912,2026-04-22 04:00:00+00:00,0.0,16.7,8.4,58.0,1023.4,0.0,0,0.9945218953682733,0.10452846326765346,-0.7990306627407988,0.7990306627407985
4e7575e9-5084-4a89-b2e3-7842749d6912,2026-04-22 05:00:00+00:00,0.0,16.5,7.2,54.0,1023.2,0.0,0,1.0932746339242447,0.6060120253079214,0.3004113473637895,1.7037174127111199
4e7575e9-5084-4a89-b2e3-7842749d6912,2026-04-22 06:00:00+00:00,0.0,15.5,7.2,58.0,1023.1,0.0,0,1.1939487424124129,0.6083472696509927,1.2078566714968133,1.7907211567188903
4e7575e9-5084-4a89-b2e3-7842749d6912,2026-04-22 07:00:00+00:00,0.0,14.5,7.3,62.0,1022.6,0.0,0,1.3988802429757377,-0.7127650845910884,2.2059693667473463,-0.38897191797392394
4e7575e9-5084-4a89-b2e3-7842749d6912,2026-04-22 08:00:00+00:00,0.0,13.8,7.1,64.0,1022.6,0.0,0,0.40457512088918524,-1.0013585629321304,1.7062830462150886,-1.895019304967355
4e7575e9-5084-4a89-b2e3-7842749d6912,2026-04-22 09:00:00+00:00,0.0,12.6,7.1,69.0,1022.6,0.0,0,-0.3041736348254965,0.5969743712062064,0.40095293588476555,-0.20429572488279604
4e7575e9-5084-4a89-b2e3-7842749d6912,2026-04-22 10:00:00+00:00,0.0,11.8,7.5,75.0,1022.6,0.0,0,0.7929958065276473,0.40405154476819666,1.1966563094881726,0.5079504670360558
4e7575e9-5084-4a89-b2e3-7842749d6912,2026-04-22 11:00:00+00:00,0.0,11.7,7.0,73.0,1022.6,0.0,0,0.6888950435031664,-1.1024625250033537,3.6739403974420595e-17,-0.3
4e7575e9-5084-4a89-b2e3-7842749d6912,2026-04-22 12:00:00+00:00,0.0,12.6,7.9,73.0,1023.4,0.0,0,0.20121526974640944,-0.7017210380349728,0.8052377809978755,1.19381410447926
4e7575e9-5084-4a89-b2e3-7842749d6912,2026-04-22 13:00:00+00:00,0.0,16.7,9.8,64.0,1023.8,0.0,0,1.0994403663195127,0.4001635676910325,2.4896595082486925,1.2142880766057447
4e7575e9-5084-4a89-b2e3-7842749d6912,2026-04-22 14:00:00+00:00,0.0,20.9,9.5,48.0,1023.9,0.0,0,-0.4040515447681968,0.7929958065276473,-0.40457512088918535,1.0013585629321304
4e7575e9-5084-4a89-b2e3-7842749d6912,2026-04-22 15:00:00+00:00,0.0,23.1,7.2,36.0,1024.0,0.0,0,-1.200038714540427,1.9971998106359212,-1.210000000000001,2.095781477158341
4e7575e9-5084-4a89-b2e3-7842749d6912,2026-04-22 16:00:00+00:00,30.0,24.9,8.4,35.0,1024.2,0.0,0,-1.4990663761154812,1.4990663761154805,-1.6970562748477145,1.6970562748477136
4e7575e9-5084-4a89-b2e3-7842749d6912,2026-04-22 17:00:00+00:00,30.0,26.5,8.0,31.0,1023.4,0.0,0,-1.1029846833736732,0.19448595898696158,-1.1954336377100947,0.10458689129718947
4e7575e9-5084-4a89-b2e3-7842749d6912,2026-04-22 18:00:00+00:00,70.0,27.3,7.7,29.0,1022.3,0.0,0,-1.800084630616575,-0.1891965185144526,-1.8995368201534022,-0.1996493648412179
4e7575e9-5084-4a89-b2e3-7842749d6912,2026-04-22 19:00:00+00:00,60.0,27.8,7.1,27.0,1021.3,0.0,0,-0.8983322591116628,0.7018540818712506,-1.1053900037475473,0.4921513381217177
4e7575e9-5084-4a89-b2e3-7842749d6912,2026-04-22 20:00:00+00:00,70.0,27.9,6.6,26.0,1020.4,0.0,0,-1.7060182924028888,-0.6892761318852787,-1.8017165967071556,-0.9987078177074539
4e7575e9-5084-4a89-b2e3-7842749d6912,2026-04-22 21:00:00+00:00,70.0,27.7,7.0,27.0,1019.3,0.0,0,-0.6928492473791041,-3.0010597995385244,-0.7214535671376255,-3.3941721745463056
4e7575e9-5084-4a89-b2e3-7842749d6912,2026-04-22 22:00:00+00:00,50.0,27.2,6.1,26.0,1018.9,0.0,0,-0.8107764742768033,-1.297513587119332,-1.1001708507303547,-1.6941145472497565
4e7575e9-5084-4a89-b2e3-7842749d6912,2026-04-22 23:00:00+00:00,80.0,25.7,7.8,32.0,1018.8,0.0,0,-1.4992750883192993,-1.398096638128122,-1.8936396159955688,-2.103099856101026
4e7575e9-5084-4a89-b2e3-7842749d6912,2026-04-23 00:00:00+00:00,40.0,24.5,7.2,33.0,1018.4,0.0,0,-1.4992750883192993,-1.398096638128122,-2.4142741946212443,-2.5889921037318637
4e7575e9-5084-4a89-b2e3-7842749d6912,2026-04-23 01:00:00+00:00,40.0,20.4,8.0,45.0,1018.4,0.0,0,-0.29193776292611345,-1.501889590674926,-1.7251638990102771,-3.3858247919157978
4e7575e9-5084-4a89-b2e3-7842749d6912,2026-04-23 02:00:00+00:00,10.0,18.6,7.6,49.0,1018.9,0.0,0,0.6954225707299377,-0.7999921550361384,-0.9847005498558293,-2.1116971437953946
4e7575e9-5084-4a89-b2e3-7842749d6912,2026-04-23 03:00:00+00:00,0.0,17.4,6.5,49.0,1019.5,0.0,0,0.6128091937224633,-1.596422529310215,-1.576818977999322,-4.107753876587688
4e7575e9-5084-4a89-b2e3-7842749d6912,2026-04-23 04:00:00+00:00,0.0,16.1,7.0,55.0,1019.4,0.0,0,0.2919377629261138,-1.501889590674926,-1.5808398242151487,-3.9127158662718426
4e7575e9-5084-4a89-b2e3-7842749d6912,2026-04-23 05:00:00+00:00,0.0,15.6,7.6,59.0,1019.2,0.0,0,2.4492935982947064e-16,-2.0,-2.4566893241778334,-5.517814564161309
4e7575e9-5084-4a89-b2e3-7842749d6912,2026-04-23 06:00:00+00:00,0.0,15.1,8.1,63.0,1019.3,0.0,0,0.11161035799060084,-1.596102480415719,-2.3331224793425456,-3.882967872180569
4e7575e9-5084-4a89-b2e3-7842749d6912,2026-04-23 07:00:00+00:00,40.0,14.3,9.3,72.0,1018.9,0.0,0,0.11161035799060084,-1.596102480415719,-2.9248210125189553,-3.8813685788298433
4e7575e9-5084-4a89-b2e3-7842749d6912,2026-04-23 08:00:00+00:00,10.0,14.0,9.4,74.0,1018.8,0.0,0,0.80295672763063,-0.891773790572873,-2.2748607875147426,-3.018842227978767
4e7575e9-5084-4a89-b2e3-7842749d6912,2026-04-23 09:00:00+00:00,10.0,13.6,9.1,74.0,1019.0,0.0,0,0.7971652103870405,-0.49812410837921245,-2.0011121907579295,-2.00111219075793
4e7575e9-5084-4a89-b2e3-7842749d6912,2026-04-23 10:00:00+00:00,0.0,13.0,8.7,75.0,1019.0,0.0,0,0.7018540818712505,-0.8983322591116629,-1.3900000000000001,-2.407550622520739
4e7575e9-5084-4a89-b2e3-7842749d6912,2026-04-23 11:00:00+00:00,0.0,12.6,8.8,78.0,1019.3,0.0,0,1.0932805692640002,-1.5047716095374022,-1.6098122493758071,-3.7924799962240545
4e7575e9-5084-4a89-b2e3-7842749d6912,2026-04-23 12:00:00+00:00,20.0,13.1,11.0,87.0,1019.7,0.0,0,0.9041007981249453,-1.3921931427894036,-1.5844268440910179,-3.1096127694174043
4e7575e9-5084-4a89-b2e3-7842749d6912,2026-04-23 13:00:00+00:00,30.0,17.1,12.9,76.0,1019.9,0.0,0,0.30406657291164607,-0.994556946201557,-0.08897112561300406,-1.6976702090827755
4e7575e9-5084-4a89-b2e3-7842749d6912,2026-04-23 14:00:00+00:00,150.0,21.0,14.6,67.0,1019.7,0.0,0,-0.49812410837921245,-0.7971652103870405,-0.6060120253079212,-1.0932746339242447
4e7575e9-5084-4a89-b2e3-7842749d6912,2026-04-23 15:00:00+00:00,250.0,23.5,15.0,59.0,1019.6,0.0,0,-0.19623407235369236,-1.396277976925614,-0.4033486801864534,-1.8976063454235828
4e7575e9-5084-4a89-b2e3-7842749d6912,2026-04-23 16:00:00+00:00,90.0,25.2,12.4,45.0,1019.0,0.0,0,-0.404600253963948,-2.2946020645184446,-0.5105256423407756,-2.8953347938558913
4e7575e9-5084-4a89-b2e3-7842749d6912,2026-04-23 17:00:00+00:00,90.0,26.3,12.0,41.0,1018.6,0.0,0,0.3250835207624031,-3.09296309459533,0.31463223131904605,-3.596262860111201
4e7575e9-5084-4a89-b2e3-7842749d6912,2026-04-23 18:00:00+00:00,150.0,27.0,12.3,40.0,1017.4,0.0,0,1.6162537559112748,-2.586546693277099,1.6994870572849243,-3.196270286149316
4e7575e9-5084-4a89-b2e3-7842749d6912,2026-04-23 19:00:00+00:00,150.0,26.5,11.8,40.0,1016.4,0.0,0,1.5962033134720284,-3.0020218157203518,2.014033004351471,-3.7878451733647966
4e7575e9-5084-4a89-b2e3-7842749d6912,2026-04-23 20:00:00+00:00,120.0,27.2,11.2,37.0,1015.9,0.0,0,1.1762647033259646,-2.911357303339712,1.3044593363448929,-3.3982327524498146
4e7575e9-5084-4a89-b2e3-7842749d6912,2026-04-23 21:00:00+00:00,100.0,27.1,10.3,35.0,1014.8,0.0,0,0.974945239266661,-3.910291776892266,1.0640184870464824,-4.608770406434163
4e7575e9-5084-4a89-b2e3-7842749d6912,2026-04-23 22:00:00+00:00,100.0,25.7,10.7,39.0,1014.5,0.0,0,2.2070945305377974,-1.7872699105815377,3.418159983002413,-2.5757682990907673
4e7575e9-5084-4a89-b2e3-7842749d6912,2026-04-23 23:00:00+00:00,110.0,25.8,11.2,40.0,1014.5,0.0,0,1.693827398896735,-2.6082654663102685,2.7990530093931043,-3.9974619761302805
4e7575e9-5084-4a89-b2e3-7842749d6912,2026-04-24 00:00:00+00:00,90.0,24.7,10.2,40.0,1014.2,0.0,0,2.0070364409717225,-1.6841035373787332,3.409670653605206,-3.2926806759756477
4e7575e9-5084-4a89-b2e3-7842749d6912,2026-04-24 01:00:00+00:00,40.0,22.6,10.0,45.0,1014.3,0.0,0,1.1983312105318935,-0.38936141291243365,2.3062657899238705,-2.3882081371243222
4e7575e9-5084-4a89-b2e3-7842749d6912,2026-04-24 02:00:00+00:00,80.0,20.8,10.0,50.0,1014.5,0.0,0,1.602810901735645,-1.001547409400757,3.089452571083118,-3.3130322683348425
4e7575e9-5084-4a89-b2e3-7842749d6912,2026-04-24 03:00:00+00:00,70.0,19.3,11.1,59.0,1014.9,0.0,0,0.8936349552907691,-1.1035472652688987,1.5238514011081676,-3.5899689284645175
4e7575e9-5084-4a89-b2e3-7842749d6912,2026-04-24 04:00:00+00:00,50.0,18.3,11.1,63.0,1014.2,0.0,0,1.095877426079672,-1.402659141419965,1.1769715093385866,-4.104587441656621
4e7575e9-5084-4a89-b2e3-7842749d6912,2026-04-24 05:00:00+00:00,30.0,18.8,11.3,62.0,1013.7,0.0,0,1.4874531232321868,-2.205239942996411,2.6713010075573176,-4.819154586338071
4e7575e9-5084-4a89-b2e3-7842749d6912,2026-04-24 06:00:00+00:00,0.0,18.7,11.0,61.0,1014.0,0.0,0,-0.18206439647216696,-2.6036421711781412,-0.9839538237876633,-7.001195246002902
4e7575e9-5084-4a89-b2e3-7842749d6912,2026-04-24 07:00:00+00:00,0.0,17.7,10.8,64.0,1013.9,0.0,0,3.061616997868383e-16,-2.5,-1.6499073279897325,-6.617416853202296
4e7575e9-5084-4a89-b2e3-7842749d6912,2026-04-24 08:00:00+00:00,0.0,17.3,10.0,62.0,1013.4,0.0,0,-0.11513910373447585,-2.1969849764600626,-2.461987813376214,-6.413697530035776
4e7575e9-5084-4a89-b2e3-7842749d6912,2026-04-24 09:00:00+00:00,0.0,16.5,9.6,64.0,1013.1,0.0,0,0.3003541728772435,-1.8963616139426642,-1.966431652921227,-5.710932196619873
4e7575e9-5084-4a89-b2e3-7842749d6912,2026-04-24 10:00:00+00:00,0.0,16.1,11.0,72.0,1013.2,0.0,0,0.1962340723536921,-1.3962779769256142,-2.585491136048472,-4.302979849524603
4e7575e9-5084-4a89-b2e3-7842749d6912,2026-04-24 11:00:00+00:00,0.0,15.9,11.5,75.0,1013.1,0.0,0,0.4011695199089076,-1.4971850307480556,-1.865540835211242,-4.617375595742602
4e7575e9-5084-4a89-b2e3-7842749d6912,2026-04-24 12:00:00+00:00,0.0,16.5,13.0,80.0,1013.6,0.0,0,0.9041007981249453,-1.3921931427894036,-0.7223764190944307,-4.096800252530786
4e7575e9-5084-4a89-b2e3-7842749d6912,2026-04-24 13:00:00+00:00,10.0,18.8,15.1,79.0,1014.1,0.0,0,0.08724874175625286,-2.4984770675477392,4.1637991171010006e-16,-3.4
4e7575e9-5084-4a89-b2e3-7842749d6912,2026-04-24 14:00:00+00:00,430.0,21.3,17.7,80.0,1013.9,0.0,0,0.5709857973968431,-3.6050624431722524,0.5654737533998846,-4.605414143615734
4e7575e9-5084-4a89-b2e3-7842749d6912,2026-04-24 15:00:00+00:00,400.0,22.2,17.4,74.0,1014.3,0.0,0,-0.6819503458822511,-3.208324130406882,-0.8795586224845121,-3.8097869533102697
4e7575e9-5084-4a89-b2e3-7842749d6912,2026-04-24 16:00:00+00:00,180.0,24.6,15.5,57.0,1014.2,0.0,0,-1.9289061218088654,-3.086895070009391,-2.421305272028333,-3.589732689163331
4e7575e9-5084-4a89-b2e3-7842749d6912,2026-04-24 17:00:00+00:00,70.0,26.1,14.6,49.0,1013.6,0.0,0,-2.512264791217582,-3.587885953985784,-2.8702477145291927,-4.419793893072384
4e7575e9-5084-4a89-b2e3-7842749d6912,2026-04-24 18:00:00+00:00,50.0,27.0,13.4,43.0,1012.5,0.0,0,-1.6098122493758071,-3.7924799962240545,-2.138448404407938,-4.585917402405449
4e7575e9-5084-4a89-b2e3-7842749d6912,2026-04-24 19:00:00+00:00,120.0,27.2,14.3,45.0,1012.1,0.0,0,-2.793771140185231,-2.6052337354387447,-3.5103782256526177,-3.3899328478399067
4e7575e9-5084-4a89-b2e3-7842749d6912,2026-04-24 20:00:00+00:00,220.0,28.1,14.0,42.0,1011.3,0.0,0,-0.89204970125326,-1.6093002611364884,-1.2100000000000002,-2.0957814771583414
4e7575e9-5084-4a89-b2e3-7842749d6912,2026-04-24 21:00:00+00:00,60.0,27.5,12.7,40.0,1010.2,0.0,0,-1.5887916611214077,-2.108397746524853,-1.889699172697432,-2.5077155015484998
4e7575e9-5084-4a89-b2e3-7842749d6912,2026-04-24 22:00:00+00:00,430.0,26.3,15.1,50.0,1010.0,0.0,0,-0.4033486801864534,-1.8976063454235828,-0.722105135836033,-2.6949330553465005
4e7575e9-5084-4a89-b2e3-7842749d6912,2026-04-24 23:00:00+00:00,660.0,25.0,15.9,57.0,1010.1,0.0,0,-1.7925439968984083,-1.5041230066665023,-2.0011121907579295,-2.00111219075793
4e7575e9-5084-4a89-b2e3-7842749d6912,2026-04-25 00:00:00+00:00,820.0,24.0,16.2,62.0,1010.2,0.0,0,-1.0032455143944825,-0.9033263185844586,-1.4992750883192993,-1.398096638128122
4e7575e9-5084-4a89-b2e3-7842749d6912,2026-04-25 01:00:00+00:00,620.0,23.2,15.5,62.0,1010.1,0.0,0,0.7981016567360142,-1.5010109078601759,0.40460622010508984,-3.2952532234491887
4e7575e9-5084-4a89-b2e3-7842749d6912,2026-04-25 02:00:00+00:00,480.0,21.8,15.8,69.0,1010.0,0.0,0,0.6018150231520482,-0.7986355100472929,-0.6022726904048883,-3.8026001112912806
4e7575e9-5084-4a89-b2e3-7842749d6912,2026-04-25 03:00:00+00:00,250.0,22.0,15.4,66.0,1009.7,0.0,0,0.19448595898696192,-1.1029846833736732,-0.697697714079429,-4.405089999054314
4e7575e9-5084-4a89-b2e3-7842749d6912,2026-04-25 04:00:00+00:00,230.0,21.3,16.0,72.0,1010.0,0.0,0,-0.2101022111679835,-1.9989890096902292,-1.7906248495143622,-5.200352165796242
4e7575e9-5084-4a89-b2e3-7842749d6912,2026-04-25 05:00:00+00:00,270.0,20.9,16.5,76.0,1010.1,0.0,0,-1.1168166293592847,-2.191876049503385,-2.070613462347517,-6.013498140811655
4e7575e9-5084-4a89-b2e3-7842749d6912,2026-04-25 06:00:00+00:00,100.0,19.9,16.9,83.0,1009.4,0.0,0,-2.298646861724443,-0.4885924734217355,-4.713718032290653,-1.2630369401003005
4e7575e9-5084-4a89-b2e3-7842749d6912,2026-04-25 07:00:00+00:00,160.0,19.0,16.6,86.0,1008.4,0.4,0,-0.09899494936611669,0.09899494936611664,-2.400082667646185,-0.38013575004776146
4e7575e9-5084-4a89-b2e3-7842749d6912,2026-04-25 08:00:00+00:00,120.0,18.8,17.1,90.0,1008.7,0.4,0,-1.504537557880121,-1.996588775118232,-2.560506418531043,-5.0252767964223946
4e7575e9-5084-4a89-b2e3-7842749d6912,2026-04-25 09:00:00+00:00,200.0,18.5,17.1,92.0,1009.6,0.0,0,-1.8017165967071556,-0.9987078177074539,-3.2995567884187107,-1.9050000000000018
4e7575e9-5084-4a89-b2e3-7842749d6912,2026-04-25 10:00:00+00:00,120.0,17.9,16.9,94.0,1009.5,0.0,0,-1.5964225293102148,-0.6128091937224642,-2.6001760828981215,-0.8953124247571808
4e7575e9-5084-4a89-b2e3-7842749d6912,2026-04-25 11:00:00+00:00,110.0,17.7,16.7,94.0,1009.7,0.0,0,-1.2942602299766068,-0.9062507694346533,-3.0918515192691336,-1.5079967449544274
4e7575e9-5084-4a89-b2e3-7842749d6912,2026-04-25 12:00:00+00:00,30.0,17.8,16.6,93.0,1010.4,0.0,0,-0.7016920913345682,-2.295131414311285,-2.1950000000000003,-3.8018515226136853
4e7575e9-5084-4a89-b2e3-7842749d6912,2026-04-25 13:00:00+00:00,60.0,17.9,17.3,96.0,1010.2,0.0,0,-1.0096848195340793,-1.292337635915024,-1.6126047613248484,-1.7909790294005203
4e7575e9-5084-4a89-b2e3-7842749d6912,2026-04-25 14:00:00+00:00,240.0,18.8,18.0,95.0,1009.9,0.0,0,-0.8917737905728732,-0.8029567276306298,-1.3915092303249095,-1.0109906339430539
4e7575e9-5084-4a89-b2e3-7842749d6912,2026-04-25 15:00:00+00:00,340.0,19.7,18.2,91.0,1010.3,0.0,0,-0.8964204596024165,0.20695496999635574,-1.1966563094881726,0.5079504670360555
4e7575e9-5084-4a89-b2e3-7842749d6912,2026-04-25 16:00:00+00:00,200.0,19.6,17.0,85.0,1010.5,0.0,0,-1.0927389364671167,-1.3022755533022625,-1.6970562748477138,-1.6970562748477145
4e7575e9-5084-4a89-b2e3-7842749d6912,2026-04-25 17:00:00+00:00,410.0,21.0,17.8,82.0,1010.4,0.4,0,-0.19602143532144095,0.09987790994270027,-0.3,-5.510910596163089e-17
4e7575e9-5084-4a89-b2e3-7842749d6912,2026-04-25 18:00:00+00:00,650.0,23.2,18.3,74.0,1010.0,0.0,0,-0.1,-1.8369701987210297e-17,0.19602143532144095,-0.09987790994270028
4e7575e9-5084-4a89-b2e3-7842749d6912,2026-04-25 19:00:00+00:00,580.0,24.1,17.1,65.0,1009.9,0.0,0,-0.19448595898696205,1.1029846833736732,-0.40243053949281843,1.4034420760699455
4e7575e9-5084-4a89-b2e3-7842749d6912,2026-04-25 20:00:00+00:00,790.0,24.8,17.3,63.0,1009.2,0.0,0,-0.1946807064562168,-0.5991656052659468,-0.30417363482549625,-0.5969743712062066
4e7575e9-5084-4a89-b2e3-7842749d6912,2026-04-25 21:00:00+00:00,760.0,25.9,16.7,57.0,1008.6,0.0,0,-1.9091317743623757,-2.196204878448267,-2.397091988222396,-2.397091988222397
4e7575e9-5084-4a89-b2e3-7842749d6912,2026-04-25 22:00:00+00:00,1220.0,25.0,17.2,62.0,1008.6,0.0,0,-1.7040541247726673,-1.5890561789456217,-2.282812440494554,-1.9155070768658877
4e7575e9-5084-4a89-b2e3-7842749d6912,2026-04-25 23:00:00+00:00,1370.0,24.7,17.2,63.0,1008.3,0.0,0,-1.7999613311053286,-1.9990595805341904,-2.306265789923871,-2.3882081371243213
4e7575e9-5084-4a89-b2e3-7842749d6912,2026-04-26 00:00:00+00:00,1430.0,24.4,16.9,63.0,1008.7,0.0,0,-1.2975135871193317,-0.8107764742768037,-1.9092801067248757,-1.3871731954102369
4e7575e9-5084-4a89-b2e3-7842749d6912,2026-04-26 01:00:00+00:00,1470.0,20.2,19.2,94.0,1009.2,0.0,0,-1.8070073809607918,0.5871322893123997,-3.3970239204928525,0.2972010827695134
4e7575e9-5084-4a89-b2e3-7842749d6912,2026-04-26 02:00:00+00:00,1260.0,20.3,19.0,92.0,1009.6,0.0,0,-0.497157034407225,-0.2987220834478315,-1.0012597271166173,-0.1946251752840755
4e7575e9-5084-4a89-b2e3-7842749d6912,2026-04-26 03:00:00+00:00,1200.0,19.3,18.5,95.0,1010.1,0.0,0,0.40095293588476555,-0.20429572488279604,-0.5939113153036958,-1.3991673772477093
4e7575e9-5084-4a89-b2e3-7842749d6912,2026-04-26 04:00:00+00:00,1080.0,18.8,17.8,94.0,1010.6,0.0,0,1.2861436779827178,1.9067864168765958,1.6252859890675775,3.189803356594357
4e7575e9-5084-4a89-b2e3-7842749d6912,2026-04-26 05:00:00+00:00,910.0,18.3,16.9,92.0,1010.6,0.0,0,0.40016356769103256,-1.0994403663195127,-2.4492935982947064e-16,1.0
4e7575e9-5084-4a89-b2e3-7842749d6912,2026-04-26 06:00:00+00:00,660.0,17.6,16.3,92.0,1010.4,0.0,1,-0.40500000000000014,-0.7014805770653953,-0.40305086527633216,0.40305086527633194
4e7575e9-5084-4a89-b2e3-7842749d6912,2026-04-26 07:00:00+00:00,330.0,17.2,15.4,89.0,1010.0,0.0,1,-0.1946251752840756,-1.0012597271166173,-1.0994403663195127,0.4001635676910327
4e7575e9-5084-4a89-b2e3-7842749d6912,2026-04-26 08:00:00+00:00,410.0,16.6,15.3,92.0,1010.3,0.0,1,1.4953047837997713,0.21015138244969886,0.8936349552907691,1.1035472652688987
4e7575e9-5084-4a89-b2e3-7842749d6912,2026-04-26 09:00:00+00:00,330.0,16.2,15.2,94.0,1010.7,0.0,1,0.40499999999999997,0.7014805770653953,0.49835910493531554,1.9988091961285528
4e7575e9-5084-4a89-b2e3-7842749d6912,2026-04-26 10:00:00+00:00,170.0,15.9,15.1,95.0,1010.6,0.0,1,0.5991656052659468,0.1946807064562169,0.08897112561300452,1.6976702090827755
4e7575e9-5084-4a89-b2e3-7842749d6912,2026-04-26 11:00:00+00:00,0.0,16.7,16.7,100.0,1011.3,0.0,1,0.795642495546317,0.19837595439172748,1.0109906339430539,1.3915092303249097
4e7575e9-5084-4a89-b2e3-7842749d6912,2026-04-26 12:00:00+00:00,0.0,17.0,17.0,100.0,1012.3,0.0,1,0.3986019102142842,0.8952745484897489,0.5096100135552464,1.4001420049710036
4e7575e9-5084-4a89-b2e3-7842749d6912,2026-04-26 13:00:00+00:00,10.0,18.0,17.3,96.0,1012.8,0.0,1,0.8980256121069154,0.8980256121069154,1.706070045455344,0.9850000000000002
4e7575e9-5084-4a89-b2e3-7842749d6912,2026-04-26 14:00:00+00:00,480.0,20.2,18.3,89.0,1013.6,0.0,1,0.7018540818712504,0.8983322591116629,0.7993879431177635,1.1002631123499287
4e7575e9-5084-4a89-b2e3-7842749d6912,2026-04-26 15:00:00+00:00,670.0,21.8,19.0,84.0,1013.3,0.0,1,0.8055301005437919,0.9947468306649228,0.9033263185844587,1.0032455143944823
4e7575e9-5084-4a89-b2e3-7842749d6912,2026-04-26 16:00:00+00:00,880.0,24.7,19.8,74.0,1013.5,0.0,1,0.3,1.8369701987210297e-17,0.298453526119815,0.20130944524946884
4e7575e9-5084-4a89-b2e3-7842749d6912,2026-04-26 17:00:00+00:00,960.0,26.8,19.1,63.0,1013.2,0.0,1,-0.30433808521444916,-0.09888543819998322,-0.4,-7.347880794884119e-17
4e7575e9-5084-4a89-b2e3-7842749d6912,2026-04-26 18:00:00+00:00,1180.0,27.6,18.8,59.0,1013.2,0.0,1,-0.19602143532144095,0.09987790994270027,-0.19798989873223338,0.19798989873223327
4e7575e9-5084-4a89-b2e3-7842749d6912,2026-04-26 19:00:00+00:00,790.0,28.2,16.8,50.0,1012.2,0.0,1,-0.49812410837921267,0.7971652103870402,-0.6025945476447637,1.0028857418214712
4e7575e9-5084-4a89-b2e3-7842749d6912,2026-04-26 20:00:00+00:00,1010.0,28.3,16.5,49.0,1011.7,0.0,1,1.2078566714968133,1.7907211567188903,1.3995265046965524,1.99873098806514
4e7575e9-5084-4a89-b2e3-7842749d6912,2026-04-26 21:00:00+00:00,160.0,28.5,13.6,40.0,1011.3,0.0,1,0.1891965185144528,1.8000846306165748,0.41390993999271164,1.792840919204833
4e7575e9-5084-4a89-b2e3-7842749d6912,2026-04-26 22:00:00+00:00,10.0,27.1,12.4,40.0,1011.7,0.0,1,0.5054953169715269,0.6957546151624548,0.8953605783594452,0.6039283357484065
4e7575e9-5084-4a89-b2e3-7842749d6912,2026-04-26 23:00:00+00:00,0.0,26.6,11.5,39.0,1011.7,0.0,1,1.602810901735645,1.0015474094007573,1.7996845515559237,0.8012711868593264
4e7575e9-5084-4a89-b2e3-7842749d6912,2026-04-27 00:00:00+00:00,210.0,25.2,13.4,48.0,1011.9,0.0,1,1.504470926480839,-0.7015463144895608,2.41044692850487,-1.2816573664054822
4e7575e9-5084-4a89-b2e3-7842749d6912,2026-04-27 01:00:00+00:00,0.0,23.5,11.9,48.0,1012.1,0.0,1,1.2031667005822355,-0.29998315054358804,1.792840919204833,-0.4139099399927117
4e7575e9-5084-4a89-b2e3-7842749d6912,2026-04-27 02:00:00+00:00,0.0,20.4,12.1,59.0,1013.2,0.0,1,0.9050149247851287,-0.09512090157356473,0.8952745484897489,-0.39860191021428426
4e7575e9-5084-4a89-b2e3-7842749d6912,2026-04-27 03:00:00+00:00,10.0,18.7,12.9,69.0,1013.3,0.0,1,0.7018540818712505,-0.8983322591116629,1.2168721468183061,-2.1952954649198833
4e7575e9-5084-4a89-b2e3-7842749d6912,2026-04-27 04:00:00+00:00,0.0,18.7,13.1,70.0,1013.7,0.0,1,1.3968855700926157,-1.302616867719372,2.9877876430563135,-1.7249999999999994
4e7575e9-5084-4a89-b2e3-7842749d6912,2026-04-27 05:00:00+00:00,50.0,17.3,14.6,84.0,1013.9,0.0,1,1.7060182924028888,-0.6892761318852783,3.902366182758303,-1.497978029099355
4e7575e9-5084-4a89-b2e3-7842749d6912,2026-04-27 06:00:00+00:00,0.0,18.7,12.2,66.0,1014.6,0.0,1,2.2023108839390755,-0.5901074228337475,6.196223127518394,-0.21637687955550594
4e7575e9-5084-4a89-b2e3-7842749d6912,2026-04-27 07:00:00+00:00,0.0,18.0,13.7,76.0,1014.6,0.0,1,2.210780007495094,-0.9843026762434366,6.084786535289559,-1.744784462321604
4e7575e9-5084-4a89-b2e3-7842749d6912,2026-04-27 08:00:00+00:00,0.0,18.1,11.4,65.0,1014.6,0.0,1,2.2868342655046203,-1.2159313476154574,5.1858621692477795,-3.115980353205828
4e7575e9-5084-4a89-b2e3-7842749d6912,2026-04-27 09:00:00+00:00,0.0,18.5,11.1,62.0,1014.4,0.0,1,2.306344061849916,-1.4977573462913245,5.302939786714023,-3.996051753729601
4e7575e9-5084-4a89-b2e3-7842749d6912,2026-04-27 10:00:00+00:00,0.0,18.2,13.7,75.0,1014.9,0.0,1,2.9027420270899027,-0.9994942341834708,5.707342193999709,-2.783656782110642
4e7575e9-5084-4a89-b2e3-7842749d6912,2026-04-27 11:00:00+00:00,0.0,17.9,13.8,77.0,1015.2,0.0,1,2.8024586345386444,-0.39385987571698494,6.19167431264499,-1.3160810028764167
4e7575e9-5084-4a89-b2e3-7842749d6912,2026-04-27 12:00:00+00:00,0.0,18.6,15.1,80.0,1016.0,0.0,1,2.5077155015484993,-1.889699172697432,5.326952694381441,-4.1618715732014495
4e7575e9-5084-4a89-b2e3-7842749d6912,2026-04-27 13:00:00+00:00,0.0,19.8,16.8,83.0,1017.1,0.0,1,4.693857688511658,-2.7099999999999986,7.2762526650221355,-4.546707287120897
4e7575e9-5084-4a89-b2e3-7842749d6912,2026-04-27 14:00:00+00:00,180.0,21.2,17.6,80.0,1017.5,0.0,1,4.494654909629058,-2.808572100435985,6.8267871740592305,-4.265850077077299
4e7575e9-5084-4a89-b2e3-7842749d6912,2026-04-27 15:00:00+00:00,510.0,22.3,18.5,79.0,1017.5,0.0,1,3.593859795212817,-2.7081676041842178,5.028134370626602,-4.071702930092447
4e7575e9-5084-4a89-b2e3-7842749d6912,2026-04-27 16:00:00+00:00,560.0,23.3,18.4,74.0,1017.3,0.0,1,3.621411291931867,-3.883488155597795,5.019507930059989,-5.382763243917095
4e7575e9-5084-4a89-b2e3-7842749d6912,2026-04-27 17:00:00+00:00,780.0,24.0,19.3,75.0,1017.2,0.0,1,3.998119161068381,-3.5999226622106573,5.536347521257121,-5.162727585673113
4e7575e9-5084-4a89-b2e3-7842749d6912,2026-04-27 18:00:00+00:00,970.0,24.7,19.6,73.0,1016.7,0.0,1,3.490234034229499,-4.015054966785147,4.698777426808603,-5.599784879199728
4e7575e9-5084-4a89-b2e3-7842749d6912,2026-04-27 19:00:00+00:00,1150.0,25.1,19.7,72.0,1016.6,0.0,1,3.9032294321497423,-3.903229432149742,5.2104674708774885,-5.587542280370462
4e7575e9-5084-4a89-b2e3-7842749d6912,2026-04-27 20:00:00+00:00,1360.0,25.6,19.5,69.0,1016.4,0.0,1,2.7990530093931043,-3.9974619761302805,3.3477474869153534,-5.57158745456373
4e7575e9-5084-4a89-b2e3-7842749d6912,2026-04-27 21:00:00+00:00,1190.0,26.6,18.7,62.0,1016.0,0.0,1,2.9252398253903342,-4.177675425873859,3.654527924950833,-5.627479510913795
4e7575e9-5084-4a89-b2e3-7842749d6912,2026-04-27 22:00:00+00:00,1200.0,26.6,18.7,62.0,1015.2,0.0,1,3.3368851962650683,-4.271018284548433,4.8637256550727015,-6.225284953493103
4e7575e9-5084-4a89-b2e3-7842749d6912,2026-04-27 23:00:00+00:00,1170.0,25.8,18.2,63.0,1014.9,0.0,1,3.33606769427314,-3.9757706597874956,4.7775330485271095,-6.114963447988162
4e7575e9-5084-4a89-b2e3-7842749d6912,2026-04-28 00:00:00+00:00,830.0,24.4,17.1,64.0,1015.2,0.0,1,2.6097665201785816,-3.5920354550247664,4.266641853481799,-6.3255566785949675
4e7575e9-5084-4a89-b2e3-7842749d6912,2026-04-28 01:00:00+00:00,1020.0,23.5,17.5,69.0,1015.0,0.0,1,2.5722873559654356,-3.813572833753191,5.185130984613455,-7.405134480372486
4e7575e9-5084-4a89-b2e3-7842749d6912,2026-04-28 02:00:00+00:00,830.0,23.2,17.4,70.0,1015.3,0.0,1,3.032971901829162,-4.174527690974728,5.351476086215048,-7.933889569351749
4e7575e9-5084-4a89-b2e3-7842749d6912,2026-04-28 03:00:00+00:00,450.0,23.3,16.4,65.0,1015.9,0.0,1,2.823924162527272,-4.18663974140296,4.838162882449161,-7.742679117908169
4e7575e9-5084-4a89-b2e3-7842749d6912,2026-04-28 04:00:00+00:00,370.0,22.9,16.2,66.0,1015.8,0.0,1,2.4975887140209387,-4.697281194009491,4.326529462517882,-8.491292175515145
4e7575e9-5084-4a89-b2e3-7842749d6912,2026-04-28 05:00:00+00:00,360.0,22.1,16.8,72.0,1016.2,0.0,1,1.7856412571959812,-4.206707180277653,3.191648175903572,-7.899606440909028
4e7575e9-5084-4a89-b2e3-7842749d6912,2026-04-28 06:00:00+00:00,250.0,22.0,16.7,72.0,1016.4,0.0,1,1.5768189779993211,-4.107753876587688,2.7184940897172574,-7.895080106254295
4e7575e9-5084-4a89-b2e3-7842749d6912,2026-04-28 07:00:00+00:00,260.0,21.3,16.9,76.0,1016.1,0.0,1,0.4944196312560022,-4.704088565091933,0.44014539200315744,-8.398474387285965
4e7575e9-5084-4a89-b2e3-7842749d6912,2026-04-28 08:00:00+00:00,200.0,21.6,17.2,76.0,1016.0,0.0,1,0.6164510307176024,-3.4960675231933385,0.5865581486917397,-6.704390318157448
4e7575e9-5084-4a89-b2e3-7842749d6912,2026-04-28 09:00:00+00:00,90.0,21.7,16.4,72.0,1016.2,0.0,1,1.1897815924903967,-3.0994870159707095,1.5004235324735808,-6.4990483321175185
4e7575e9-5084-4a89-b2e3-7842749d6912,2026-04-28 10:00:00+00:00,40.0,19.8,16.8,83.0,1016.5,0.0,1,0.7209272488870099,-2.8914812643024694,0.9980518869566737,-6.301451612996978
4e7575e9-5084-4a89-b2e3-7842749d6912,2026-04-28 11:00:00+00:00,330.0,19.8,17.0,84.0,1017.1,0.0,1,3.5514757175273243e-16,-2.9,-0.5072464227913692,-5.79785314289396
4e7575e9-5084-4a89-b2e3-7842749d6912,2026-04-28 12:00:00+00:00,320.0,21.3,18.3,83.0,1018.4,0.0,1,0.4083312501058063,-2.100682172578001,0.4789465195822299,-3.9007063759503957
4e7575e9-5084-4a89-b2e3-7842749d6912,2026-04-28 13:00:00+00:00,200.0,20.5,18.4,88.0,1020.0,0.0,1,1.0032455143944823,-0.9033263185844587,1.095877426079672,-1.402659141419965
4e7575e9-5084-4a89-b2e3-7842749d6912,2026-04-28 14:00:00+00:00,230.0,19.7,18.8,95.0,1020.9,0.7,1,2.797271535180508,-0.8021047054274673,3.5935967029358324,-1.910749260538576
4e7575e9-5084-4a89-b2e3-7842749d6912,2026-04-28 15:00:00+00:00,90.0,19.3,18.6,96.0,1020.5,6.1,1,2.904681268854079,-1.4800090291509223,4.679781769135467,-3.039085815383851
4e7575e9-5084-4a89-b2e3-7842749d6912,2026-04-28 16:00:00+00:00,0.0,18.9,18.2,96.0,1020.8,0.4,1,4.62093436433125,-1.9614702650161544,6.385682748921781,-2.8430891350998437
4e7575e9-5084-4a89-b2e3-7842749d6912,2026-04-28 17:00:00+00:00,10.0,19.2,18.9,98.0,1019.9,1.8,1,3.487185019704165,-3.6110857977000292,5.946768029778865,-5.946768029778864
4e7575e9-5084-4a89-b2e3-7842749d6912,2026-04-28 18:00:00+00:00,0.0,18.1,17.5,96.0,1019.8,1.4,1,3.9346829147111375,-3.669151177136241,5.401427011694988,-5.79232131682383
4e7575e9-5084-4a89-b2e3-7842749d6912,2026-04-28 19:00:00+00:00,10.0,19.8,19.3,97.0,1018.7,0.0,1,1.8928022399584514,-2.703201746153673,3.1901139706838935,-5.105249538861684
4e7575e9-5084-4a89-b2e3-7842749d6912,2026-04-28 20:00:00+00:00,0.0,18.9,18.1,95.0,1018.1,0.0,1,3.47921116482698,-3.024432123646238,4.423939772082704,-4.272148978322834
4e7575e9-5084-4a89-b2e3-7842749d6912,2026-04-28 21:00:00+00:00,10.0,19.5,18.8,96.0,1016.8,0.0,1,0.6149438188061456,-1.8926024674273556,1.0086823812934413,-3.2992514080724726
4e7575e9-5084-4a89-b2e3-7842749d6912,2026-04-28 22:00:00+00:00,30.0,19.0,18.3,96.0,1016.2,0.0,1,0.2827368766999423,-2.302707071807867,1.412266857177989,-3.4954831317167883
4e7575e9-5084-4a89-b2e3-7842749d6912,2026-04-28 23:00:00+00:00,50.0,18.9,17.9,94.0,1016.3,0.0,1,0.6954225707299377,-0.7999921550361384,1.494324968841089,-1.2989968774012042
4e7575e9-5084-4a89-b2e3-7842749d6912,2026-04-29 00:00:00+00:00,10.0,17.8,17.7,99.0,1017.5,0.0,1,-1.5987758862355268,-2.2005262246998574,-1.480009029150922,-2.904681268854079
4e7575e9-5084-4a89-b2e3-7842749d6912,2026-04-29 01:00:00+00:00,120.0,18.3,17.6,96.0,1017.8,0.0,1,0.9062507694346527,-1.2942602299766073,2.9382980862393384,-6.922196497962351
4e7575e9-5084-4a89-b2e3-7842749d6912,2026-04-29 02:00:00+00:00,0.0,17.8,17.2,96.0,1018.0,0.0,1,1.105390003747547,-0.4921513381217183,3.09296309459533,-0.32508352076240254
4e7575e9-5084-4a89-b2e3-7842749d6912,2026-04-29 03:00:00+00:00,20.0,18.5,17.0,91.0,1017.4,0.7,1,2.7086598335326384,-1.3801311192082222,6.5866627496031525,-2.9325711965765198
4e7575e9-5084-4a89-b2e3-7842749d6912,2026-04-29 04:00:00+00:00,0.0,18.0,16.7,92.0,1015.1,0.4,0,3.525931521523117,-3.781098637371111,6.481162596382443,-6.711440337159616
4e7575e9-5084-4a89-b2e3-7842749d6912,2026-04-29 05:00:00+00:00,0.0,17.6,15.9,90.0,1014.9,24.1,0,2.802146995236041,-1.8900720137311238,4.841715633949944,-5.5697567020440575
4e7575e9-5084-4a89-b2e3-7842749d6912,2026-04-29 06:00:00+00:00,0.0,17.6,17.1,97.0,1015.3,0.7,0,4.696707827338556,-2.6034276607228297,5.594658276433055,-6.908827597352472
4e7575e9-5084-4a89-b2e3-7842749d6912,2026-04-29 07:00:00+00:00,70.0,18.0,18.0,100.0,1015.8,0.0,0,0.09918797719586377,-0.3978212477731585,0.30461275711350516,-0.7935433625226215
4e7575e9-5084-4a89-b2e3-7842749d6912,2026-04-29 08:00:00+00:00,20.0,18.2,17.7,97.0,1015.5,0.0,0,-0.43752182859324285,-5.000897384420562,-0.7172917628132249,-8.198682365295067
4e7575e9-5084-4a89-b2e3-7842749d6912,2026-04-29 09:00:00+00:00,0.0,18.1,17.1,94.0,1014.3,0.4,0,0.8300693905288625,-3.5954255390575174,1.3208935499741858,-5.297814665466941
4e7575e9-5084-4a89-b2e3-7842749d6912,2026-04-29 10:00:00+00:00,20.0,18.3,17.5,95.0,1014.9,13.3,0,0.4167931544456046,-3.394507838613321,-1.5760823018102594,-8.108240535277703
4e7575e9-5084-4a89-b2e3-7842749d6912,2026-04-29 11:00:00+00:00,100.0,18.1,17.3,95.0,1014.2,0.0,0,0.9794452108211676,-3.203620932476169,0.5898476220809141,-4.803923373943999
4e7575e9-5084-4a89-b2e3-7842749d6912,2026-04-29 12:00:00+00:00,50.0,18.5,17.5,94.0,1014.8,0.0,0,0.7117891253826507,-1.5987045508745514,0.6702819657943508,-3.801357926627123
4e7575e9-5084-4a89-b2e3-7842749d6912,2026-04-29 13:00:00+00:00,100.0,19.1,18.0,93.0,1014.9,0.0,0,0.4912042202263253,-3.1013413894687325,0.1884572821935062,-5.3967104659031175
4e7575e9-5084-4a89-b2e3-7842749d6912,2026-04-29 14:00:00+00:00,210.0,20.1,19.1,94.0,1014.3,0.0,0,-0.7618358447459237,-4.810042218698321,-1.6154738376539912,-7.600206857701669
4e7575e9-5084-4a89-b2e3-7842749d6912,2026-04-29 15:00:00+00:00,980.0,21.7,20.7,94.0,1014.1,0.0,0,-0.8647679247813138,-4.904342610000796,-1.7418376483176061,-6.986129229187175
4e7575e9-5084-4a89-b2e3-7842749d6912,2026-04-29 16:00:00+00:00,1520.0,23.0,20.9,88.0,1014.0,0.0,0,-3.2798417077919995,-4.514314828612207,-4.946919490309838,-6.564783892588747
4e7575e9-5084-4a89-b2e3-7842749d6912,2026-04-29 17:00:00+00:00,1690.0,23.4,20.6,84.0,1013.6,0.0,0,-3.611085797700029,-3.487185019704166,-5.154365108805759,-5.337501318512791
4e7575e9-5084-4a89-b2e3-7842749d6912,2026-04-29 18:00:00+00:00,2150.0,24.3,21.6,85.0,1013.3,0.0,0,-3.5811233251269607,-2.325608679514165,-5.325558106453443,-3.458457872345421
4e7575e9-5084-4a89-b2e3-7842749d6912,2026-04-29 19:00:00+00:00,2330.0,25.0,21.1,79.0,1012.3,0.0,0,-3.0961537632734615,-1.7162260556720323,-4.697281194009491,-2.4975887140209387
4e7575e9-5084-4a89-b2e3-7842749d6912,2026-04-29 20:00:00+00:00,3030.0,25.7,22.0,80.0,1011.5,0.0,0,-3.0010597995385244,-0.692849247379105,-3.9976183922571056,-0.9967182098706313
4e7575e9-5084-4a89-b2e3-7842749d6912,2026-04-29 21:00:00+00:00,3000.0,25.8,22.1,80.0,1010.7,0.0,0,-2.2868342655046208,-1.215931347615457,-3.1898033565943567,-1.625285989067578
4e7575e9-5084-4a89-b2e3-7842749d6912,2026-04-29 22:00:00+00:00,3050.0,25.3,21.6,80.0,1010.2,0.0,0,-1.810378577060817,-2.4917723426748384,-2.512264791217582,-3.587885953985784
4e7575e9-5084-4a89-b2e3-7842749d6912,2026-04-29 23:00:00+00:00,2530.0,24.7,21.0,80.0,1010.1,0.0,0,-1.8086230044814564,-1.0867303380602147,-2.308996026848005,-1.2798973974503294
4e7575e9-5084-4a89-b2e3-7842749d6912,2026-04-30 00:00:00+00:00,2160.0,23.8,20.1,80.0,1010.3,0.0,0,-1.3829045864577207,-3.106054555984843,-1.6145544176225806,-3.9961624131828533
4e7575e9-5084-4a89-b2e3-7842749d6912,2026-04-30 01:00:00+00:00,2330.0,22.8,20.9,89.0,1010.9,0.0,0,1.6099999999999999,-2.788601800185893,0.1744974835125057,-4.9969541350954785
4e7575e9-5084-4a89-b2e3-7842749d6912,2026-04-30 02:00:00+00:00,1620.0,22.2,20.7,91.0,1011.4,0.0,0,0.8225344450388703,-3.299005469338388,0.5571367092165944,-5.300801702312897
4e7575e9-5084-4a89-b2e3-7842749d6912,2026-04-30 03:00:00+00:00,120.0,18.9,18.1,95.0,1012.5,8.6,0,-2.907033256572146,-2.190606684273456,-5.579908003261049,-4.518520407737835
4e7575e9-5084-4a89-b2e3-7842749d6912,2026-04-30 04:00:00+00:00,290.0,18.9,18.2,96.0,1012.2,7.2,0,-1.6893248857049776,-2.8115087463029282,-2.560506418531043,-5.0252767964223946
4e7575e9-5084-4a89-b2e3-7842749d6912,2026-04-30 05:00:00+00:00,170.0,18.6,17.1,91.0,1012.5,0.0,0,-2.3878974848248258,-1.216694539301986,-5.403363489765824,-2.2935917242320376
4e7575e9-5084-4a89-b2e3-7842749d6912,2026-04-30 06:00:00+00:00,90.0,17.9,16.9,94.0,1012.0,0.0,0,-1.7975593714046563,0.5154418553777889,-4.989136305712227,2.117762716411862
4e7575e9-5084-4a89-b2e3-7842749d6912,2026-04-30 07:00:00+00:00,170.0,17.9,17.3,96.0,1011.4,0.0,0,-2.7975021380986838,0.594627435738792,-5.896550401029953,1.915905365124673
4e7575e9-5084-4a89-b2e3-7842749d6912,2026-04-30 08:00:00+00:00,10.0,16.8,16.3,97.0,1011.2,0.0,0,-1.5321409670710815,3.79218196517816,-2.6411717881488666,6.880487743284375
4e7575e9-5084-4a89-b2e3-7842749d6912,2026-04-30 09:00:00+00:00,0.0,16.1,15.3,95.0,1011.6,0.0,0,1.7052637610095112,3.49630884010376,2.7658091729154415,6.212109111969686
4e7575e9-5084-4a89-b2e3-7842749d6912,2026-04-30 10:00:00+00:00,0.0,15.8,14.7,93.0,1011.8,0.4,0,0.997020561473032,0.997020561473032,1.8896991726974317,2.5077155015484998
4e7575e9-5084-4a89-b2e3-7842749d6912,2026-04-30 11:00:00+00:00,30.0,14.8,14.0,95.0,1012.4,0.0,0,-1.100000000000001,1.9052558883257646,-1.3833002852448608,3.603620446279198
4e7575e9-5084-4a89-b2e3-7842749d6912,2026-04-30 12:00:00+00:00,10.0,15.0,14.5,97.0,1012.6,0.0,0,-0.5093836425035118,2.396461621797824,-0.3677972343951181,4.203941625947166
4e7575e9-5084-4a89-b2e3-7842749d6912,2026-04-30 13:00:00+00:00,0.0,15.2,13.8,91.0,1013.5,0.0,0,-0.18893280203702917,3.6050526204640114,-1.3471114790620886e-15,5.5
4e7575e9-5084-4a89-b2e3-7842749d6912,2026-04-30 14:00:00+00:00,20.0,15.8,13.7,87.0,1013.4,0.0,0,0.4787554673026251,3.406522156471002,0.7915583931035681,4.997703003411397
4e7575e9-5084-4a89-b2e3-7842749d6912,2026-04-30 15:00:00+00:00,0.0,16.7,13.4,81.0,1014.2,0.0,0,0.604011258166684,4.297763418338415,1.1086002631377252,5.7032539358309275
4e7575e9-5084-4a89-b2e3-7842749d6912,2026-04-30 16:00:00+00:00,0.0,18.1,13.4,74.0,1014.3,0.0,0,0.0977185907670027,2.798294315653468,0.21694263334422967,3.102424196308053
4e7575e9-5084-4a89-b2e3-7842749d6912,2026-04-30 17:00:00+00:00,0.0,19.1,13.0,68.0,1014.2,0.0,0,-0.49267277739863324,3.505548963345159,-0.32855299133483173,4.698526676723772
4e7575e9-5084-4a89-b2e3-7842749d6912,2026-04-30 18:00:00+00:00,0.0,19.5,13.2,67.0,1013.7,0.0,0,-1.1031906699185632,3.395271763173698,-1.0741332164625255,4.308113024665425
4e7575e9-5084-4a89-b2e3-7842749d6912,2026-04-30 19:00:00+00:00,0.0,19.8,11.8,60.0,1013.9,0.0,0,-1.2757351346047439,3.5050534755314384,-1.4063078997163656,4.5998258761822
4e7575e9-5084-4a89-b2e3-7842749d6912,2026-04-30 20:00:00+00:00,0.0,20.2,11.2,56.0,1013.1,0.0,0,-0.1941663976613236,3.704915573939469,-0.16751758417200394,4.79707596969166
4e7575e9-5084-4a89-b2e3-7842749d6912,2026-04-30 21:00:00+00:00,0.0,20.3,10.4,53.0,1012.7,0.0,0,-0.42898008878611826,3.4937624537774536,-0.3852283829446498,4.403180565565515
4e7575e9-5084-4a89-b2e3-7842749d6912,2026-04-30 22:00:00+00:00,0.0,19.3,10.3,56.0,1012.6,0.0,0,-0.8732291014345915,4.108219923081983,-1.0592538837682752,6.007327293374469
4e7575e9-5084-4a89-b2e3-7842749d6912,2026-04-30 23:00:00+00:00,0.0,17.9,10.3,61.0,1012.8,0.0,0,-0.2029913385954056,2.9029113862560885,-0.08900727283014614,5.099223245297595
4e7575e9-5084-4a89-b2e3-7842749d6912,2026-05-01 00:00:00+00:00,0.0,16.8,11.1,69.0,1012.9,0.0,0,0.11161035799060048,1.596102480415719,0.3076260492115926,4.399257461645825
4e7575e9-5084-4a89-b2e3-7842749d6912,2026-05-01 01:00:00+00:00,0.0,15.8,10.7,72.0,1013.3,0.0,0,0.4981314498679673,1.2976767928311104,1.7408825295276538,4.7830354398002735
4e7575e9-5084-4a89-b2e3-7842749d6912,2026-05-01 02:00:00+00:00,0.0,15.1,9.6,70.0,1013.7,0.0,0,0.20130944524946887,0.298453526119815,1.4723866479343968,3.307034556666215
4e7575e9-5084-4a89-b2e3-7842749d6912,2026-05-01 03:00:00+00:00,0.0,14.5,10.1,75.0,1014.3,0.0,0,0.19837595439172753,0.795642495546317,0.49267277739863163,3.5055489633451593
4e7575e9-5084-4a89-b2e3-7842749d6912,2026-05-01 04:00:00+00:00,0.0,14.3,9.9,75.0,1014.5,0.0,0,0.9979273070909721,-0.5084693597082924,0.7209272488870099,2.8914812643024694
4e7575e9-5084-4a89-b2e3-7842749d6912,2026-05-01 05:00:00+00:00,0.0,14.3,8.0,66.0,1013.9,0.0,0,1.0994403663195127,0.4001635676910325,1.7899999999999998,3.1003709455482906
4e7575e9-5084-4a89-b2e3-7842749d6912,2026-05-01 06:00:00+00:00,0.0,13.9,9.6,75.0,1014.2,0.0,0,0.4001635676910324,1.0994403663195127,1.1769715093385864,4.104587441656621
4e7575e9-5084-4a89-b2e3-7842749d6912,2026-05-01 07:00:00+00:00,0.0,13.7,9.7,77.0,1013.8,0.0,0,-0.19448595898696205,1.1029846833736732,0.4289800887861191,3.493762453777453
4e7575e9-5084-4a89-b2e3-7842749d6912,2026-05-01 08:00:00+00:00,0.0,13.3,10.3,82.0,1013.5,0.0,0,0.7929958065276473,0.40405154476819666,0.7221051358360329,2.6949330553465005
4e7575e9-5084-4a89-b2e3-7842749d6912,2026-05-01 09:00:00+00:00,0.0,12.6,9.9,84.0,1013.6,0.0,0,0.1,6.123233995736766e-18,0.380135750047761,2.400082667646185
4e7575e9-5084-4a89-b2e3-7842749d6912,2026-05-01 10:00:00+00:00,0.0,11.8,9.6,86.0,1013.6,0.0,0,0.5975146656328029,0.5013743355555007,1.015799825677236,2.790887083734148
4e7575e9-5084-4a89-b2e3-7842749d6912,2026-05-01 11:00:00+00:00,0.0,11.4,9.5,88.0,1013.8,0.0,0,0.5991656052659468,0.1946807064562169,1.2086882285784004,2.592040270924819
4e7575e9-5084-4a89-b2e3-7842749d6912,2026-05-01 12:00:00+00:00,0.0,12.2,10.5,89.0,1013.6,0.0,0,0.30090751157602413,0.3993177550236464,1.015900934072112,2.393312618976345
4e7575e9-5084-4a89-b2e3-7842749d6912,2026-05-01 13:00:00+00:00,0.0,13.0,10.7,86.0,1014.9,0.0,0,0.194485958986962,1.1029846833736732,1.7909790294005203,1.6126047613248484
4e7575e9-5084-4a89-b2e3-7842749d6912,2026-05-01 14:00:00+00:00,0.0,13.7,10.7,82.0,1014.7,0.0,0,0.29695565765184806,0.6995836886238547,0.49935390885372716,0.9008582983535777
4e7575e9-5084-4a89-b2e3-7842749d6912,2026-05-01 15:00:00+00:00,0.0,14.0,10.4,79.0,1015.8,0.0,0,-0.9062507694346535,1.2942602299766068,-0.9850000000000009,1.7060700454553435
4e7575e9-5084-4a89-b2e3-7842749d6912,2026-05-01 16:00:00+00:00,0.0,14.6,10.6,77.0,1014.8,0.0,0,-6.613092715395707e-16,2.7,0.06980962574913405,3.999390780625565
4e7575e9-5084-4a89-b2e3-7842749d6912,2026-05-01 17:00:00+00:00,0.0,15.3,10.7,74.0,1013.8,0.0,0,0.6008894356810582,2.095550497145535,0.915123435782166,2.9932338861643006
4e7575e9-5084-4a89-b2e3-7842749d6912,2026-05-01 18:00:00+00:00,0.0,15.5,10.1,70.0,1014.3,0.0,0,-0.19448595898696205,1.1029846833736732,-0.19620964288228704,1.5979993041425287
4e7575e9-5084-4a89-b2e3-7842749d6912,2026-05-01 19:00:00+00:00,0.0,15.5,10.2,71.0,1014.7,0.0,0,-0.6997632523482767,0.9993654940325697,-0.7981016567360143,1.5010109078601759
4e7575e9-5084-4a89-b2e3-7842749d6912,2026-05-01 20:00:00+00:00,0.0,15.6,10.2,70.0,1015.4,0.0,0,-0.4921513381217182,1.1053900037475473,-0.7015463144895606,1.504470926480839
4e7575e9-5084-4a89-b2e3-7842749d6912,2026-05-01 21:00:00+00:00,0.0,16.2,9.2,63.0,1015.1,0.0,0,-0.7990306627407988,0.7990306627407985,-0.9970046034746985,1.1072857899613173
4e7575e9-5084-4a89-b2e3-7842749d6912,2026-05-01 22:00:00+00:00,0.0,16.2,9.4,64.0,1014.4,0.0,0,-1.1024625250033537,-0.6888950435031665,-1.3988802429757374,-0.7127650845910887
4e7575e9-5084-4a89-b2e3-7842749d6912,2026-05-01 23:00:00+00:00,0.0,16.0,10.6,70.0,1013.4,0.0,0,-0.3993177550236464,-0.30090751157602413,-0.5969743712062064,-0.3041736348254965
4e7575e9-5084-4a89-b2e3-7842749d6912,2026-05-02 00:00:00+00:00,0.0,15.5,11.7,78.0,1012.6,0.0,0,0.7971652103870405,-0.49812410837921245,0.7935433625226215,-0.3046127571135052
4e7575e9-5084-4a89-b2e3-7842749d6912,2026-05-02 01:00:00+00:00,0.0,14.6,11.4,81.0,1012.6,0.0,0,0.7015463144895612,-1.504470926480839,0.8953124247571806,-2.6001760828981215
4e7575e9-5084-4a89-b2e3-7842749d6912,2026-05-02 02:00:00+00:00,0.0,14.2,11.4,83.0,1013.1,0.0,0,-1.0109906339430537,-1.3915092303249097,-1.2086882285784,-2.592040270924819
4e7575e9-5084-4a89-b2e3-7842749d6912,2026-05-02 03:00:00+00:00,10.0,13.9,11.1,83.0,1014.0,0.0,0,-0.6950000000000001,-1.2037753112603695,-1.987317900885809,-2.207140131667861
4e7575e9-5084-4a89-b2e3-7842749d6912,2026-05-02 04:00:00+00:00,30.0,13.7,11.2,85.0,1013.6,0.0,0,-1.2968332653377717,0.09068341586736278,-3.405326713513097,-0.1784656107884401
4e7575e9-5084-4a89-b2e3-7842749d6912,2026-05-02 05:00:00+00:00,30.0,13.1,11.0,87.0,1013.8,1.1,0,-1.9972590695091477,-0.10467191248588861,-5.202859876071329,-0.2726703320257398
4e7575e9-5084-4a89-b2e3-7842749d6912,2026-05-02 06:00:00+00:00,30.0,12.4,12.1,98.0,1014.2,1.4,0,-1.2968332653377714,-0.09068341586736325,-1.6976702090827755,-0.08897112561300533
4e7575e9-5084-4a89-b2e3-7842749d6912,2026-05-02 07:00:00+00:00,40.0,12.3,11.7,96.0,1015.0,3.6,0,0.07330010703659075,4.199360319656844,0.5778425744169736,6.604770848348273
4e7575e9-5084-4a89-b2e3-7842749d6912,2026-05-02 08:00:00+00:00,0.0,10.5,9.1,91.0,1014.6,1.1,0,0.8732291014345893,4.108219923081984,1.6958724881536706,6.8017730411947355
4e7575e9-5084-4a89-b2e3-7842749d6912,2026-05-02 09:00:00+00:00,0.0,10.0,8.3,89.0,1015.2,0.4,0,-0.08026884241575188,2.29859890214392,0.16402763450175456,4.6971368869897505
4e7575e9-5084-4a89-b2e3-7842749d6912,2026-05-02 10:00:00+00:00,0.0,9.9,8.2,89.0,1014.5,0.4,0,1.0076917362888034,2.4941245687846583,1.899255428618674,4.700822142653612
4e7575e9-5084-4a89-b2e3-7842749d6912,2026-05-02 11:00:00+00:00,0.0,10.1,8.2,88.0,1014.5,0.0,0,2.0957814771583414,1.2100000000000002,3.81747773802606,2.8766758106667916
4e7575e9-5084-4a89-b2e3-7842749d6912,2026-05-02 12:00:00+00:00,0.0,10.5,8.8,89.0,1015.2,0.0,0,0.11513910373447644,2.1969849764600626,0.38522838294464906,4.403180565565515
4e7575e9-5084-4a89-b2e3-7842749d6912,2026-05-02 13:00:00+00:00,0.0,11.6,8.8,83.0,1015.4,0.0,0,-0.7850791796600901,3.400551526100471,-1.191333988385764,5.604785752204706
4e7575e9-5084-4a89-b2e3-7842749d6912,2026-05-02 14:00:00+00:00,0.0,12.9,8.5,75.0,1016.0,0.0,0,0.20934382497177534,3.9945181390182953,0.41226075982778054,5.895603537035561
4e7575e9-5084-4a89-b2e3-7842749d6912,2026-05-02 15:00:00+00:00,10.0,14.1,8.1,67.0,1016.1,0.0,0,-1.1266750552155648e-15,4.6,0.11518588248607117,6.598994788032182
4e7575e9-5084-4a89-b2e3-7842749d6912,2026-05-02 16:00:00+00:00,0.0,14.9,6.5,57.0,1016.7,0.0,0,-0.8228452861116156,5.195240671530424,-1.0257057540756855,7.298275666625373
4e7575e9-5084-4a89-b2e3-7842749d6912,2026-05-02 17:00:00+00:00,0.0,15.5,4.6,48.0,1016.8,0.0,0,-0.9168623780813925,5.199784935904459,-1.1889019343057563,7.506431388523046
4e7575e9-5084-4a89-b2e3-7842749d6912,2026-05-02 18:00:00+00:00,0.0,16.1,4.5,46.0,1016.6,0.0,0,-1.4442102716720655,5.389866110693001,-2.0343176945058126,7.592176994632077
4e7575e9-5084-4a89-b2e3-7842749d6912,2026-05-02 19:00:00+00:00,10.0,16.7,4.4,44.0,1016.7,0.0,0,-1.8161269610593,4.989767816373173,-2.541209664909718,6.981916172439299
4e7575e9-5084-4a89-b2e3-7842749d6912,2026-05-02 20:00:00+00:00,20.0,17.1,3.8,41.0,1016.7,0.0,0,-2.5378068935440674,4.980726470212976,-3.440112650569292,7.377345386478332
4e7575e9-5084-4a89-b2e3-7842749d6912,2026-05-02 21:00:00+00:00,60.0,17.5,4.1,41.0,1016.9,0.0,0,-2.1830427669543924,4.105706306794011,-3.126680608154033,5.880430968440454
4e7575e9-5084-4a89-b2e3-7842749d6912,2026-05-02 22:00:00+00:00,90.0,17.2,4.8,44.0,1017.0,0.0,0,-2.085967504107553,3.212108275230974,-3.4278524982756764,5.082000319762407
4e7575e9-5084-4a89-b2e3-7842749d6912,2026-05-02 23:00:00+00:00,130.0,15.8,6.3,53.0,1017.5,0.0,0,-3.1127777682981685,2.179590458133975,-6.022881201291524,4.877233030636241
4e7575e9-5084-4a89-b2e3-7842749d6912,2026-05-03 00:00:00+00:00,0.0,19.4,-0.6,26.0,1016.3,0.0,0,-2.398163829353291,3.3007893370497854,-4.208542406414109,5.792561679724623
4e7575e9-5084-4a89-b2e3-7842749d6912,2026-05-03 01:00:00+00:00,20.0,15.9,4.3,46.0,1016.9,0.0,0,-1.1053900037475473,0.4921513381217177,-2.6226147172778016,3.8881862152831466
4e7575e9-5084-4a89-b2e3-7842749d6912,2026-05-03 02:00:00+00:00,30.0,13.7,6.8,63.0,1018.0,0.0,0,-0.3978212477731586,0.09918797719586364,-2.333122479342547,3.882967872180568
4e7575e9-5084-4a89-b2e3-7842749d6912,2026-05-03 03:00:00+00:00,0.0,12.5,6.8,68.0,1018.2,0.0,0,-0.6,-1.1021821192326178e-16,-2.0140330043514716,3.7878451733647966
4e7575e9-5084-4a89-b2e3-7842749d6912,2026-05-03 04:00:00+00:00,0.0,11.7,6.2,69.0,1018.1,0.0,0,0.49737341533246143,-0.40276505027189585,-0.4911334539227434,3.9999609911145284
4e7575e9-5084-4a89-b2e3-7842749d6912,2026-05-03 05:00:00+00:00,0.0,10.9,5.4,69.0,1018.7,0.0,0,0.5013743355555008,-0.5975146656328028,-7.102951435054649e-16,2.9
4e7575e9-5084-4a89-b2e3-7842749d6912,2026-05-03 06:00:00+00:00,0.0,9.6,7.2,85.0,1019.5,0.0,0,0.194485958986962,1.1029846833736732,0.16402763450175456,4.6971368869897505
4e7575e9-5084-4a89-b2e3-7842749d6912,2026-05-03 07:00:00+00:00,0.0,8.9,7.0,88.0,1019.7,0.0,0,0.8107764742768035,1.2975135871193317,1.996636066580189,4.7037798011419705
4e7575e9-5084-4a89-b2e3-7842749d6912,2026-05-03 08:00:00+00:00,0.0,8.2,6.0,86.0,1019.8,0.0,0,0.7986355100472928,0.6018150231520484,1.2060967501777466,4.501214350507058
4e7575e9-5084-4a89-b2e3-7842749d6912,2026-05-03 09:00:00+00:00,0.0,7.6,5.6,87.0,1020.2,0.0,0,0.7030903288065149,0.09881290168164647,1.497978029099355,3.902366182758303
4e7575e9-5084-4a89-b2e3-7842749d6912,2026-05-03 10:00:00+00:00,0.0,6.9,4.7,86.0,1020.3,0.0,0,0.5006298635583086,-0.09731258764203785,1.6863147228720754,2.408307010209636
4e7575e9-5084-4a89-b2e3-7842749d6912,2026-05-03 11:00:00+00:00,0.0,6.1,4.1,87.0,1020.9,0.0,0,0.4009529358847655,0.20429572488279607,1.1127382865210294,1.589154965920644
4e7575e9-5084-4a89-b2e3-7842749d6912,2026-05-03 12:00:00+00:00,0.0,7.4,6.7,95.0,1021.6,0.0,0,1.2246467991473533e-17,-0.1,0.8126429945337887,1.5949016782971785
4e7575e9-5084-4a89-b2e3-7842749d6912,2026-05-03 13:00:00+00:00,0.0,10.4,8.3,87.0,1022.2,0.0,0,0.3986019102142842,0.8952745484897489,0.6083472696509927,1.193948742412413
4e7575e9-5084-4a89-b2e3-7842749d6912,2026-05-03 14:00:00+00:00,0.0,12.5,9.2,80.0,1022.2,0.0,0,0.39917112773945174,1.6009879483553942,0.29504697403533875,2.099368305732129
4e7575e9-5084-4a89-b2e3-7842749d6912,2026-05-03 15:00:00+00:00,0.0,14.8,6.8,59.0,1022.7,0.0,0,-0.3159976193812668,1.995130448002178,-0.5093836425035118,2.396461621797824
4e7575e9-5084-4a89-b2e3-7842749d6912,2026-05-03 16:00:00+00:00,0.0,16.8,5.4,47.0,1022.4,0.0,0,-1.0093638599896653,1.898337324646693,-1.3184974717697395,2.194348289797407
4e7575e9-5084-4a89-b2e3-7842749d6912,2026-05-03 17:00:00+00:00,0.0,18.8,4.5,39.0,1022.2,0.0,0,-2.890833371107065,2.602918058735957,-3.3169724387051756,2.783270349942715
4e7575e9-5084-4a89-b2e3-7842749d6912,2026-05-03 18:00:00+00:00,0.0,20.2,5.4,38.0,1021.8,0.0,0,-3.688672693239165,1.7200563252846475,-4.30522348177301,2.0997977931196807
4e7575e9-5084-4a89-b2e3-7842749d6912,2026-05-03 19:00:00+00:00,0.0,21.2,4.7,34.0,1020.8,0.0,0,-3.717209365936083,1.9764752793285987,-4.502958171958826,2.1962394454132776
4e7575e9-5084-4a89-b2e3-7842749d6912,2026-05-03 20:00:00+00:00,0.0,22.0,1.0,25.0,1020.0,0.0,0,-3.407672504242206,2.386077975220352,-3.9965439522122415,2.9036591463248165
4e7575e9-5084-4a89-b2e3-7842749d6912,2026-05-03 21:00:00+00:00,0.0,22.0,3.6,30.0,1018.4,0.0,0,-3.0188422279787677,2.274860787514741,-3.593859795212819,2.7081676041842155
4e7575e9-5084-4a89-b2e3-7842749d6912,2026-05-03 22:00:00+00:00,0.0,21.5,5.8,36.0,1017.9,0.0,0,-2.5889921037318633,2.414274194621245,-3.2097262166685185,2.6932800845865996
4e7575e9-5084-4a89-b2e3-7842749d6912,2026-05-03 23:00:00+00:00,0.0,21.4,4.4,33.0,1018.0,0.0,0,-1.611060201087585,1.9894936613298446,-1.7872699105815393,2.2070945305377965
4e7575e9-5084-4a89-b2e3-7842749d6912,2026-05-04 00:00:00+00:00,0.0,20.2,3.9,34.0,1016.8,0.0,0,-1.2036300463040965,1.5972710200945857,-1.4892539958084519,1.7131907471056922
4e7575e9-5084-4a89-b2e3-7842749d6912,2026-05-04 01:00:00+00:00,0.0,18.0,3.5,38.0,1017.2,0.0,0,-0.09542502367454096,0.6024898877630339,-0.39860191021428415,0.895274548489749
4e7575e9-5084-4a89-b2e3-7842749d6912,2026-05-04 02:00:00+00:00,0.0,16.8,3.1,40.0,1017.2,0.0,0,2.1969849764600626,0.11513910373447674,1.7038586396289017,0.7945223320725149
4e7575e9-5084-4a89-b2e3-7842749d6912,2026-05-04 03:00:00+00:00,0.0,15.9,3.0,42.0,1017.8,0.0,0,2.0044226573895636,-1.3016872936859147,1.3067624374312117,-0.6948179129231186
4e7575e9-5084-4a89-b2e3-7842749d6912,2026-05-04 04:00:00+00:00,0.0,14.2,5.0,54.0,1017.6,0.0,0,1.8031222920256962,-1.803122292025696,1.893639615995569,-2.1030998561010255
4e7575e9-5084-4a89-b2e3-7842749d6912,2026-05-04 05:00:00+00:00,0.0,13.7,4.6,54.0,1017.3,0.0,0,1.6060140217829286,-2.293625724009177,1.9294596238930741,-3.786777727800563
4e7575e9-5084-4a89-b2e3-7842749d6912,2026-05-04 06:00:00+00:00,0.0,13.4,4.8,56.0,1017.1,0.0,0,1.6175779339946312,-2.490851586797909,1.8992554286186751,-4.700822142653612
4e7575e9-5084-4a89-b2e3-7842749d6912,2026-05-04 07:00:00+00:00,0.0,13.1,4.8,57.0,1017.1,0.0,0,1.411555092660829,-2.894116829083318,1.0939835193016607,-6.204288843976911
4e7575e9-5084-4a89-b2e3-7842749d6912,2026-05-04 08:00:00+00:00,0.0,13.0,4.2,55.0,1017.2,0.0,0,0.6231144205325067,-2.6990050794551013,-0.8869834167781082,-5.600192891174431
4e7575e9-5084-4a89-b2e3-7842749d6912,2026-05-04 09:00:00+00:00,0.0,12.4,4.6,59.0,1016.7,0.0,0,0.6928492473791048,-3.0010597995385244,-1.5499127644292297,-6.713409746370271
4e7575e9-5084-4a89-b2e3-7842749d6912,2026-05-04 10:00:00+00:00,0.0,12.1,4.8,61.0,1016.7,0.0,0,0.4912042202263253,-3.1013413894687325,-1.9184406321053633,-7.694445109368652
4e7575e9-5084-4a89-b2e3-7842749d6912,2026-05-04 11:00:00+00:00,0.0,11.8,4.7,62.0,1016.7,0.0,0,0.7153443528134914,-3.0984968060170477,-1.2029810361593745,-7.59532333917661
4e7575e9-5084-4a89-b2e3-7842749d6912,2026-05-04 12:00:00+00:00,0.0,12.9,5.6,61.0,1016.9,0.0,0,0.5068476667303484,-3.200110223528246,-1.1106013456613228,-7.902339188557731
4e7575e9-5084-4a89-b2e3-7842749d6912,2026-05-04 13:00:00+00:00,0.0,15.8,7.8,59.0,1017.3,0.0,0,-0.21694263334422959,-3.102424196308053,-1.1651792721451035,-6.608060022711916
4e7575e9-5084-4a89-b2e3-7842749d6912,2026-05-04 14:00:00+00:00,0.0,18.7,8.6,52.0,1017.6,0.0,0,-1.200490703073097,-3.2983210989585383,-1.9329700220261061,-4.784268689564623
4e7575e9-5084-4a89-b2e3-7842749d6912,2026-05-04 15:00:00+00:00,0.0,21.6,7.8,41.0,1017.7,0.0,0,-1.8026332621851895,-3.000085552457393,-2.3331224793425456,-3.882967872180569
4e7575e9-5084-4a89-b2e3-7842749d6912,2026-05-04 16:00:00+00:00,0.0,23.8,7.4,35.0,1017.0,0.0,0,-2.2233146538037447,-2.384213067278496,-2.509239773845718,-2.7867930955402285
4e7575e9-5084-4a89-b2e3-7842749d6912,2026-05-04 17:00:00+00:00,0.0,25.3,7.8,33.0,1016.4,0.0,0,-2.087263845487364,-1.516485950914581,-2.408307010209635,-1.6863147228720763
4e7575e9-5084-4a89-b2e3-7842749d6912,2026-05-04 18:00:00+00:00,0.0,25.3,7.8,33.0,1016.0,0.0,0,-1.6047198430153753,-2.8949912306314003,-1.7887225689738138,-3.5105657053021693
4e7575e9-5084-4a89-b2e3-7842749d6912,2026-05-04 19:00:00+00:00,0.0,25.9,7.5,31.0,1015.4,0.0,0,-1.5130603122419768,-3.3983891024304755,-1.6996804089283397,-4.004196112518115
4e7575e9-5084-4a89-b2e3-7842749d6912,2026-05-04 20:00:00+00:00,0.0,26.2,6.7,29.0,1014.6,0.0,0,-1.7251638990102771,-3.3858247919157978,-1.998972429358193,-4.098500851124201
4e7575e9-5084-4a89-b2e3-7842749d6912,2026-05-04 21:00:00+00:00,0.0,26.2,6.2,28.0,1014.3,0.0,0,-1.774996699310937,-3.8064927055539304,-2.138448404407938,-4.585917402405449
4e7575e9-5084-4a89-b2e3-7842749d6912,2026-05-04 22:00:00+00:00,0.0,25.7,4.7,26.0,1013.7,0.0,0,-1.7348462104923748,-4.087041549328836,-2.1015429890632666,-5.2015014241196775
4e7575e9-5084-4a89-b2e3-7842749d6912,2026-05-04 23:00:00+00:00,0.0,24.8,5.5,29.0,1013.8,0.0,0,-1.9651749170942518,-4.214331209720423,-2.6455903184967773,-5.673486746849429
4e7575e9-5084-4a89-b2e3-7842749d6912,2026-05-07 00:00:00+00:00,1050.0,22.8,21.0,90.0,1011.4,0.0,0,0.2919377629261138,-1.501889590674926,-0.30896428413134547,-2.198395112606286
4e7575e9-5084-4a89-b2e3-7842749d6912,2026-05-07 01:00:00+00:00,680.0,21.6,19.9,90.0,1011.6,0.4,0,0.1838986171975587,2.101970812973583,0.8915636923298705,2.206697573868954
4e7575e9-5084-4a89-b2e3-7842749d6912,2026-05-07 02:00:00+00:00,0.0,20.0,18.8,93.0,1012.1,3.6,0,-0.17323201516414585,3.3054637600376395,0.24115552221428171,6.905790614701952
4e7575e9-5084-4a89-b2e3-7842749d6912,2026-05-07 03:00:00+00:00,0.0,19.7,18.4,92.0,1011.8,0.0,0,1.5887916611214075,2.108397746524853,3.306351011595792,2.49151419584948
4e7575e9-5084-4a89-b2e3-7842749d6912,2026-05-07 04:00:00+00:00,90.0,19.3,18.8,97.0,1011.8,10.8,0,-1.4953047837997713,0.21015138244969886,-1.3067624374312121,0.6948179129231178
4e7575e9-5084-4a89-b2e3-7842749d6912,2026-05-07 05:00:00+00:00,0.0,19.4,18.9,97.0,1011.7,0.4,0,0.7981016567360143,1.5010109078601759,1.8117850072452202,2.6860817350783353
4e7575e9-5084-4a89-b2e3-7842749d6912,2026-05-07 06:00:00+00:00,0.0,19.4,18.5,95.0,1011.6,0.0,0,0.8052377809978755,1.19381410447926,1.49967151777997,2.3999761121226855
4e7575e9-5084-4a89-b2e3-7842749d6912,2026-05-07 07:00:00+00:00,10.0,18.9,18.3,96.0,1010.3,18.0,0,-0.2947702664147826,2.8045517449385304,0.29367475446276753,4.19974465159386
4e7575e9-5084-4a89-b2e3-7842749d6912,2026-05-07 08:00:00+00:00,30.0,18.3,17.8,97.0,1011.0,15.8,0,0.6991542782830398,2.80415464893763,0.41137510576894654,4.702038974993039
4e7575e9-5084-4a89-b2e3-7842749d6912,2026-05-07 09:00:00+00:00,0.0,17.9,17.3,96.0,1010.8,0.0,0,0.18206439647216702,2.6036421711781412,0.6319952387625327,3.9902608960043566
4e7575e9-5084-4a89-b2e3-7842749d6912,2026-05-07 10:00:00+00:00,0.0,16.8,16.1,96.0,1010.7,0.0,0,0.10818843977775301,3.098111563759197,0.43752182859324396,5.000897384420562
4e7575e9-5084-4a89-b2e3-7842749d6912,2026-05-07 11:00:00+00:00,0.0,15.4,14.9,97.0,1011.4,0.0,0,-1.4195108843345425,3.188273647172678,-2.3287575257960724,5.486208926576544
4e7575e9-5084-4a89-b2e3-7842749d6912,2026-05-07 12:00:00+00:00,0.0,14.7,14.2,97.0,1012.2,0.0,0,-1.7999613311053284,1.9990595805341904,-2.2146637221132344,3.685819393019082
4e7575e9-5084-4a89-b2e3-7842749d6912,2026-05-07 13:00:00+00:00,10.0,14.7,14.7,100.0,1012.8,0.0,0,-1.3184974717697395,2.194348289797407,-1.8228841721262266,3.2885700988441284
4e7575e9-5084-4a89-b2e3-7842749d6912,2026-05-07 14:00:00+00:00,20.0,15.7,15.2,97.0,1013.5,0.0,0,-2.105562245613751,2.6949967773349894,-2.799053009393107,3.9974619761302788
4e7575e9-5084-4a89-b2e3-7842749d6912,2026-05-07 15:00:00+00:00,10.0,15.3,14.3,94.0,1014.2,0.0,0,-2.274860787514742,3.018842227978767,-3.201439671693423,4.097655918754954
4e7575e9-5084-4a89-b2e3-7842749d6912,2026-05-07 16:00:00+00:00,20.0,15.8,14.8,94.0,1014.2,0.0,0,-1.6175779339946301,2.4908515867979095,-2.3057772741312066,3.2929912180417458
4e7575e9-5084-4a89-b2e3-7842749d6912,2026-05-07 17:00:00+00:00,10.0,16.9,14.9,88.0,1014.6,0.0,0,-1.8172835103037055,2.090545537217078,-2.1919057490311,2.6122115510357142
4e7575e9-5084-4a89-b2e3-7842749d6912,2026-05-07 18:00:00+00:00,10.0,17.8,14.3,80.0,1014.6,0.0,0,-2.0928283024797185,2.4075235609106422,-2.6032898192304854,3.1024799946318597
4e7575e9-5084-4a89-b2e3-7842749d6912,2026-05-07 19:00:00+00:00,0.0,19.1,13.7,71.0,1014.0,0.0,0,-1.4899007702880926,1.9069860237282672,-1.7872699105815393,2.2070945305377965
4e7575e9-5084-4a89-b2e3-7842749d6912,2026-05-07 20:00:00+00:00,10.0,20.5,14.6,69.0,1013.7,0.0,0,-1.9067864168765956,1.286143677982718,-2.305780038888682,1.3854524215080457
4e7575e9-5084-4a89-b2e3-7842749d6912,2026-05-07 21:00:00+00:00,10.0,20.9,14.6,67.0,1013.2,0.0,0,-3.212108275230975,2.0859675041075523,-4.117872488612034,2.674177661923781
4e7575e9-5084-4a89-b2e3-7842749d6912,2026-05-07 22:00:00+00:00,10.0,20.7,13.9,65.0,1013.5,0.0,0,-2.3009914005316277,1.7977315079509228,-2.9985501766385982,2.796193276256244
4e7575e9-5084-4a89-b2e3-7842749d6912,2026-05-07 23:00:00+00:00,10.0,20.0,13.4,66.0,1013.7,0.0,0,-1.216694539301986,2.3878974848248258,-1.7749966993109367,3.8064927055539304
4e7575e9-5084-4a89-b2e3-7842749d6912,2026-05-08 00:00:00+00:00,10.0,18.6,13.6,73.0,1014.1,0.0,0,0.21004534002185618,2.4008292224011067,-0.3215773439604192,4.59877027169779
4e7575e9-5084-4a89-b2e3-7842749d6912,2026-05-08 01:00:00+00:00,0.0,16.7,13.0,79.0,1014.6,0.0,0,0.40116951990890715,1.4971850307480559,-0.08377155089896109,4.799268936750678
4e7575e9-5084-4a89-b2e3-7842749d6912,2026-05-08 02:00:00+00:00,0.0,15.8,12.5,81.0,1015.3,0.0,0,0.49812410837921256,0.7971652103870404,-9.062386313690414e-16,3.7
4e7575e9-5084-4a89-b2e3-7842749d6912,2026-05-08 03:00:00+00:00,0.0,14.6,12.5,87.0,1015.2,0.0,0,1.102462525003354,0.6888950435031664,1.128554780229764,3.691336358017317
4e7575e9-5084-4a89-b2e3-7842749d6912,2026-05-08 04:00:00+00:00,0.0,13.7,11.4,86.0,1015.6,0.0,0,1.1983312105318935,0.3893614129124338,1.5079967449544263,3.0918515192691345
4e7575e9-5084-4a89-b2e3-7842749d6912,2026-05-08 05:00:00+00:00,0.0,13.4,10.9,85.0,1015.5,0.0,0,1.1,6.735557395310444e-17,1.2934225249810447,2.9050745553034707
4e7575e9-5084-4a89-b2e3-7842749d6912,2026-05-08 06:00:00+00:00,0.0,13.0,10.2,83.0,1015.4,0.0,0,1.4034420760699455,0.40243053949281876,1.608822108715914,3.298574149917943
4e7575e9-5084-4a89-b2e3-7842749d6912,2026-05-08 07:00:00+00:00,0.0,12.6,11.0,90.0,1015.1,0.0,0,1.2976767928311104,0.4981314498679675,1.8250418089529776,3.5818462272372384
4e7575e9-5084-4a89-b2e3-7842749d6912,2026-05-08 08:00:00+00:00,0.0,11.9,10.4,91.0,1014.6,0.0,0,1.2968332653377714,0.09068341586736281,2.880099137268327,3.313175057177969
4e7575e9-5084-4a89-b2e3-7842749d6912,2026-05-08 09:00:00+00:00,0.0,11.5,9.9,90.0,1014.6,0.0,0,1.0958141679009201,-0.09587131702242406,2.388208137124322,2.306265789923871
4e7575e9-5084-4a89-b2e3-7842749d6912,2026-05-08 10:00:00+00:00,0.0,11.3,9.9,91.0,1015.4,0.0,0,0.5969743712062064,0.30417363482549636,2.7052734267389993,1.6904424529039237
4e7575e9-5084-4a89-b2e3-7842749d6912,2026-05-08 11:00:00+00:00,0.0,10.9,9.3,90.0,1016.2,0.0,0,0.30433808521444916,-0.09888543819998315,1.2031667005822355,0.29998315054358793
4e7575e9-5084-4a89-b2e3-7842749d6912,2026-05-08 12:00:00+00:00,0.0,12.0,10.8,92.0,1017.0,0.0,0,0.8039623828294709,0.09871416815816947,2.9050745553034707,1.2934225249810447
4e7575e9-5084-4a89-b2e3-7842749d6912,2026-05-08 13:00:00+00:00,0.0,14.0,10.8,81.0,1017.9,0.0,0,0.8052377809978755,1.19381410447926,1.6126047613248484,1.7909790294005203
4e7575e9-5084-4a89-b2e3-7842749d6912,2026-05-08 14:00:00+00:00,0.0,16.0,9.9,67.0,1018.0,0.0,0,2.600470917300264,0.3192976797214864,3.406522156471002,0.4787554673026252
4e7575e9-5084-4a89-b2e3-7842749d6912,2026-05-08 15:00:00+00:00,0.0,17.2,10.1,63.0,1017.5,0.0,0,3.5946730895319003,0.5051983564850376,4.810042218698321,0.7618358447459246
4e7575e9-5084-4a89-b2e3-7842749d6912,2026-05-08 16:00:00+00:00,0.0,18.8,9.6,55.0,1017.0,0.0,0,3.098111563759197,-0.10818843977775297,3.6977460599706546,-0.12912813779925353
4e7575e9-5084-4a89-b2e3-7842749d6912,2026-05-08 17:00:00+00:00,0.0,19.3,9.5,53.0,1016.8,0.0,0,1.596422529310215,-0.6128091937224635,1.9934452873185928,-0.8054041758442109
4e7575e9-5084-4a89-b2e3-7842749d6912,2026-05-08 18:00:00+00:00,0.0,20.1,10.2,53.0,1015.6,0.0,0,1.3968855700926157,-1.302616867719372,1.5041230066665023,-1.7925439968984083
4e7575e9-5084-4a89-b2e3-7842749d6912,2026-05-08 19:00:00+00:00,0.0,20.1,10.0,52.0,1014.3,0.0,0,2.399976112122686,-1.4996715177799695,2.7032017461536726,-1.8928022399584523
4e7575e9-5084-4a89-b2e3-7842749d6912,2026-05-08 20:00:00+00:00,0.0,19.5,9.4,52.0,1014.4,0.0,0,1.1001708507303551,-1.6941145472497563,1.3871731954102369,-1.9092801067248757
4e7575e9-5084-4a89-b2e3-7842749d6912,2026-05-08 21:00:00+00:00,0.0,19.2,10.5,57.0,1014.1,0.0,0,0.794386296875462,-2.307065324462333,1.0944644586421404,-3.007016386514907
4e7575e9-5084-4a89-b2e3-7842749d6912,2026-05-08 22:00:00+00:00,0.0,18.0,12.6,71.0,1013.7,0.0,0,1.2166945393019857,-2.3878974848248258,1.2046021714914794,-3.4984187297174727
4e7575e9-5084-4a89-b2e3-7842749d6912,2026-05-08 23:00:00+00:00,0.0,17.9,12.3,70.0,1013.8,0.0,0,0.6149438188061456,-1.8926024674273556,0.4787554673026247,-3.406522156471002
4e7575e9-5084-4a89-b2e3-7842749d6912,2026-05-09 00:00:00+00:00,0.0,16.7,12.8,78.0,1013.1,0.0,0,0.7986355100472927,-0.6018150231520484,1.0786875281313535,-2.810077083756577
4e7575e9-5084-4a89-b2e3-7842749d6912,2026-05-09 01:00:00+00:00,0.0,15.4,12.2,81.0,1012.3,0.0,0,1.8983373246466928,-1.0093638599896655,3.5103782256526173,-3.389932847839907
4e7575e9-5084-4a89-b2e3-7842749d6912,2026-05-09 02:00:00+00:00,0.0,15.0,12.0,82.0,1012.5,0.0,0,1.5026692957463426,0.488246851112417,2.8949912306314003,-1.6047198430153755
4e7575e9-5084-4a89-b2e3-7842749d6912,2026-05-09 03:00:00+00:00,0.0,14.7,11.6,82.0,1012.5,0.0,0,1.8000846306165748,-0.18919651851445293,2.999878775091312,-1.3988664463617149
4e7575e9-5084-4a89-b2e3-7842749d6912,2026-05-09 04:00:00+00:00,0.0,14.0,11.4,84.0,1012.6,0.0,0,1.3943009000929465,-0.8049999999999997,2.6834153137589034,-2.0220984777908826
4e7575e9-5084-4a89-b2e3-7842749d6912,2026-05-09 05:00:00+00:00,0.0,13.6,11.1,85.0,1012.4,0.0,0,0.3986019102142844,-0.8952745484897487,1.1031906699185625,-3.395271763173698
4e7575e9-5084-4a89-b2e3-7842749d6912,2026-05-09 06:00:00+00:00,0.0,13.9,11.7,87.0,1012.3,0.0,0,2.4492935982947065e-17,-0.2,-0.21004534002185565,-2.4008292224011067
4e7575e9-5084-4a89-b2e3-7842749d6912,2026-05-09 07:00:00+00:00,0.0,14.3,13.2,93.0,1011.9,0.0,0,0.1908500473490818,-1.2049797755260678,-0.12563818812900324,-3.597806977268745
4e7575e9-5084-4a89-b2e3-7842749d6912,2026-05-09 08:00:00+00:00,0.0,15.1,14.6,97.0,1011.8,0.7,0,-0.5013743355555006,-0.5975146656328029,-1.6162537559112746,-2.5865466932770995
4e7575e9-5084-4a89-b2e3-7842749d6912,2026-05-09 09:00:00+00:00,0.0,15.9,15.3,96.0,1011.0,0.0,0,3.5514757175273243e-16,-2.9,-1.0054229486915274,-5.702036889940684
4e7575e9-5084-4a89-b2e3-7842749d6912,2026-05-09 10:00:00+00:00,0.0,16.5,16.0,97.0,1011.5,0.0,0,-1.2168721468183057,-2.1952954649198833,-2.3852633316119776,-4.303128959125828
4e7575e9-5084-4a89-b2e3-7842749d6912,2026-05-09 11:00:00+00:00,10.0,16.4,15.5,94.0,1012.2,0.0,0,-1.2159313476154572,-2.2868342655046203,-2.421602639774207,-5.193143619720005
4e7575e9-5084-4a89-b2e3-7842749d6912,2026-05-09 12:00:00+00:00,10.0,16.4,15.6,95.0,1012.3,0.0,0,2.6942229581241775e-16,-2.2,0.07330010703659044,-4.199360319656844
4e7575e9-5084-4a89-b2e3-7842749d6912,2026-05-09 13:00:00+00:00,0.0,17.3,16.5,95.0,1012.7,0.0,0,-1.3886656276099005,-1.2071486133425335,-1.9092801067248757,-1.3871731954102369
4e7575e9-5084-4a89-b2e3-7842749d6912,2026-05-09 14:00:00+00:00,0.0,17.3,16.5,95.0,1013.2,0.0,0,-1.6016646065459832,-1.493576408536872,-2.196204878448267,-1.9091317743623764
4e7575e9-5084-4a89-b2e3-7842749d6912,2026-05-09 15:00:00+00:00,0.0,18.0,16.5,91.0,1013.3,0.0,0,-1.6028109017356449,-1.0015474094007575,-1.9081082163519585,-1.1923183445247112
4e7575e9-5084-4a89-b2e3-7842749d6912,2026-05-09 16:00:00+00:00,0.0,19.7,16.9,84.0,1013.1,0.0,0,-2.6036421711781412,0.18206439647216682,-3.1980506464611067,0.11167838944800411
4e7575e9-5084-4a89-b2e3-7842749d6912,2026-05-09 17:00:00+00:00,0.0,20.4,17.2,82.0,1012.7,0.0,0,-1.5044709264808391,-0.7015463144895606,-1.6952593782891399,-0.9013854005489103
4e7575e9-5084-4a89-b2e3-7842749d6912,2026-05-09 18:00:00+00:00,20.0,21.7,17.9,79.0,1012.3,0.0,0,-2.400082667646185,-0.38013575004776146,-2.6990050794551013,-0.6231144205325068
4e7575e9-5084-4a89-b2e3-7842749d6912,2026-05-09 19:00:00+00:00,60.0,22.7,17.1,71.0,1011.8,0.0,0,-1.5,-2.755455298081545e-16,-1.6,-2.9391523179536476e-16
4e7575e9-5084-4a89-b2e3-7842749d6912,2026-05-09 20:00:00+00:00,0.0,23.8,16.1,62.0,1011.0,0.0,0,-0.803962382829471,-0.09871416815816922,-0.8,-1.4695761589768238e-16
4e7575e9-5084-4a89-b2e3-7842749d6912,2026-05-09 21:00:00+00:00,50.0,23.7,16.9,66.0,1011.0,0.0,0,0.09899494936611666,-0.09899494936611665,0.2042957248827961,-0.4009529358847655
4e7575e9-5084-4a89-b2e3-7842749d6912,2026-05-09 22:00:00+00:00,390.0,22.6,18.5,78.0,1011.4,0.0,0,1.1021821192326179e-16,-0.9,-0.09587131702242374,-1.0958141679009201
4e7575e9-5084-4a89-b2e3-7842749d6912,2026-05-09 23:00:00+00:00,530.0,22.1,18.9,82.0,1011.5,0.0,0,0.30406657291164607,-0.994556946201557,0.49813144986796726,-1.2976767928311104
4e7575e9-5084-4a89-b2e3-7842749d6912,2026-05-10 00:00:00+00:00,220.0,21.4,17.4,78.0,1011.9,0.0,0,0.7971652103870405,-0.49812410837921245,0.7993879431177636,-1.1002631123499285
4e7575e9-5084-4a89-b2e3-7842749d6912,2026-05-10 01:00:00+00:00,30.0,19.6,16.3,81.0,1012.3,0.0,0,1.3010764773832475,-1.3010764773832473,2.0859675041075545,-3.2121082752309738
4e7575e9-5084-4a89-b2e3-7842749d6912,2026-05-10 02:00:00+00:00,550.0,18.6,17.2,92.0,1013.3,0.0,0,0.6025945476447636,-1.0028857418214712,1.4195108843345436,-3.188273647172677
4e7575e9-5084-4a89-b2e3-7842749d6912,2026-05-10 03:00:00+00:00,480.0,18.0,16.8,93.0,1014.0,0.0,0,1.095877426079672,-1.402659141419965,1.0944644586421404,-3.007016386514907
4e7575e9-5084-4a89-b2e3-7842749d6912,2026-05-10 04:00:00+00:00,390.0,18.1,17.6,97.0,1014.1,0.0,0,0.38936141291243387,-1.1983312105318935,0.3052231127415489,-2.904003934475358
4e7575e9-5084-4a89-b2e3-7842749d6912,2026-05-10 05:00:00+00:00,170.0,17.3,16.5,95.0,1014.2,0.0,0,0.7981016567360142,-1.5010109078601759,0.5068476667303484,-3.200110223528246
4e7575e9-5084-4a89-b2e3-7842749d6912,2026-05-10 06:00:00+00:00,160.0,17.2,16.2,94.0,1014.2,0.0,0,0.2987220834478315,-0.49715703440722503,-0.7166571251241974,-2.499280409439629
4e7575e9-5084-4a89-b2e3-7842749d6912,2026-05-10 07:00:00+00:00,120.0,17.9,17.2,96.0,1013.6,0.0,0,0.2987220834478315,-0.49715703440722503,-1.7907211567188905,-1.2078566714968126
4e7575e9-5084-4a89-b2e3-7842749d6912,2026-05-10 08:00:00+00:00,0.0,17.0,15.4,90.0,1013.6,0.0,0,0.30433808521444916,-0.09888543819998315,-1.9971998106359212,-1.2000387145404268
4e7575e9-5084-4a89-b2e3-7842749d6912,2026-05-10 09:00:00+00:00,240.0,16.8,15.1,90.0,1014.1,0.0,0,0.30433808521444916,0.09888543819998319,-2.101970812973583,-0.1838986171975589
4e7575e9-5084-4a89-b2e3-7842749d6912,2026-05-10 10:00:00+00:00,70.0,17.8,17.5,98.0,1014.6,0.0,0,0.298453526119815,-0.2013094452494688,-0.6995836886238546,-0.2969556576518481
4e7575e9-5084-4a89-b2e3-7842749d6912,2026-05-10 11:00:00+00:00,90.0,17.7,17.7,100.0,1015.5,0.0,0,0.5084693597082924,0.9979273070909721,0.6892761318852781,1.7060182924028888
4e7575e9-5084-4a89-b2e3-7842749d6912,2026-05-10 12:00:00+00:00,10.0,17.6,17.3,98.0,1016.8,0.0,0,0.29698484809834996,0.29698484809834996,0.6068626813337775,1.5020378443981957
4e7575e9-5084-4a89-b2e3-7842749d6912,2026-05-10 13:00:00+00:00,30.0,17.9,17.7,99.0,1017.5,0.0,0,0.6995836886238546,-0.2969556576518481,0.8952745484897489,-0.39860191021428426
4e7575e9-5084-4a89-b2e3-7842749d6912,2026-05-10 14:00:00+00:00,20.0,17.8,17.8,100.0,1017.7,0.0,0,1.0028857418214714,-0.6025945476447635,1.105390003747547,-0.4921513381217183
4e7575e9-5084-4a89-b2e3-7842749d6912,2026-05-10 15:00:00+00:00,70.0,20.1,17.7,86.0,1017.8,0.0,0,0.8917737905728731,0.8029567276306299,1.0028857418214714,0.6025945476447633
4e7575e9-5084-4a89-b2e3-7842749d6912,2026-05-10 16:00:00+00:00,990.0,21.4,18.0,81.0,1018.0,0.0,0,0.29698484809834996,0.29698484809834996,0.4009529358847655,0.20429572488279607
4e7575e9-5084-4a89-b2e3-7842749d6912,2026-05-10 17:00:00+00:00,130.0,22.7,18.0,75.0,1017.9,0.0,0,-0.09871416815816926,0.803962382829471,-1.7145055188062944e-16,0.7
4e7575e9-5084-4a89-b2e3-7842749d6912,2026-05-10 18:00:00+00:00,40.0,24.6,17.3,64.0,1016.9,0.0,0,-0.3,-5.510910596163089e-17,-0.09888543819998313,-0.30433808521444916
4e7575e9-5084-4a89-b2e3-7842749d6912,2026-05-10 19:00:00+00:00,60.0,25.9,16.2,55.0,1016.5,0.0,0,-0.6039283357484064,-0.8953605783594452,-0.7127650845910882,-1.3988802429757377
4e7575e9-5084-4a89-b2e3-7842749d6912,2026-05-10 20:00:00+00:00,310.0,27.2,16.5,52.0,1016.2,0.0,0,-1.0932746339242447,-0.6060120253079211,-1.1939487424124129,-0.608347269650993
4e7575e9-5084-4a89-b2e3-7842749d6912,2026-05-10 21:00:00+00:00,250.0,27.2,15.9,50.0,1015.6,0.0,0,-0.19448595898696205,1.1029846833736732,-0.19448595898696205,1.1029846833736732
4e7575e9-5084-4a89-b2e3-7842749d6912,2026-05-10 22:00:00+00:00,560.0,26.6,16.8,55.0,1015.8,0.0,0,-0.09899494936611669,0.09899494936611664,-0.09899494936611669,0.09899494936611664
4e7575e9-5084-4a89-b2e3-7842749d6912,2026-05-10 23:00:00+00:00,350.0,26.2,15.9,53.0,1015.7,0.0,0,0.9013854005489101,-1.6952593782891399,0.7952510368458436,-2.601148936219457
4e7575e9-5084-4a89-b2e3-7842749d6912,2026-05-11 00:00:00+00:00,180.0,24.7,15.6,57.0,1015.8,0.0,0,-0.10990550811018149,-2.097122022984605,-0.7050116013277377,-3.9983194772295643
4e7575e9-5084-4a89-b2e3-7842749d6912,2026-05-11 01:00:00+00:00,0.0,21.4,14.1,63.0,1016.5,0.0,0,-0.08724874175625225,-2.4984770675477392,-0.6876467835610447,-3.899838701928344
4e7575e9-5084-4a89-b2e3-7842749d6912,2026-05-11 02:00:00+00:00,0.0,19.9,13.8,68.0,1017.6,0.0,0,1.1001708507303551,-1.6941145472497563,0.8225344450388703,-3.299005469338388
4e7575e9-5084-4a89-b2e3-7842749d6912,2026-05-11 03:00:00+00:00,20.0,19.8,14.4,71.0,1017.4,0.4,0,-0.28273687669994174,-2.302707071807867,-1.8250418089529772,-3.5818462272372384
4e7575e9-5084-4a89-b2e3-7842749d6912,2026-05-11 04:00:00+00:00,20.0,19.7,14.5,72.0,1018.1,0.0,0,-0.39917112773945135,-1.6009879483553942,-2.0928283024797176,-2.407523560910643
4e7575e9-5084-4a89-b2e3-7842749d6912,2026-05-11 05:00:00+00:00,0.0,19.2,15.0,77.0,1017.8,0.0,0,-1.1001708507303547,-1.6941145472497565,-3.485502216191349,-2.9246836240737544
4e7575e9-5084-4a89-b2e3-7842749d6912,2026-05-11 06:00:00+00:00,20.0,18.9,14.8,77.0,1017.8,0.0,0,-1.0867303380602142,-1.8086230044814569,-4.104587441656622,-1.176971509338585
4e7575e9-5084-4a89-b2e3-7842749d6912,2026-05-11 07:00:00+00:00,240.0,18.1,15.0,82.0,1016.8,0.0,0,-1.103086578651014,-1.1030865786510144,-3.9004754365159133,0.2727478123395296
4e7575e9-5084-4a89-b2e3-7842749d6912,2026-05-11 08:00:00+00:00,360.0,17.6,15.4,87.0,1016.4,0.0,0,-0.8012711868593264,-1.7996845515559237,-4.203941625947166,0.36779723439511625
4e7575e9-5084-4a89-b2e3-7842749d6912,2026-05-11 09:00:00+00:00,310.0,17.3,15.8,91.0,1016.9,0.0,0,-1.6941145472497567,-1.1001708507303545,-4.898934169351883,0.7759149465995442
4e7575e9-5084-4a89-b2e3-7842749d6912,2026-05-11 10:00:00+00:00,140.0,17.1,15.6,91.0,1017.2,0.0,0,-1.5026692957463426,-0.48824685111241717,-4.303128959125827,2.3852633316119793
4e7575e9-5084-4a89-b2e3-7842749d6912,2026-05-11 11:00:00+00:00,90.0,17.4,16.1,92.0,1017.8,0.0,0,-0.9035036904803958,-0.2935661446562002,-3.2804121119006164,3.5178113047882107
4e7575e9-5084-4a89-b2e3-7842749d6912,2026-05-11 12:00:00+00:00,70.0,18.1,16.8,92.0,1018.4,0.0,0,-1.107285789961318,0.9970046034746981,-2.19623944541328,4.502958171958825
4e7575e9-5084-4a89-b2e3-7842749d6912,2026-05-11 13:00:00+00:00,50.0,19.6,16.5,82.0,1019.2,0.0,0,0.5709857973968426,3.605062443172253,1.2439793305215736,5.388266458262351
4e7575e9-5084-4a89-b2e3-7842749d6912,2026-05-11 14:00:00+00:00,0.0,20.5,15.9,75.0,1020.2,0.0,0,0.6664108210713835,4.207552330935287,1.1448539722592688,5.889763100685984
4e7575e9-5084-4a89-b2e3-7842749d6912,2026-05-11 15:00:00+00:00,0.0,20.9,15.2,70.0,1019.9,0.0,0,1.3801311192082222,2.7086598335326384,2.0140330043514716,3.7878451733647966
4e7575e9-5084-4a89-b2e3-7842749d6912,2026-05-11 16:00:00+00:00,10.0,20.2,14.8,71.0,1019.3,0.0,0,0.5154418553777884,1.7975593714046565,0.9850180127779259,2.706314747863416
4e7575e9-5084-4a89-b2e3-7842749d6912,2026-05-11 17:00:00+00:00,0.0,21.3,14.9,67.0,1019.3,0.0,0,-0.6962232313257807,2.598340472717594,-0.9110430387608728,3.4000589085375204
4e7575e9-5084-4a89-b2e3-7842749d6912,2026-05-11 18:00:00+00:00,50.0,22.0,15.1,65.0,1019.4,0.0,0,-0.49120422022632565,3.1013413894687325,-0.7117768159330514,4.493981949707877
4e7575e9-5084-4a89-b2e3-7842749d6912,2026-05-11 19:00:00+00:00,60.0,22.2,15.8,67.0,1019.2,0.0,0,0.11865828878850329,3.3979288118649253,0.0820263102552325,4.699284167235039
4e7575e9-5084-4a89-b2e3-7842749d6912,2026-05-11 20:00:00+00:00,50.0,25.9,14.3,49.0,1018.5,0.0,0,-0.87581328877834,4.5056687720247774,-1.005422948691527,5.702036889940684
4e7575e9-5084-4a89-b2e3-7842749d6912,2026-05-11 21:00:00+00:00,20.0,25.8,13.7,47.0,1018.5,0.0,0,-0.8274885294546843,3.8930274509205463,-0.913975087853649,4.701994208714311
4e7575e9-5084-4a89-b2e3-7842749d6912,2026-05-11 22:00:00+00:00,0.0,25.5,12.3,44.0,1017.9,0.0,0,-0.3146016965860066,4.499013866671807,-0.29883831014721235,5.7021746434486165
4e7575e9-5084-4a89-b2e3-7842749d6912,2026-05-11 23:00:00+00:00,0.0,24.6,11.6,44.0,1018.1,0.0,0,-0.40975157600920137,3.8985258298436314,-0.3641287929443358,5.2072843423562825
4e7575e9-5084-4a89-b2e3-7842749d6912,2026-05-12 00:00:00+00:00,0.0,23.4,11.7,48.0,1018.3,0.0,0,0.2884855084947485,3.2974044506836777,0.5351857319303858,5.09195210428556
4e7575e9-5084-4a89-b2e3-7842749d6912,2026-05-12 01:00:00+00:00,10.0,21.4,12.3,56.0,1018.4,0.0,0,0.19623407235369225,1.3962779769256142,0.6022726904048888,3.8026001112912806
4e7575e9-5084-4a89-b2e3-7842749d6912,2026-05-12 02:00:00+00:00,0.0,20.2,12.5,61.0,1018.7,0.0,0,0.4775324885840584,2.708221320783572,1.4034039130198757,6.602496304953188
4e7575e9-5084-4a89-b2e3-7842749d6912,2026-05-12 03:00:00+00:00,0.0,19.2,11.5,61.0,1019.3,0.0,0,0.48589427738274843,2.1046393399361083,1.7199771002980748,5.99827298265511
4e7575e9-5084-4a89-b2e3-7842749d6912,2026-05-12 04:00:00+00:00,0.0,18.3,10.2,59.0,1019.3,0.0,0,0.8806984339686001,2.7105110714411875,2.150758280849634,6.619353353414269
4e7575e9-5084-4a89-b2e3-7842749d6912,2026-05-12 05:00:00+00:00,0.0,17.0,9.7,62.0,1019.2,0.0,0,1.3184974717697386,2.1943482897974076,2.7663763897040585,6.517174362443278
4e7575e9-5084-4a89-b2e3-7842749d6912,2026-05-12 06:00:00+00:00,0.0,16.2,10.3,68.0,1018.8,0.0,0,1.2861436779827178,1.9067864168765958,3.4499999999999997,5.975575286112627
4e7575e9-5084-4a89-b2e3-7842749d6912,2026-05-12 07:00:00+00:00,0.0,15.6,10.0,69.0,1019.0,0.0,0,1.7909790294005203,1.6126047613248484,4.682902100204619,4.522225991688072
4e7575e9-5084-4a89-b2e3-7842749d6912,2026-05-12 08:00:00+00:00,0.0,15.2,9.9,71.0,1019.3,0.0,0,1.5980613254815974,1.5980613254815974,6.207712063865039,3.87900901418706
4e7575e9-5084-4a89-b2e3-7842749d6912,2026-05-12 09:00:00+00:00,0.0,14.8,10.2,74.0,1019.4,0.0,0,2.1988807326390254,0.800327135382065,7.683366910071971,2.9493682247578223
4e7575e9-5084-4a89-b2e3-7842749d6912,2026-05-12 10:00:00+00:00,0.0,14.3,10.1,76.0,1019.3,0.0,0,2.2059693667473463,0.38897191797392416,7.597415536741052,1.8942484425453978
4e7575e9-5084-4a89-b2e3-7842749d6912,2026-05-12 11:00:00+00:00,0.0,14.0,10.2,78.0,1020.0,0.0,0,2.098751065871564,0.890866972955544,7.8033123816835746,1.0966840355653158
4e7575e9-5084-4a89-b2e3-7842749d6912,2026-05-12 12:00:00+00:00,0.0,15.2,11.2,77.0,1020.9,0.0,0,2.598340472717594,0.6962232313257808,7.297425449820461,1.2867329965119545
4e7575e9-5084-4a89-b2e3-7842749d6912,2026-05-12 13:00:00+00:00,0.0,17.4,12.7,74.0,1021.2,0.0,0,3.8930274509205463,0.8274885294546827,6.390392964244293,1.2421665599013074
4e7575e9-5084-4a89-b2e3-7842749d6912,2026-05-12 14:00:00+00:00,0.0,19.0,12.5,66.0,1020.8,0.0,0,5.101687219436395,-0.6264084251024574,7.801412751900792,-0.9578930391644583
4e7575e9-5084-4a89-b2e3-7842749d6912,2026-05-12 15:00:00+00:00,0.0,20.6,12.6,60.0,1020.6,0.0,0,4.704668758779867,-0.5776606877403986,6.498989281116007,-1.0293387799647187
4e7575e9-5084-4a89-b2e3-7842749d6912,2026-05-12 16:00:00+00:00,0.0,22.6,12.0,51.0,1020.6,0.0,0,4.602419505183865,-0.40265953149418104,5.89751483953386,-0.6198537871771855
4e7575e9-5084-4a89-b2e3-7842749d6912,2026-05-12 17:00:00+00:00,0.0,23.9,11.9,47.0,1020.1,0.0,0,4.108219923081984,-0.8732291014345893,5.008262132996109,-1.1562484193274662
4e7575e9-5084-4a89-b2e3-7842749d6912,2026-05-12 18:00:00+00:00,10.0,24.9,12.5,46.0,1019.4,0.0,0,3.5946730895319003,-0.5051983564850372,4.3063211649948006,-0.6820542675754064
4e7575e9-5084-4a89-b2e3-7842749d6912,2026-05-12 19:00:00+00:00,10.0,25.5,12.7,45.0,1018.8,0.0,0,3.397586747892118,-0.5990862129509096,3.9983194772295643,-0.705011601327737
4e7575e9-5084-4a89-b2e3-7842749d6912,2026-05-12 20:00:00+00:00,20.0,25.9,12.3,43.0,1018.4,0.0,0,3.1049463240831887,-0.774150065918937,3.5997971444839467,-0.8975302326747675
4e7575e9-5084-4a89-b2e3-7842749d6912,2026-05-12 21:00:00+00:00,20.0,26.0,12.1,42.0,1018.1,0.0,0,2.80415464893763,-0.6991542782830399,3.299005469338388,-0.8225344450388704
4e7575e9-5084-4a89-b2e3-7842749d6912,2026-05-12 22:00:00+00:00,20.0,25.7,11.8,42.0,1017.8,0.0,0,2.4988515017056985,-0.39577919655178395,3.002572555409219,-0.47556077372230166
4e7575e9-5084-4a89-b2e3-7842749d6912,2026-05-12 23:00:00+00:00,10.0,24.7,11.6,44.0,1017.8,0.0,0,2.1083977465248527,-1.5887916611214077,2.584675271830048,-2.019369639068159
4e7575e9-5084-4a89-b2e3-7842749d6912,2026-05-13 00:00:00+00:00,0.0,21.8,14.7,64.0,1018.9,0.0,0,3.112777768298168,-2.1795904581339753,4.701932734218812,-3.292328744655005
4e7575e9-5084-4a89-b2e3-7842749d6912,2026-05-13 01:00:00+00:00,0.0,20.3,14.2,68.0,1019.0,0.0,0,2.395906530141878,-1.805445069456145,5.226190042563767,-3.6594176639196743
4e7575e9-5084-4a89-b2e3-7842749d6912,2026-05-13 02:00:00+00:00,0.0,19.2,14.3,73.0,1019.2,0.0,0,2.7194577730723717,-2.2818960143872147,6.028769767346357,-5.058738488233065
4e7575e9-5084-4a89-b2e3-7842749d6912,2026-05-13 03:00:00+00:00,0.0,18.6,13.6,73.0,1019.0,0.0,0,3.2103856460623432,-2.8906442194702677,6.368751154341269,-5.7344492964954155
4e7575e9-5084-4a89-b2e3-7842749d6912,2026-05-13 04:00:00+00:00,0.0,17.9,13.4,75.0,1019.1,0.0,0,3.4779177832342048,-3.1315312377594564,6.96334398795151,-5.842939372050643
4e7575e9-5084-4a89-b2e3-7842749d6912,2026-05-13 05:00:00+00:00,0.0,17.3,13.2,77.0,1018.9,0.0,0,2.7937711401852314,-2.605233735438744,6.4150314318935635,-5.576501746419311
4e7575e9-5084-4a89-b2e3-7842749d6912,2026-05-13 06:00:00+00:00,0.0,16.7,13.0,79.0,1018.5,0.0,0,1.5941132720226179,-1.8997902189350653,4.869468290846239,-5.221865429560877
4e7575e9-5084-4a89-b2e3-7842749d6912,2026-05-13 07:00:00+00:00,0.0,16.3,12.9,80.0,1018.6,0.0,0,2.0145092743310915,-2.086085420982089,4.071702930092448,-5.028134370626602
4e7575e9-5084-4a89-b2e3-7842749d6912,2026-05-13 08:00:00+00:00,0.0,15.7,12.7,82.0,1018.6,0.0,0,0.09899494936611666,-0.09899494936611665,2.4018581444162703,-3.6985372046393197
4e7575e9-5084-4a89-b2e3-7842749d6912,2026-05-13 09:00:00+00:00,0.0,16.4,13.8,85.0,1018.7,0.0,0,0.39931775502364636,-0.3009075115760242,1.2166945393019857,-2.3878974848248258
4e7575e9-5084-4a89-b2e3-7842749d6912,2026-05-13 10:00:00+00:00,0.0,16.9,14.2,84.0,1018.3,0.0,0,6.123233995736766e-17,-0.5,1.1252462715414506,-3.091588722385638
4e7575e9-5084-4a89-b2e3-7842749d6912,2026-05-13 11:00:00+00:00,0.0,17.1,14.3,84.0,1018.8,0.0,0,0.19602143532144095,-0.09987790994270028,0.9794452108211676,-3.203620932476169
4e7575e9-5084-4a89-b2e3-7842749d6912,2026-05-13 12:00:00+00:00,0.0,17.7,14.6,82.0,1019.4,0.0,0,0.8063278864769254,-2.100555959618704,1.1200983766264616,-4.492469212657864
4e7575e9-5084-4a89-b2e3-7842749d6912,2026-05-13 13:00:00+00:00,10.0,19.0,15.6,81.0,1019.1,0.0,0,0.09073869142650297,-2.598416150249649,0.122148238458754,-3.497867894566835
4e7575e9-5084-4a89-b2e3-7842749d6912,2026-05-13 14:00:00+00:00,100.0,20.6,16.8,79.0,1018.4,0.0,0,-1.3010764773832473,-1.3010764773832477,-1.489253995808451,-1.7131907471056926
4e7575e9-5084-4a89-b2e3-7842749d6912,2026-05-13 15:00:00+00:00,360.0,22.1,17.3,74.0,1017.9,0.0,0,-2.202076346414631,-0.5083893828171354,-2.5041310664980543,-0.5781242096637337
4e7575e9-5084-4a89-b2e3-7842749d6912,2026-05-13 16:00:00+00:00,352.5,23.7,16.3,64.0,1017.4,0.0,0,-2.5701823210767034,0.22486181628895735,-3.1977849808745034,0.2797699342199818
4e7575e9-5084-4a89-b2e3-7842749d6912,2026-05-13 17:00:00+00:00,30.0,25.6,13.5,47.0,1016.5,0.0,0,-2.552575091489634,1.2449740568809797,-3.49630884010376,1.7052637610095112
4e7575e9-5084-4a89-b2e3-7842749d6912,2026-05-13 18:00:00+00:00,0.0,26.8,11.4,38.0,1015.6,0.0,0,-2.535663807507714,1.584458600057282,-3.5399904348100275,2.3877536978200897
4e7575e9-5084-4a89-b2e3-7842749d6912,2026-05-13 19:00:00+00:00,10.0,27.7,11.3,36.0,1014.6,0.0,0,-2.6963821388975013,1.3151134403672322,-3.882967872180569,2.3331224793425456
4e7575e9-5084-4a89-b2e3-7842749d6912,2026-05-13 20:00:00+00:00,20.0,28.0,11.5,36.0,1013.5,0.0,0,-3.0928963076002,1.312856591723959,-4.4946436516015975,2.001144283932935
4e7575e9-5084-4a89-b2e3-7842749d6912,2026-05-13 21:00:00+00:00,40.0,26.7,12.7,42.0,1012.9,0.0,0,-2.29809703885628,2.298097038856279,-4.367560303388176,3.536780597700087
4e7575e9-5084-4a89-b2e3-7842749d6912,2026-05-13 22:00:00+00:00,70.0,24.5,13.1,49.0,1012.9,0.0,0,-2.1919057490311,2.6122115510357142,-2.9251543385672916,4.68122549078347
4e7575e9-5084-4a89-b2e3-7842749d6912,2026-05-13 23:00:00+00:00,20.0,22.9,12.5,52.0,1013.2,0.0,0,-2.700713505847493,2.8961606584119157,-4.430415552990858,5.4711075686570725
4e7575e9-5084-4a89-b2e3-7842749d6912,2026-05-14 00:00:00+00:00,60.0,25.2,12.1,44.0,1014.0,0.0,0,-2.6915053242046327,1.61721955521757,-4.189357595012745,2.617801165312031
4e7575e9-5084-4a89-b2e3-7842749d6912,2026-05-14 01:00:00+00:00,90.0,23.1,12.4,51.0,1014.2,0.0,0,-1.9,-3.490243377569956e-16,-3.9949172656194643,0.9222993228098461
4e7575e9-5084-4a89-b2e3-7842749d6912,2026-05-14 02:00:00+00:00,110.0,22.4,13.5,57.0,1014.1,0.0,0,-1.8995368201534022,-0.1996493648412179,-5.791600382341217,1.1257730727216162
4e7575e9-5084-4a89-b2e3-7842749d6912,2026-05-14 03:00:00+00:00,60.0,22.2,12.4,54.0,1014.0,0.0,0,-2.4804537646742375,3.4140517162622777,-5.030265346798678,7.183963428414455
4e7575e9-5084-4a89-b2e3-7842749d6912,2026-05-14 04:00:00+00:00,0.0,21.3,9.2,46.0,1014.3,0.0,0,-1.61047556199575,2.3876282089585206,-3.335000000000003,5.776389443242204
4e7575e9-5084-4a89-b2e3-7842749d6912,2026-05-14 05:00:00+00:00,0.0,19.9,4.8,37.0,1014.3,0.0,0,-0.3892503505681511,2.0025194542332345,-1.6426496711217449,6.588307981414016
4e7575e9-5084-4a89-b2e3-7842749d6912,2026-05-14 06:00:00+00:00,0.0,17.4,4.0,41.0,1014.2,0.0,0,-0.2827368766999415,2.302707071807867,-1.5150234232897648,7.794119836574453
4e7575e9-5084-4a89-b2e3-7842749d6912,2026-05-14 07:00:00+00:00,0.0,16.0,4.4,46.0,1014.7,0.0,0,0.21004534002185618,2.4008292224011067,0.5385199773046473,7.701194468005842
4e7575e9-5084-4a89-b2e3-7842749d6912,2026-05-14 08:00:00+00:00,0.0,14.8,4.2,49.0,1014.7,0.0,0,0.21010221116798344,1.9989890096902292,0.7254275350775151,6.901981953855817
4e7575e9-5084-4a89-b2e3-7842749d6912,2026-05-14 09:00:00+00:00,0.0,13.9,3.9,51.0,1014.9,0.0,0,0.311018662463768,1.600052309019692,0.6731633034436884,6.40472100617168
4e7575e9-5084-4a89-b2e3-7842749d6912,2026-05-14 10:00:00+00:00,0.0,13.0,4.1,55.0,1015.0,0.0,0,0.39366434510176374,1.7051476133741617,1.0939835193016612,6.204288843976911
4e7575e9-5084-4a89-b2e3-7842749d6912,2026-05-14 11:00:00+00:00,0.0,12.2,4.4,59.0,1016.1,0.0,0,0.5072853284009406,1.8932146195265738,1.265063639346492,6.508188226258012
4e7575e9-5084-4a89-b2e3-7842749d6912,2026-05-14 12:00:00+00:00,0.0,13.9,6.8,62.0,1017.5,0.0,0,0.8244882073181177,2.69677941181576,1.8682551931782878,6.110787390603796
4e7575e9-5084-4a89-b2e3-7842749d6912,2026-05-14 13:00:00+00:00,0.0,16.6,6.7,52.0,1018.1,0.0,0,1.2221137257410397,3.997353879925488,1.885003665687179,5.801444749400436
4e7575e9-5084-4a89-b2e3-7842749d6912,2026-05-14 14:00:00+00:00,0.0,18.1,5.0,42.0,1018.3,0.0,0,0.8228452861116143,5.195240671530424,1.2867329965119538,7.297425449820461
4e7575e9-5084-4a89-b2e3-7842749d6912,2026-05-14 15:00:00+00:00,0.0,19.3,3.5,35.0,1018.5,0.0,0,0.7598851312419573,5.406863655328974,1.1419715947936853,7.210124886344506
4e7575e9-5084-4a89-b2e3-7842749d6912,2026-05-14 16:00:00+00:00,0.0,20.2,3.0,32.0,1018.5,0.0,0,0.5837541549106564,4.754296066361932,0.7665581700183777,6.243115293823915
4e7575e9-5084-4a89-b2e3-7842749d6912,2026-05-14 17:00:00+00:00,0.0,21.2,2.7,30.0,1017.9,0.0,0,0.21771757797064636,4.154298864579027,0.09773347604878765,5.599147092875791
4e7575e9-5084-4a89-b2e3-7842749d6912,2026-05-14 18:00:00+00:00,0.0,22.2,3.1,28.0,1017.1,0.0,0,-0.13261808746950313,3.7976851426725635,-0.48109969996707386,5.498994733466435
4e7575e9-5084-4a89-b2e3-7842749d6912,2026-05-14 19:00:00+00:00,0.0,23.0,3.5,28.0,1016.5,0.0,0,-0.5709857973968435,3.6050624431722524,-1.1086002631377245,5.7032539358309275
4e7575e9-5084-4a89-b2e3-7842749d6912,2026-05-14 20:00:00+00:00,0.0,23.4,3.8,28.0,1015.9,0.0,0,-0.8075742850944765,3.497988532578994,-1.02278776645822,5.800517665241905
4e7575e9-5084-4a89-b2e3-7842749d6912,2026-05-14 21:00:00+00:00,0.0,23.2,4.2,29.0,1015.5,0.0,0,-0.8998042173754613,3.8974802591409405,-0.9495572027942027,5.9952682274124856
4e7575e9-5084-4a89-b2e3-7842749d6912,2026-05-14 22:00:00+00:00,0.0,22.4,4.9,32.0,1015.4,0.0,0,-0.4911334539227434,3.9999609911145284,-0.1989271312042547,5.696527714008846
4e7575e9-5084-4a89-b2e3-7842749d6912,2026-05-14 23:00:00+00:00,0.0,20.8,6.3,39.0,1015.4,0.0,0,0.1732320151641441,3.3054637600376395,0.4549529771427756,5.200136324038912
4e7575e9-5084-4a89-b2e3-7842749d6912,2026-05-15 00:00:00+00:00,0.0,21.6,2.3,28.0,1016.0,0.0,0,-1.384941110218378,2.604695398933835,-1.8721988995112975,4.01494349657236
4e7575e9-5084-4a89-b2e3-7842749d6912,2026-05-15 01:00:00+00:00,0.0,19.1,2.4,33.0,1016.1,0.0,0,-1.1127382865210302,1.5891549659206436,-2.496769544268635,4.504291491767889
4e7575e9-5084-4a89-b2e3-7842749d6912,2026-05-15 02:00:00+00:00,0.0,17.5,1.8,35.0,1016.4,0.0,0,-0.9062507694346535,1.2942602299766068,-2.2356928486242964,4.58384963612575
4e7575e9-5084-4a89-b2e3-7842749d6912,2026-05-15 03:00:00+00:00,0.0,16.3,1.2,36.0,1016.3,0.0,0,1.7060182924028888,0.689276131885278,0.19416639766132163,3.704915573939469
4e7575e9-5084-4a89-b2e3-7842749d6912,2026-05-15 04:00:00+00:00,0.0,15.9,1.2,37.0,1016.6,0.0,0,1.7037174127111199,0.3004113473637896,1.4999999999999998,2.598076211353316
4e7575e9-5084-4a89-b2e3-7842749d6912,2026-05-15 05:00:00+00:00,0.0,15.3,-0.1,35.0,1016.4,0.0,0,2.4988515017056985,0.39577919655178423,2.3137886039123496,1.681065821556473
4e7575e9-5084-4a89-b2e3-7842749d6912,2026-05-15 06:00:00+00:00,0.0,14.8,0.2,37.0,1016.3,0.0,0,2.8045517449385304,-0.294770266414783,4.200713611250453,1.2045352449202864
4e7575e9-5084-4a89-b2e3-7842749d6912,2026-05-15 07:00:00+00:00,0.0,14.8,-0.1,36.0,1016.7,0.0,0,2.9943700614961117,-0.8023390398178146,5.599158270923379,0.5884952481968889
4e7575e9-5084-4a89-b2e3-7842749d6912,2026-05-15 08:00:00+00:00,0.0,14.6,0.4,38.0,1016.8,0.0,0,3.0053385914926856,-0.9764937022248337,5.892095009012344,-0.8280799507123889
4e7575e9-5084-4a89-b2e3-7842749d6912,2026-05-15 09:00:00+00:00,0.0,14.1,0.7,40.0,1016.9,0.0,0,2.8940993221413254,-1.1109406435904308,6.306922220793977,-1.5724923213978406
4e7575e9-5084-4a89-b2e3-7842749d6912,2026-05-15 10:00:00+00:00,0.0,13.9,0.8,41.0,1017.2,0.0,0,2.797502138098684,-0.5946274357387917,6.9021684391287454,-0.9700365136916554
4e7575e9-5084-4a89-b2e3-7842749d6912,2026-05-15 11:00:00+00:00,0.0,13.3,0.7,42.0,1017.8,0.0,0,2.69677941181576,-0.8244882073181173,6.296264108395989,-1.8054246806013436
4e7575e9-5084-4a89-b2e3-7842749d6912,2026-05-15 12:00:00+00:00,0.0,15.6,2.0,40.0,1018.1,0.0,0,3.2983210989585383,-1.2004907030730971,6.610820883061194,-2.670945011055453
4e7575e9-5084-4a89-b2e3-7842749d6912,2026-05-15 13:00:00+00:00,0.0,17.8,2.9,37.0,1018.5,0.0,0,3.3966158001789672,-2.2057880918108594,4.788808942968371,-3.109888889935805
4e7575e9-5084-4a89-b2e3-7842749d6912,2026-05-15 14:00:00+00:00,0.0,20.1,3.8,34.0,1018.9,0.0,0,2.999646967412175,-2.8967254048140187,4.121817055940471,-3.9803924627300553
4e7575e9-5084-4a89-b2e3-7842749d6912,2026-05-15 15:00:00+00:00,0.0,22.0,4.1,31.0,1019.1,0.0,0,2.1055622456137515,-2.694996777334989,2.480453764674237,-3.4140517162622777
4e7575e9-5084-4a89-b2e3-7842749d6912,2026-05-15 16:00:00+00:00,0.0,23.8,3.9,28.0,1019.2,0.0,0,1.2769626507776228,-2.4016174525762817,1.372101689449812,-2.8132253649163927
4e7575e9-5084-4a89-b2e3-7842749d6912,2026-05-15 17:00:00+00:00,0.0,25.4,3.6,24.0,1017.4,0.0,0,1.1917834981087725,-2.555787959443353,1.657042934862712,-3.397441495010851
4e7575e9-5084-4a89-b2e3-7842749d6912,2026-05-15 18:00:00+00:00,0.0,26.9,3.9,23.0,1016.3,0.0,0,0.43585692594399494,-2.471867460060642,0.6025591765042481,-3.417282902952362
4e7575e9-5084-4a89-b2e3-7842749d6912,2026-05-15 19:00:00+00:00,0.0,28.2,3.8,21.0,1015.4,0.0,0,3.061616997868383e-16,-2.5,-0.33206337986857676,-3.7955017997295504
4e7575e9-5084-4a89-b2e3-7842749d6912,2026-05-15 20:00:00+00:00,0.0,28.7,4.2,21.0,1015.2,0.0,0,-0.2949238110404565,-2.4019616869719993,-1.128554780229764,-3.691336358017317
4e7575e9-5084-4a89-b2e3-7842749d6912,2026-05-15 21:00:00+00:00,0.0,28.8,5.0,22.0,1015.0,0.0,0,-0.722105135836033,-2.6949330553465005,-1.2762271654720545,-3.7064328163493214
4e7575e9-5084-4a89-b2e3-7842749d6912,2026-05-15 22:00:00+00:00,0.0,28.3,6.4,25.0,1015.1,0.0,0,-0.5068476667303476,-3.2001102235282466,-1.091523929035316,-3.8065963159157428
4e7575e9-5084-4a89-b2e3-7842749d6912,2026-05-15 23:00:00+00:00,0.0,27.0,8.4,31.0,1014.9,0.0,0,-0.6991542782830391,-2.80415464893763,-0.16751758417200432,-4.79707596969166
4e7575e9-5084-4a89-b2e3-7842749d6912,2026-05-16 00:00:00+00:00,0.0,25.5,8.0,33.0,1016.7,0.0,0,-0.4216944959089985,-3.0005122482869577,-0.589847622080913,-4.803923373943999
4e7575e9-5084-4a89-b2e3-7842749d6912,2026-05-16 01:00:00+00:00,0.0,22.8,8.1,39.0,1016.7,0.0,0,-0.30896428413134547,-2.198395112606286,-1.201238630196239,-5.203136145953156
4e7575e9-5084-4a89-b2e3-7842749d6912,2026-05-16 02:00:00+00:00,0.0,21.4,7.3,40.0,1017.5,0.0,0,0.18904004384658016,-2.7033985762041235,-0.6522576107901579,-6.2058166270980255
4e7575e9-5084-4a89-b2e3-7842749d6912,2026-05-16 03:00:00+00:00,0.0,20.3,6.9,42.0,1017.7,0.0,0,0.8244882073181172,-2.69677941181576,0.8226180679847459,-6.699686523578923
4e7575e9-5084-4a89-b2e3-7842749d6912,2026-05-16 04:00:00+00:00,0.0,19.8,6.9,43.0,1017.9,0.0,0,0.9085099634623457,-2.7961061579077513,0.5778425744169738,-6.604770848348273
4e7575e9-5084-4a89-b2e3-7842749d6912,2026-05-16 05:00:00+00:00,0.0,19.4,6.8,44.0,1017.4,0.0,0,0.9850180127779263,-2.706314747863416,0.5604114258674422,-6.405531908729923
4e7575e9-5084-4a89-b2e3-7842749d6912,2026-05-16 06:00:00+00:00,0.0,19.1,6.9,45.0,1017.2,0.0,0,1.2816573664054816,-2.4104469285048706,0.7360908341670912,-5.994978755913585
4e7575e9-5084-4a89-b2e3-7842749d6912,2026-05-16 07:00:00+00:00,0.0,18.9,6.7,45.0,1017.4,0.0,0,1.0938512527744637,-2.707376855335019,0.8104311336442312,-6.600431908414792
4e7575e9-5084-4a89-b2e3-7842749d6912,2026-05-16 08:00:00+00:00,0.0,18.6,6.5,45.0,1017.6,0.0,0,1.7249999999999999,-2.9877876430563135,2.3052667780371086,-7.094881611561846
4e7575e9-5084-4a89-b2e3-7842749d6912,2026-05-16 09:00:00+00:00,0.0,17.7,6.9,49.0,1017.8,0.0,0,1.686314722872075,-2.408307010209636,1.6184574815617772,-6.491278408786417
4e7575e9-5084-4a89-b2e3-7842749d6912,2026-05-16 10:00:00+00:00,0.0,17.2,7.5,53.0,1017.8,0.0,0,1.6060140217829286,-2.293625724009177,1.0939835193016607,-6.204288843976911
4e7575e9-5084-4a89-b2e3-7842749d6912,2026-05-16 11:00:00+00:00,0.0,16.6,7.8,56.0,1018.2,0.0,0,1.693827398896735,-2.6082654663102685,0.7463332277310476,-7.100886332929471
4e7575e9-5084-4a89-b2e3-7842749d6912,2026-05-16 12:00:00+00:00,0.0,18.6,9.9,57.0,1019.2,0.0,0,1.2878841495453832,-1.709079991501207,0.9342271958480849,-5.298265711205679
4e7575e9-5084-4a89-b2e3-7842749d6912,2026-05-16 13:00:00+00:00,0.0,21.6,10.4,49.0,1019.4,0.0,0,0.6991542782830398,-2.80415464893763,0.8300693905288625,-3.5954255390575174
4e7575e9-5084-4a89-b2e3-7842749d6912,2026-05-16 14:00:00+00:00,0.0,23.8,11.2,45.0,1020.0,0.0,0,-0.11865828878850306,-3.3979288118649253,-0.21981101622036298,-4.19424404596921
4e7575e9-5084-4a89-b2e3-7842749d6912,2026-05-16 15:00:00+00:00,0.0,25.0,11.9,44.0,1020.1,0.0,0,-0.49120422022632454,-3.1013413894687325,-0.6876467835610447,-3.899838701928344
4e7575e9-5084-4a89-b2e3-7842749d6912,2026-05-16 16:00:00+00:00,0.0,26.3,10.7,38.0,1020.2,0.0,0,-0.2405498499835359,-2.7494973667332174,4.4087284769304716e-16,-3.6
4e7575e9-5084-4a89-b2e3-7842749d6912,2026-05-16 17:00:00+00:00,0.0,27.4,10.1,34.0,1019.0,0.0,0,0.3627137675387585,-3.4509909769279083,1.0640184870464824,-4.608770406434163
4e7575e9-5084-4a89-b2e3-7842749d6912,2026-05-16 18:00:00+00:00,0.0,28.8,9.3,30.0,1018.5,0.0,0,0.05898913375801802,-3.3794852096286023,0.9543146608535152,-4.489697487368168
4e7575e9-5084-4a89-b2e3-7842749d6912,2026-05-16 19:00:00+00:00,0.0,28.8,7.9,27.0,1017.5,0.0,0,0.12912813779925422,-3.6977460599706546,1.2630369401003025,-4.713718032290653
4e7575e9-5084-4a89-b2e3-7842749d6912,2026-05-16 20:00:00+00:00,0.0,28.1,8.4,29.0,1016.6,0.0,0,4.653657836759942e-16,-3.8,1.230837209641135,-5.79063379634413
4e7575e9-5084-4a89-b2e3-7842749d6912,2026-05-16 21:00:00+00:00,0.0,26.5,10.2,36.0,1016.0,0.0,0,0.4885924734217344,-2.2986468617244435,0.6039892972412713,-6.903629257775797
4e7575e9-5084-4a89-b2e3-7842749d6912,2026-05-16 22:00:00+00:00,20.0,26.8,10.9,37.0,1015.9,0.0,0,1.2934225249810454,-2.9050745553034707,0.244645471884533,-7.005729697403861
4e7575e9-5084-4a89-b2e3-7842749d6912,2026-05-16 23:00:00+00:00,110.0,25.4,12.9,46.0,1016.0,0.0,0,2.571758278209442e-16,-2.1,-0.4810996999670718,-5.498994733466435
4e7575e9-5084-4a89-b2e3-7842749d6912,2026-05-17 00:00:00+00:00,0.0,26.9,11.0,37.0,1017.0,0.0,0,-0.49120422022632454,-3.1013413894687325,-0.7738024413379643,-5.50589046220313
4e7575e9-5084-4a89-b2e3-7842749d6912,2026-05-17 01:00:00+00:00,0.0,24.4,11.0,43.0,1016.7,0.0,0,0.5781242096637336,-2.5041310664980543,0.630306633503952,-5.996967029070688
4e7575e9-5084-4a89-b2e3-7842749d6912,2026-05-17 02:00:00+00:00,0.0,23.5,10.9,45.0,1016.5,0.0,0,1.5041230066665023,-1.7925439968984083,1.7189998555337869,-4.992338079164393
4e7575e9-5084-4a89-b2e3-7842749d6912,2026-05-17 03:00:00+00:00,0.0,22.8,10.6,46.0,1016.4,0.0,0,1.1930389876101757,-1.7038362521211032,1.405750514666696,-4.902434649285426
4e7575e9-5084-4a89-b2e3-7842749d6912,2026-05-17 04:00:00+00:00,0.0,22.3,9.8,45.0,1016.7,0.0,0,1.2071486133425335,-1.3886656276099005,0.9912769427426555,-3.699495914687131
4e7575e9-5084-4a89-b2e3-7842749d6912,2026-05-17 05:00:00+00:00,0.0,22.0,9.8,46.0,1016.4,0.0,0,0.8063278864769254,-2.100555959618704,0.11865828878850389,-3.3979288118649253
4e7575e9-5084-4a89-b2e3-7842749d6912,2026-05-17 06:00:00+00:00,0.0,21.4,9.9,48.0,1015.9,0.0,0,2.4492935982947064e-16,-2.0,-1.3151134403672324,-2.696382138897501
4e7575e9-5084-4a89-b2e3-7842749d6912,2026-05-17 07:00:00+00:00,0.0,21.3,10.1,49.0,1015.7,0.0,0,0.8907532483360029,-2.0006645522372954,-0.809624525262362,-2.4917680726933025
4e7575e9-5084-4a89-b2e3-7842749d6912,2026-05-17 08:00:00+00:00,0.0,21.0,10.5,51.0,1015.7,0.0,0,1.5890561789456215,-1.7040541247726673,1.0730041563324433,-3.50963845438434
4e7575e9-5084-4a89-b2e3-7842749d6912,2026-05-17 09:00:00+00:00,0.0,20.8,10.6,52.0,1015.9,0.0,0,1.4935764085368717,-1.6016646065459832,0.974945239266661,-3.910291776892266
4e7575e9-5084-4a89-b2e3-7842749d6912,2026-05-17 10:00:00+00:00,0.0,20.7,10.8,53.0,1016.3,0.0,0,0.8908669729555441,-2.098751065871564,-0.2727478123395298,-3.900475436515913
4e7575e9-5084-4a89-b2e3-7842749d6912,2026-05-17 11:00:00+00:00,10.0,20.1,11.3,57.0,1017.6,0.0,0,0.4858942773827489,-2.104639339936108,-1.4723866479343968,-3.307034556666215
4e7575e9-5084-4a89-b2e3-7842749d6912,2026-05-17 12:00:00+00:00,10.0,21.2,13.7,62.0,1018.6,0.0,0,1.4695761589768238e-16,-1.2,-1.6893248857049776,-2.8115087463029282
4e7575e9-5084-4a89-b2e3-7842749d6912,2026-05-17 13:00:00+00:00,20.0,22.9,14.7,60.0,1019.3,0.0,0,-1.9069860237282674,-1.4899007702880924,-2.486867076662306,-2.013825251359481
4e7575e9-5084-4a89-b2e3-7842749d6912,2026-05-17 14:00:00+00:00,90.0,24.1,15.6,59.0,1019.4,0.0,0,-1.5047716095374022,-1.0932805692640002,-1.7966645182233263,-1.4037081637425002
4e7575e9-5084-4a89-b2e3-7842749d6912,2026-05-17 15:00:00+00:00,130.0,26.3,15.4,51.0,1019.2,0.0,0,-1.0927389364671167,-1.3022755533022625,-1.2964000055626654,-1.6009206806013598
4e7575e9-5084-4a89-b2e3-7842749d6912,2026-05-17 16:00:00+00:00,165.0,28.4,15.0,44.0,1018.8,0.0,0,-0.6902668135149616,-3.2474500344362345,-0.5859187550418758,-4.169028569402011
4e7575e9-5084-4a89-b2e3-7842749d6912,2026-05-17 17:00:00+00:00,325.0,29.8,15.1,41.0,1017.9,0.0,0,0.21196062278392241,-4.044449615756024,0.29360471452291476,-5.60231168997316
4e7575e9-5084-4a89-b2e3-7842749d6912,2026-05-17 18:00:00+00:00,167.5,30.9,12.9,33.0,1017.1,0.0,0,0.32646029712250746,-4.668599755215977,0.5769710169894973,-6.594808901367355
4e7575e9-5084-4a89-b2e3-7842749d6912,2026-05-17 19:00:00+00:00,0.0,31.5,10.8,28.0,1016.3,0.0,0,0.17100753384225562,-4.897015052393569,0.25127637625800825,-7.19561395453749
4e7575e9-5084-4a89-b2e3-7842749d6912,2026-05-17 20:00:00+00:00,0.0,31.4,10.7,28.0,1015.9,0.0,0,0.6610722295603103,-4.703773326522459,0.2547663259282583,-7.295553037239399
4e7575e9-5084-4a89-b2e3-7842749d6912,2026-05-17 21:00:00+00:00,0.0,31.1,11.0,29.0,1015.6,0.0,0,0.6179285682626902,-4.396790225212573,-0.2516253712250315,-7.20560786280768
4e7575e9-5084-4a89-b2e3-7842749d6912,2026-05-17 22:00:00+00:00,0.0,30.6,11.0,30.0,1015.3,0.0,0,0.9222993228098473,-3.994917265619464,-0.8469919366657738,-6.8981957539071885
4e7575e9-5084-4a89-b2e3-7842749d6912,2026-05-17 23:00:00+00:00,0.0,29.4,11.9,34.0,1015.7,0.0,0,0.5709857973968431,-3.6050624431722524,0.5159619970661365,-5.897472612703133
4e7575e9-5084-4a89-b2e3-7842749d6912,2026-05-18 00:00:00+00:00,200.0,28.8,14.3,41.0,1017.1,0.0,0,0.3677972343951176,-4.203941625947166,0.7348350967716057,-6.991488924438961
4e7575e9-5084-4a89-b2e3-7842749d6912,2026-05-18 01:00:00+00:00,30.0,26.3,13.4,45.0,1017.2,0.0,0,0.1820643964721676,-2.6036421711781412,7.59281015471359e-16,-6.2
4e7575e9-5084-4a89-b2e3-7842749d6912,2026-05-18 02:00:00+00:00,0.0,24.7,13.2,49.0,1017.6,0.0,0,0.48656293821018964,-2.503149317791543,-0.45481220881169676,-6.504117607694053
4e7575e9-5084-4a89-b2e3-7842749d6912,2026-05-18 03:00:00+00:00,10.0,23.5,13.4,53.0,1018.0,0.0,0,0.5781242096637336,-2.5041310664980543,-0.43318770195101797,-6.1948727521135085
4e7575e9-5084-4a89-b2e3-7842749d6912,2026-05-18 04:00:00+00:00,0.0,22.8,13.5,56.0,1018.8,0.0,0,1.117846424312147,-2.291924818062876,-0.8072018396075906,-5.096471837470911
9ce470ad-5dc6-4721-be05-d33a55fa96ef,2026-04-20 00:00:00+00:00,90.0,9.5,2.6,62.0,1017.1,0.0,0,-2.325608679514165,3.5811233251269603,-3.353539272936445,6.875774454188626
9ce470ad-5dc6-4721-be05-d33a55fa96ef,2026-04-20 01:00:00+00:00,60.0,7.5,3.6,76.0,1018.6,0.0,0,-0.8983322591116628,0.7018540818712506,-3.6291619435251454,5.380453845882222
9ce470ad-5dc6-4721-be05-d33a55fa96ef,2026-04-20 02:00:00+00:00,40.0,6.6,2.6,76.0,1019.6,0.0,0,-2.6942229581241775e-16,1.1,0.34250428608365524,4.898039486775737
9ce470ad-5dc6-4721-be05-d33a55fa96ef,2026-04-20 03:00:00+00:00,0.0,5.3,2.8,84.0,1020.0,0.0,0,0.3993177550236464,0.3009075115760242,0.2847107263732202,1.7975927798831508
9ce470ad-5dc6-4721-be05-d33a55fa96ef,2026-04-20 04:00:00+00:00,0.0,4.1,2.1,87.0,1020.2,0.0,0,0.689093389542498,-2.4031542398457972,0.20299133859540527,-2.9029113862560885
9ce470ad-5dc6-4721-be05-d33a55fa96ef,2026-04-20 05:00:00+00:00,0.0,3.7,1.4,85.0,1020.6,0.0,0,0.40334868018645303,-1.897606345423583,-0.407777185812992,-2.901485441412801
9ce470ad-5dc6-4721-be05-d33a55fa96ef,2026-04-20 06:00:00+00:00,0.0,3.1,-1.4,72.0,1020.3,0.0,0,0.4033486801864531,1.897606345423583,-1.2802532092655223,2.512638398211197
9ce470ad-5dc6-4721-be05-d33a55fa96ef,2026-04-20 07:00:00+00:00,0.0,2.3,0.4,87.0,1019.7,0.0,0,2.210780007495094,-0.9843026762434366,0.298453526119815,0.20130944524946884
9ce470ad-5dc6-4721-be05-d33a55fa96ef,2026-04-20 08:00:00+00:00,0.0,2.0,-0.9,81.0,1020.0,0.0,0,-0.4040515447681965,-0.7929958065276475,-1.0958141679009201,-0.09587131702242409
9ce470ad-5dc6-4721-be05-d33a55fa96ef,2026-04-20 09:00:00+00:00,0.0,2.0,-1.8,76.0,1020.1,0.0,0,6.123233995736766e-17,-0.5,0.4009529358847655,0.20429572488279607
9ce470ad-5dc6-4721-be05-d33a55fa96ef,2026-04-20 10:00:00+00:00,0.0,1.3,-1.1,84.0,1020.2,0.0,0,-0.8980256121069153,-0.8980256121069156,-2.7044679458702574,-2.1900349608534357
9ce470ad-5dc6-4721-be05-d33a55fa96ef,2026-04-20 11:00:00+00:00,0.0,1.8,0.2,89.0,1021.0,0.0,0,-0.9027225347280725,-1.1979532650709392,-1.9172571024668323,-1.9853778489346767
9ce470ad-5dc6-4721-be05-d33a55fa96ef,2026-04-20 12:00:00+00:00,0.0,5.3,1.6,77.0,1021.3,0.0,0,-0.09987790994270027,-0.19602143532144095,-0.4001635676910323,-1.0994403663195127
9ce470ad-5dc6-4721-be05-d33a55fa96ef,2026-04-20 13:00:00+00:00,60.0,7.4,3.4,76.0,1021.6,0.0,0,-3.0053385914926856,0.9764937022248333,-4.096511197405657,1.9102345430679621
9ce470ad-5dc6-4721-be05-d33a55fa96ef,2026-04-20 14:00:00+00:00,60.0,8.3,2.1,65.0,1022.0,0.0,0,-2.278139815600413,2.8132683804742333,-3.210642750108158,2.9939728006743684
9ce470ad-5dc6-4721-be05-d33a55fa96ef,2026-04-20 15:00:00+00:00,70.0,8.6,3.0,68.0,1022.2,0.0,0,-0.3041736348254965,0.5969743712062064,-0.49812410837921267,0.7971652103870402
9ce470ad-5dc6-4721-be05-d33a55fa96ef,2026-04-20 16:00:00+00:00,140.0,9.5,1.4,57.0,1022.0,0.0,0,-1.3965896703637537,-0.09765906324177581,-1.893214619526574,0.5072853284009398
9ce470ad-5dc6-4721-be05-d33a55fa96ef,2026-04-20 17:00:00+00:00,150.0,9.5,1.4,57.0,1021.7,0.0,0,-1.6162537559112753,2.5865466932770986,-2.1042712032070545,2.8962808398623117
9ce470ad-5dc6-4721-be05-d33a55fa96ef,2026-04-20 18:00:00+00:00,100.0,10.3,1.6,55.0,1021.7,0.0,0,-2.9985501766385982,2.796193276256244,-3.71179336974744,3.584437191568426
9ce470ad-5dc6-4721-be05-d33a55fa96ef,2026-04-20 19:00:00+00:00,110.0,10.1,2.0,57.0,1021.6,0.0,0,-0.8012711868593263,1.7996845515559239,-1.1923183445247112,1.908108216351958
9ce470ad-5dc6-4721-be05-d33a55fa96ef,2026-04-20 20:00:00+00:00,60.0,10.1,-0.2,49.0,1021.3,0.0,0,-3.7168910623406157,3.9858776738244805,-4.7842838354658355,5.313485502163369
9ce470ad-5dc6-4721-be05-d33a55fa96ef,2026-04-20 21:00:00+00:00,50.0,11.8,-4.8,31.0,1021.5,0.0,0,-5.09680706456217,3.7030470894425793,-7.635436043231934,5.150166640965581
9ce470ad-5dc6-4721-be05-d33a55fa96ef,2026-04-20 22:00:00+00:00,90.0,10.8,-2.6,39.0,1022.4,0.0,0,-2.8200000000000025,4.884383277344232,-5.058944168616231,7.224921030628906
9ce470ad-5dc6-4721-be05-d33a55fa96ef,2026-04-20 23:00:00+00:00,70.0,9.8,-4.9,35.0,1023.2,0.0,0,-0.8003271353820645,2.1988807326390254,-1.0033199751738762,3.4989925732154807
9ce470ad-5dc6-4721-be05-d33a55fa96ef,2026-04-21 00:00:00+00:00,30.0,9.1,-5.6,35.0,1024.0,0.0,0,-1.9067864168765956,1.286143677982718,-5.057112936941502,5.236793746465379
9ce470ad-5dc6-4721-be05-d33a55fa96ef,2026-04-21 01:00:00+00:00,0.0,6.9,-7.2,36.0,1025.6,0.0,0,-0.5817213951842168,3.299105972590897,-0.9839538237876658,7.001195246002902
9ce470ad-5dc6-4721-be05-d33a55fa96ef,2026-04-21 02:00:00+00:00,0.0,5.4,-6.2,43.0,1026.5,0.0,0,-0.48656293821018887,2.503149317791543,-0.988058130924834,5.603556114639464
9ce470ad-5dc6-4721-be05-d33a55fa96ef,2026-04-21 03:00:00+00:00,0.0,4.5,-8.0,40.0,1026.7,0.0,0,0.3892503505681514,2.0025194542332345,1.65482384873069,5.412684918750781
9ce470ad-5dc6-4721-be05-d33a55fa96ef,2026-04-21 04:00:00+00:00,0.0,3.0,-7.8,45.0,1027.4,0.0,0,0.39366434510176374,1.7051476133741617,1.622339220468474,4.993046710549556
9ce470ad-5dc6-4721-be05-d33a55fa96ef,2026-04-21 05:00:00+00:00,0.0,2.1,-5.8,56.0,1028.0,0.0,0,0.11161035799060048,1.596102480415719,0.6641879215580537,5.409376526445205
9ce470ad-5dc6-4721-be05-d33a55fa96ef,2026-04-21 06:00:00+00:00,0.0,1.0,-6.1,59.0,1027.8,0.0,0,-0.4921513381217182,1.1053900037475473,-0.41226075982778254,5.895603537035561
9ce470ad-5dc6-4721-be05-d33a55fa96ef,2026-04-21 07:00:00+00:00,0.0,-0.2,-6.6,62.0,1027.7,0.0,0,-0.20695496999635613,0.8964204596024163,0.557136709216593,5.300801702312897
9ce470ad-5dc6-4721-be05-d33a55fa96ef,2026-04-21 08:00:00+00:00,0.0,-0.5,-7.6,59.0,1027.9,0.0,0,-0.6950000000000006,1.2037753112603693,-0.8732291014345915,4.108219923081983
9ce470ad-5dc6-4721-be05-d33a55fa96ef,2026-04-21 09:00:00+00:00,0.0,-1.1,-7.7,61.0,1028.4,0.0,0,-0.6948179129231183,1.306762437431212,-1.1232746557449398,4.192118086094556
9ce470ad-5dc6-4721-be05-d33a55fa96ef,2026-04-21 10:00:00+00:00,0.0,-1.4,-7.1,65.0,1028.5,0.0,0,-0.29505371141687353,1.1011554419695377,1.3691527485923347,5.109747621069172
9ce470ad-5dc6-4721-be05-d33a55fa96ef,2026-04-21 11:00:00+00:00,0.0,-0.4,-6.4,64.0,1029.7,0.0,0,-4.653657836759942e-16,1.9,-1.3471114790620886e-15,5.5
9ce470ad-5dc6-4721-be05-d33a55fa96ef,2026-04-21 12:00:00+00:00,0.0,3.0,-3.6,62.0,1030.0,0.0,0,-0.6159893273439992,2.2989034665679826,-0.6220373249275356,3.200104618039384
9ce470ad-5dc6-4721-be05-d33a55fa96ef,2026-04-21 13:00:00+00:00,0.0,5.4,-4.8,48.0,1030.5,0.0,0,-0.08026884241575188,2.29859890214392,-0.40777718581299305,2.901485441412801
9ce470ad-5dc6-4721-be05-d33a55fa96ef,2026-04-21 14:00:00+00:00,0.0,6.7,-5.3,42.0,1030.2,0.0,0,-1.0065472262473438,1.4922676305990754,-1.086730338060215,1.8086230044814564
9ce470ad-5dc6-4721-be05-d33a55fa96ef,2026-04-21 15:00:00+00:00,0.0,8.2,-7.1,33.0,1029.6,0.0,0,-2.004499380270552,0.6902044874491714,-2.393312618976345,1.015900934072111
9ce470ad-5dc6-4721-be05-d33a55fa96ef,2026-04-21 16:00:00+00:00,0.0,9.2,-5.8,34.0,1029.1,0.0,0,-1.997199810635922,1.2000387145404263,-2.407550622520739,1.3900000000000001
9ce470ad-5dc6-4721-be05-d33a55fa96ef,2026-04-21 17:00:00+00:00,0.0,10.6,-7.7,27.0,1028.3,0.0,0,-2.39853798484583,-0.08375879208600183,-2.8,-5.143516556418883e-16
9ce470ad-5dc6-4721-be05-d33a55fa96ef,2026-04-21 18:00:00+00:00,0.0,11.6,-6.8,27.0,1026.9,0.0,0,-1.6065919900178993,-0.4911844639341983,-1.8932146195265738,-0.5072853284009404
9ce470ad-5dc6-4721-be05-d33a55fa96ef,2026-04-21 19:00:00+00:00,0.0,12.6,-7.0,25.0,1026.0,0.0,0,-2.100682172578001,-0.4083312501058055,-2.5041310664980543,-0.5781242096637337
9ce470ad-5dc6-4721-be05-d33a55fa96ef,2026-04-21 20:00:00+00:00,0.0,13.2,-7.0,24.0,1024.9,0.0,0,-1.9069860237282674,-1.4899007702880924,-1.9894936613298446,-1.611060201087585
9ce470ad-5dc6-4721-be05-d33a55fa96ef,2026-04-21 21:00:00+00:00,0.0,13.3,-6.9,24.0,1024.2,0.0,0,-1.6016646065459832,-1.493576408536872,-1.8997902189350653,-1.5941132720226179
9ce470ad-5dc6-4721-be05-d33a55fa96ef,2026-04-21 22:00:00+00:00,0.0,12.6,-6.4,26.0,1023.8,0.0,0,-0.9987078177074541,-1.8017165967071556,-1.3830892796486645,-2.213405530968272
9ce470ad-5dc6-4721-be05-d33a55fa96ef,2026-04-21 23:00:00+00:00,0.0,12.2,-7.3,25.0,1023.6,0.0,0,-0.2083965772228019,-1.6972539193066607,-0.6902044874491724,-2.0044993802705515
9ce470ad-5dc6-4721-be05-d33a55fa96ef,2026-04-22 00:00:00+00:00,0.0,10.1,-4.7,35.0,1023.9,0.0,0,2.598076211353316,-1.4999999999999993,4.889124162909223,-2.710085777177024
9ce470ad-5dc6-4721-be05-d33a55fa96ef,2026-04-22 01:00:00+00:00,0.0,9.2,-0.1,52.0,1024.5,0.0,0,0.794386296875462,-2.307065324462333,1.491198094969966,-5.200425775026305
9ce470ad-5dc6-4721-be05-d33a55fa96ef,2026-04-22 02:00:00+00:00,0.0,8.2,-1.1,52.0,1024.5,0.0,0,1.411555092660829,-2.894116829083318,2.802415470792265,-6.2943282031575185
9ce470ad-5dc6-4721-be05-d33a55fa96ef,2026-04-22 03:00:00+00:00,0.0,8.0,0.7,60.0,1024.7,0.0,0,1.1053659341616486,-1.994132932277822,2.5145786573571622,-5.392531332868067
9ce470ad-5dc6-4721-be05-d33a55fa96ef,2026-04-22 04:00:00+00:00,0.0,8.3,0.7,59.0,1024.3,0.0,0,1.2923927472848973,-3.198784298255416,2.655960747318818,-6.573733528878522
9ce470ad-5dc6-4721-be05-d33a55fa96ef,2026-04-22 05:00:00+00:00,0.0,8.3,2.1,65.0,1023.7,0.0,0,2.512706081033643,-2.8905376922532167,4.745075748515774,-5.859680549385561
9ce470ad-5dc6-4721-be05-d33a55fa96ef,2026-04-22 06:00:00+00:00,0.0,8.0,2.6,69.0,1022.8,0.0,0,2.480453764674237,-3.4140517162622777,4.438808135372473,-6.8351651287552055
9ce470ad-5dc6-4721-be05-d33a55fa96ef,2026-04-22 07:00:00+00:00,0.0,7.7,3.2,73.0,1021.7,0.0,0,2.8916730466649936,-3.100939694865283,5.279998080908136,-6.520254616623986
9ce470ad-5dc6-4721-be05-d33a55fa96ef,2026-04-22 08:00:00+00:00,0.0,7.9,3.0,71.0,1021.2,0.0,0,2.700713505847494,-2.896160658411915,5.200151762364104,-6.197299544832531
9ce470ad-5dc6-4721-be05-d33a55fa96ef,2026-04-22 09:00:00+00:00,0.0,8.7,4.1,73.0,1020.8,0.0,0,3.1717747708911803,-3.9168156457431333,5.638710703806543,-6.96322781465446
9ce470ad-5dc6-4721-be05-d33a55fa96ef,2026-04-22 10:00:00+00:00,0.0,8.7,4.3,74.0,1020.4,0.0,0,2.512706081033643,-2.8905376922532167,5.009390312756706,-6.186081853197488
9ce470ad-5dc6-4721-be05-d33a55fa96ef,2026-04-22 11:00:00+00:00,0.0,9.1,4.5,73.0,1019.6,0.0,0,2.5122647912175813,-3.5878859539857846,4.9256404142109265,-6.7795624128620595
9ce470ad-5dc6-4721-be05-d33a55fa96ef,2026-04-22 12:00:00+00:00,0.0,9.9,6.1,77.0,1019.4,0.0,0,2.0946937118403723,-4.704759106859394,3.042543891639599,-7.926097820961243
9ce470ad-5dc6-4721-be05-d33a55fa96ef,2026-04-22 13:00:00+00:00,0.0,11.4,7.1,75.0,1019.2,0.0,0,1.6810658215564733,-2.313788603912349,2.101355345633022,-3.4972425868646178
9ce470ad-5dc6-4721-be05-d33a55fa96ef,2026-04-22 14:00:00+00:00,0.0,13.1,7.8,70.0,1018.6,0.0,0,2.3970919882223964,-2.397091988222396,2.7032876496897877,-3.0023050949286723
9ce470ad-5dc6-4721-be05-d33a55fa96ef,2026-04-22 15:00:00+00:00,0.0,13.5,9.6,77.0,1018.3,0.0,0,2.784878351022029,-2.4208578169749715,3.47921116482698,-3.024432123646238
9ce470ad-5dc6-4721-be05-d33a55fa96ef,2026-04-22 16:00:00+00:00,0.0,14.3,10.7,79.0,1017.8,0.0,0,2.9939775766782772,-3.100354539459587,3.5999226622106577,-3.9981191610683804
9ce470ad-5dc6-4721-be05-d33a55fa96ef,2026-04-22 17:00:00+00:00,0.0,13.5,11.4,87.0,1017.0,0.0,0,1.8932146195265738,-0.5072853284009409,1.9032463527769652,-0.8874983496554686
9ce470ad-5dc6-4721-be05-d33a55fa96ef,2026-04-22 18:00:00+00:00,0.0,13.5,10.3,81.0,1016.8,0.0,0,1.596422529310215,-0.6128091937224635,1.5010109078601757,-0.7981016567360145
9ce470ad-5dc6-4721-be05-d33a55fa96ef,2026-04-22 19:00:00+00:00,0.0,15.2,11.8,80.0,1015.8,0.0,0,0.9035036904803958,0.29356614465620007,0.8964204596024165,0.20695496999635574
9ce470ad-5dc6-4721-be05-d33a55fa96ef,2026-04-22 20:00:00+00:00,0.0,16.5,12.0,75.0,1015.2,0.0,0,0.6035743066712668,0.6943328138049503,0.5054953169715269,0.6957546151624548
9ce470ad-5dc6-4721-be05-d33a55fa96ef,2026-04-22 21:00:00+00:00,0.0,16.9,11.6,71.0,1014.8,0.0,0,0.4033486801864531,1.897606345423583,0.1891965185144528,1.8000846306165748
9ce470ad-5dc6-4721-be05-d33a55fa96ef,2026-04-22 22:00:00+00:00,0.0,16.9,11.2,69.0,1014.7,0.0,0,0.9970046034746988,1.1072857899613173,1.2071486133425335,1.3886656276099005
9ce470ad-5dc6-4721-be05-d33a55fa96ef,2026-04-22 23:00:00+00:00,0.0,16.5,9.9,65.0,1014.3,0.0,0,1.501889590674926,0.29193776292611373,2.196940552641805,0.7138292570061286
9ce470ad-5dc6-4721-be05-d33a55fa96ef,2026-04-23 00:00:00+00:00,0.0,14.5,8.5,67.0,1014.3,0.0,0,1.596102480415719,0.11161035799060037,2.5041310664980543,-0.5781242096637331
9ce470ad-5dc6-4721-be05-d33a55fa96ef,2026-04-23 01:00:00+00:00,0.0,12.7,9.1,79.0,1014.8,0.0,0,1.8018102231395994,-0.6916501426224295,4.500571431265791,-0.7935721719378716
9ce470ad-5dc6-4721-be05-d33a55fa96ef,2026-04-23 02:00:00+00:00,0.0,11.4,8.6,83.0,1014.8,0.0,0,0.6018150231520483,0.7986355100472928,3.8985258298436314,-0.4097515760092019
9ce470ad-5dc6-4721-be05-d33a55fa96ef,2026-04-23 03:00:00+00:00,0.0,10.7,8.1,84.0,1014.7,0.0,0,2.098751065871564,-0.8908669729555443,5.0115709219087385,-2.7779591240115113
9ce470ad-5dc6-4721-be05-d33a55fa96ef,2026-04-23 04:00:00+00:00,0.0,9.9,9.2,95.0,1014.6,0.0,0,1.5949016782971783,0.8126429945337887,4.391882727294787,0.93352349177174
9ce470ad-5dc6-4721-be05-d33a55fa96ef,2026-04-23 05:00:00+00:00,0.0,10.0,7.9,87.0,1015.0,0.0,0,1.8950193049673552,1.7062830462150884,2.9996469674121755,2.8967254048140183
9ce470ad-5dc6-4721-be05-d33a55fa96ef,2026-04-23 06:00:00+00:00,0.0,8.8,7.4,91.0,1014.6,0.0,0,1.71153890140533,2.1906698950266867,3.362131643112946,4.627577207824699
9ce470ad-5dc6-4721-be05-d33a55fa96ef,2026-04-23 07:00:00+00:00,0.0,8.0,6.8,92.0,1014.3,0.0,0,1.998676939962744,0.6110568628705199,4.896280350530741,1.4969431281804122
9ce470ad-5dc6-4721-be05-d33a55fa96ef,2026-04-23 08:00:00+00:00,0.0,7.3,5.6,89.0,1014.3,0.0,0,0.7990306627407987,0.7990306627407987,3.0010597995385244,0.6928492473791039
9ce470ad-5dc6-4721-be05-d33a55fa96ef,2026-04-23 09:00:00+00:00,0.0,6.5,5.2,91.0,1014.7,0.0,0,-0.40457512088918535,1.0013585629321304,1.1966563094881726,0.5079504670360558
9ce470ad-5dc6-4721-be05-d33a55fa96ef,2026-04-23 10:00:00+00:00,0.0,6.5,4.8,89.0,1014.7,0.0,0,-0.39860191021428415,0.895274548489749,0.28273687669994213,2.302707071807867
9ce470ad-5dc6-4721-be05-d33a55fa96ef,2026-04-23 11:00:00+00:00,0.0,7.1,5.9,92.0,1014.9,0.0,0,-0.49812410837921267,0.7971652103870402,0.19085004734908165,1.204979775526068
9ce470ad-5dc6-4721-be05-d33a55fa96ef,2026-04-23 12:00:00+00:00,0.0,9.9,9.0,94.0,1015.3,0.0,0,-0.30433808521444916,-0.09888543819998322,-0.8039623828294709,0.09871416815816964
9ce470ad-5dc6-4721-be05-d33a55fa96ef,2026-04-23 13:00:00+00:00,0.0,13.0,10.0,82.0,1015.6,0.0,0,-1.1053900037475473,0.4921513381217177,-1.3921931427894043,0.9041007981249441
9ce470ad-5dc6-4721-be05-d33a55fa96ef,2026-04-23 14:00:00+00:00,0.0,16.4,9.5,64.0,1015.4,0.0,0,-0.8049061246879042,1.896239998112027,-1.0159009340721121,2.3933126189763447
9ce470ad-5dc6-4721-be05-d33a55fa96ef,2026-04-23 15:00:00+00:00,0.0,19.2,7.3,46.0,1015.2,0.0,0,-1.492120245997384,1.208295150815688,-1.9161466982422264,1.7868357033637463
9ce470ad-5dc6-4721-be05-d33a55fa96ef,2026-04-23 16:00:00+00:00,0.0,21.1,7.0,40.0,1014.5,0.0,0,-1.3921931427894043,0.9041007981249441,-1.589154965920644,1.1127382865210294
9ce470ad-5dc6-4721-be05-d33a55fa96ef,2026-04-23 17:00:00+00:00,0.0,22.0,10.1,47.0,1013.7,0.0,0,-2.213405530968272,1.3830892796486642,-2.792772991258263,1.8136479866000388
9ce470ad-5dc6-4721-be05-d33a55fa96ef,2026-04-23 18:00:00+00:00,0.0,23.9,9.9,41.0,1013.0,0.0,0,-3.098111563759197,-0.10818843977775236,-3.900475436515913,-0.27274781233953105
9ce470ad-5dc6-4721-be05-d33a55fa96ef,2026-04-23 19:00:00+00:00,50.0,24.7,10.5,41.0,1012.2,0.0,0,-2.803154981230106,-0.19601569122099288,-3.3979288118649253,0.11865828878850436
9ce470ad-5dc6-4721-be05-d33a55fa96ef,2026-04-23 20:00:00+00:00,0.0,24.8,7.0,32.0,1011.4,0.0,0,-3.698537204639321,2.4018581444162677,-4.986522805399785,3.1159252736912433
9ce470ad-5dc6-4721-be05-d33a55fa96ef,2026-04-23 21:00:00+00:00,0.0,25.0,5.2,28.0,1010.7,0.0,0,-4.003947933602597,1.3009615463185278,-5.111927857075342,1.8605895796916394
9ce470ad-5dc6-4721-be05-d33a55fa96ef,2026-04-23 22:00:00+00:00,0.0,24.3,6.6,32.0,1010.4,0.0,0,-3.5946730895319003,0.5051983564850376,-4.4958170320867294,0.6318458783586972
9ce470ad-5dc6-4721-be05-d33a55fa96ef,2026-04-23 23:00:00+00:00,0.0,23.6,5.0,30.0,1010.0,0.0,0,-1.4992750883192991,1.398096638128122,-3.685819393019083,2.2146637221132326
9ce470ad-5dc6-4721-be05-d33a55fa96ef,2026-04-24 00:00:00+00:00,0.0,21.1,5.0,35.0,1010.1,0.0,0,-0.6892761318852781,-1.7060182924028888,-0.806327886476926,-2.100555959618704
9ce470ad-5dc6-4721-be05-d33a55fa96ef,2026-04-24 01:00:00+00:00,0.0,18.3,8.3,52.0,1010.6,0.0,0,-1.015799825677236,-2.790887083734148,-1.4306887056269812,-6.196993612034096
9ce470ad-5dc6-4721-be05-d33a55fa96ef,2026-04-24 02:00:00+00:00,0.0,17.4,9.8,61.0,1011.1,0.0,0,-0.40243053949281854,-1.4034420760699455,-3.585000000000001,-6.209402145134424
9ce470ad-5dc6-4721-be05-d33a55fa96ef,2026-04-24 03:00:00+00:00,0.0,15.4,9.3,67.0,1010.9,0.0,0,-0.5013743355555006,-0.5975146656328029,-2.480453764674236,-3.414051716262278
9ce470ad-5dc6-4721-be05-d33a55fa96ef,2026-04-24 04:00:00+00:00,0.0,13.5,8.9,74.0,1010.9,0.0,0,-1.1966563094881724,-0.507950467036056,-4.784268689564622,-1.9329700220261075
9ce470ad-5dc6-4721-be05-d33a55fa96ef,2026-04-24 05:00:00+00:00,0.0,12.9,8.9,77.0,1010.4,0.0,0,-0.5096100135552463,1.4001420049710036,-2.4908515867979104,1.6175779339946292
9ce470ad-5dc6-4721-be05-d33a55fa96ef,2026-04-24 06:00:00+00:00,0.0,12.3,6.5,68.0,1009.7,0.0,0,0.09987790994270031,-0.19602143532144092,-0.20996698596981814,3.0026677912820707
9ce470ad-5dc6-4721-be05-d33a55fa96ef,2026-04-24 07:00:00+00:00,0.0,11.5,6.0,69.0,1009.0,0.0,0,0.7981016567360143,1.5010109078601759,2.293591724232037,5.403363489765825
9ce470ad-5dc6-4721-be05-d33a55fa96ef,2026-04-24 08:00:00+00:00,0.0,10.3,7.3,82.0,1008.6,0.0,0,0.09943831686159328,1.8973961160336903,3.1946544201421,3.8072408823013206
9ce470ad-5dc6-4721-be05-d33a55fa96ef,2026-04-24 09:00:00+00:00,0.0,9.9,5.6,75.0,1008.7,0.0,0,-9.797174393178826e-17,0.4,0.38522838294464906,4.403180565565515
9ce470ad-5dc6-4721-be05-d33a55fa96ef,2026-04-24 10:00:00+00:00,0.0,9.6,4.4,70.0,1008.8,0.0,0,1.0076917362888034,2.4941245687846583,2.0678283956558343,5.1180548772086665
9ce470ad-5dc6-4721-be05-d33a55fa96ef,2026-04-24 11:00:00+00:00,0.0,9.5,6.2,80.0,1009.5,0.0,0,-0.10452846326765342,0.9945218953682733,0.06806438510540569,3.899406011109926
9ce470ad-5dc6-4721-be05-d33a55fa96ef,2026-04-24 12:00:00+00:00,0.0,14.0,7.8,66.0,1009.5,0.0,0,0.29731371786939587,1.398751069049342,0.2949238110404569,2.4019616869719993
9ce470ad-5dc6-4721-be05-d33a55fa96ef,2026-04-24 13:00:00+00:00,0.0,17.4,5.0,44.0,1009.9,0.0,0,0.8806984339686001,2.7105110714411875,0.975756239592177,3.402866403621649
9ce470ad-5dc6-4721-be05-d33a55fa96ef,2026-04-24 14:00:00+00:00,0.0,20.0,3.2,33.0,1010.0,0.0,0,0.29720108276951435,3.3970239204928525,0.2145774205960697,4.0943810924937525
9ce470ad-5dc6-4721-be05-d33a55fa96ef,2026-04-24 15:00:00+00:00,0.0,20.8,3.5,32.0,1009.8,0.0,0,0.6008894356810582,2.095550497145535,0.5105256423407751,2.8953347938558913
9ce470ad-5dc6-4721-be05-d33a55fa96ef,2026-04-24 16:00:00+00:00,0.0,22.1,4.2,31.0,1009.4,0.0,0,-0.5083893828171356,2.202076346414631,-0.7790453257585872,2.9074367371300953
9ce470ad-5dc6-4721-be05-d33a55fa96ef,2026-04-24 17:00:00+00:00,0.0,22.6,3.6,29.0,1008.7,0.0,0,-0.8920497012532599,1.6093002611364884,-1.105365934161648,1.9941329322778223
9ce470ad-5dc6-4721-be05-d33a55fa96ef,2026-04-24 18:00:00+00:00,0.0,23.4,6.2,33.0,1008.6,0.0,0,-4.898587196589413e-17,0.2,-0.09987790994270034,0.19602143532144092
9ce470ad-5dc6-4721-be05-d33a55fa96ef,2026-04-24 19:00:00+00:00,0.0,22.2,6.8,37.0,1008.5,0.0,0,1.6093002611364882,0.8920497012532603,1.6952593782891396,0.9013854005489104
9ce470ad-5dc6-4721-be05-d33a55fa96ef,2026-04-24 20:00:00+00:00,0.0,21.2,8.8,45.0,1008.4,0.0,0,2.4142741946212447,-2.5889921037318633,3.5001785668734104,-3.50017856687341
9ce470ad-5dc6-4721-be05-d33a55fa96ef,2026-04-24 21:00:00+00:00,0.0,19.8,7.5,45.0,1008.7,0.0,0,4.601982801063256,-3.5954630159018444,5.326952694381441,-4.1618715732014495
9ce470ad-5dc6-4721-be05-d33a55fa96ef,2026-04-24 22:00:00+00:00,0.0,17.3,4.9,44.0,1009.0,0.0,0,4.58516117259613,-3.71299030719404,6.411791988905845,-5.380132293076334
9ce470ad-5dc6-4721-be05-d33a55fa96ef,2026-04-24 23:00:00+00:00,0.0,15.7,3.5,44.0,1009.5,0.0,0,3.2031937187750605,-3.20319371877506,5.0571129369414995,-5.2367937464653815
9ce470ad-5dc6-4721-be05-d33a55fa96ef,2026-04-25 00:00:00+00:00,0.0,13.6,5.0,56.0,1010.2,0.0,0,4.405142597293024,-1.0983254060224918,7.50239209762829,-1.5946826685722142
9ce470ad-5dc6-4721-be05-d33a55fa96ef,2026-04-25 01:00:00+00:00,0.0,12.9,4.3,56.0,1011.3,0.0,0,3.0915887223856386,-1.1252462715414502,5.198073653986399,-2.3143314991013035
9ce470ad-5dc6-4721-be05-d33a55fa96ef,2026-04-25 02:00:00+00:00,0.0,11.5,6.2,70.0,1012.0,0.0,0,2.790887083734148,-1.015799825677236,4.611887306896177,-1.7703376707537835
9ce470ad-5dc6-4721-be05-d33a55fa96ef,2026-04-25 03:00:00+00:00,0.0,11.2,6.6,73.0,1012.6,0.0,0,2.2070945305377974,-1.7872699105815377,4.292356712074317,-3.005540526479482
9ce470ad-5dc6-4721-be05-d33a55fa96ef,2026-04-25 04:00:00+00:00,0.0,10.1,6.8,80.0,1012.5,0.0,0,2.9848718560310323,-1.5208681741274817,6.199145263330686,-2.890708910306383
9ce470ad-5dc6-4721-be05-d33a55fa96ef,2026-04-25 05:00:00+00:00,0.0,9.8,6.0,77.0,1013.3,0.0,0,1.9032463527769652,-0.8874983496554686,5.111927857075342,-1.8605895796916379
9ce470ad-5dc6-4721-be05-d33a55fa96ef,2026-04-25 06:00:00+00:00,0.0,9.8,4.2,68.0,1012.9,0.0,0,2.1983951126062866,-0.30896428413134513,5.412684918750782,-1.6548238487306894
9ce470ad-5dc6-4721-be05-d33a55fa96ef,2026-04-25 07:00:00+00:00,0.0,9.9,5.7,75.0,1013.0,0.0,0,2.9029113862560885,0.20299133859540444,6.4,3.9188697572715305e-16
9ce470ad-5dc6-4721-be05-d33a55fa96ef,2026-04-25 08:00:00+00:00,0.0,10.5,6.0,74.0,1012.9,0.0,0,3.899406011109926,0.06806438510540604,6.8,4.1637991171010006e-16
9ce470ad-5dc6-4721-be05-d33a55fa96ef,2026-04-25 09:00:00+00:00,0.0,9.7,5.5,75.0,1013.1,0.0,0,3.6996098483881474,1.2020761081185456,7.112901472932217,1.642142696710214
9ce470ad-5dc6-4721-be05-d33a55fa96ef,2026-04-25 10:00:00+00:00,0.0,10.0,6.0,76.0,1013.5,0.0,0,4.59877027169779,0.32157734396041737,7.7,4.71489017671731e-16
9ce470ad-5dc6-4721-be05-d33a55fa96ef,2026-04-25 11:00:00+00:00,0.0,10.2,6.3,77.0,1013.8,0.0,0,5.003133969120415,-0.2622031407771486,7.999022573384136,-0.41921100950598017
9ce470ad-5dc6-4721-be05-d33a55fa96ef,2026-04-25 12:00:00+00:00,0.0,10.7,5.4,70.0,1014.9,0.0,0,4.588147674873074,1.2293904642369735,6.588307981414016,1.6426496711217435
9ce470ad-5dc6-4721-be05-d33a55fa96ef,2026-04-25 13:00:00+00:00,0.0,11.4,5.9,69.0,1015.1,0.0,0,5.4997060813865515,-0.5780424018701242,8.59544967321385,-1.0553885138885761
9ce470ad-5dc6-4721-be05-d33a55fa96ef,2026-04-25 14:00:00+00:00,0.0,11.1,6.9,75.0,1015.3,0.0,0,5.307040747382265,-0.3711044403187468,8.198682365295067,-0.7172917628132273
9ce470ad-5dc6-4721-be05-d33a55fa96ef,2026-04-25 15:00:00+00:00,0.0,12.4,6.4,67.0,1015.6,0.0,0,5.996344962114574,-0.20939698021500575,8.898271328317632,-0.622227745797598
9ce470ad-5dc6-4721-be05-d33a55fa96ef,2026-04-25 16:00:00+00:00,0.0,10.3,6.5,77.0,1015.8,0.0,0,5.298265711205679,0.9342271958480856,7.89650384922409,0.8299559983451685
9ce470ad-5dc6-4721-be05-d33a55fa96ef,2026-04-25 17:00:00+00:00,0.0,10.5,4.7,67.0,1015.5,0.0,0,5.3,3.245314017740486e-16,8.098766330766768,-0.14136449214199615
9ce470ad-5dc6-4721-be05-d33a55fa96ef,2026-04-25 18:00:00+00:00,0.0,9.7,4.3,69.0,1015.5,0.0,0,6.196223127518394,-0.21637687955550594,9.394273773979501,-0.328055269003509
9ce470ad-5dc6-4721-be05-d33a55fa96ef,2026-04-25 19:00:00+00:00,0.0,9.0,5.0,76.0,1015.7,0.0,0,5.002432604272263,0.6142214907619433,7.192525720222402,0.6292644626380918
9ce470ad-5dc6-4721-be05-d33a55fa96ef,2026-04-25 20:00:00+00:00,10.0,9.0,5.5,79.0,1015.0,0.0,0,5.602369792476596,1.5011504615946203,8.40881365909658,1.9413275989875545
9ce470ad-5dc6-4721-be05-d33a55fa96ef,2026-04-25 21:00:00+00:00,10.0,8.0,6.0,87.0,1014.7,0.0,0,4.698463103929542,1.7101007166283442,7.708088093786766,2.0653759799181155
9ce470ad-5dc6-4721-be05-d33a55fa96ef,2026-04-25 22:00:00+00:00,30.0,7.4,6.8,96.0,1014.9,1.1,0,3.9026085759450506,1.988478388859215,6.397508731494461,2.7155813430004523
9ce470ad-5dc6-4721-be05-d33a55fa96ef,2026-04-25 23:00:00+00:00,10.0,7.3,5.9,91.0,1014.8,6.5,0,4.8016584448022135,0.42009068004371225,8.098885526859593,0.42444460513027554
9ce470ad-5dc6-4721-be05-d33a55fa96ef,2026-04-26 00:00:00+00:00,0.0,6.9,5.9,93.0,1014.4,0.0,0,5.409376526445205,0.6641879215580538,9.005600070749379,0.7878879144388294
9ce470ad-5dc6-4721-be05-d33a55fa96ef,2026-04-26 01:00:00+00:00,10.0,6.9,5.7,92.0,1015.3,1.8,0,3.4892849800911026,1.6270803077016929,5.797903470249055,2.1102642843193764
9ce470ad-5dc6-4721-be05-d33a55fa96ef,2026-04-26 02:00:00+00:00,10.0,6.5,5.9,96.0,1015.9,0.7,0,2.7022210610854995,2.7982318233173533,4.864933718720637,3.9395456479719826
9ce470ad-5dc6-4721-be05-d33a55fa96ef,2026-04-26 03:00:00+00:00,0.0,6.4,5.8,96.0,1015.7,0.7,0,3.2031937187750605,3.2031937187750605,5.8755608787225615,4.930180966295757
9ce470ad-5dc6-4721-be05-d33a55fa96ef,2026-04-26 04:00:00+00:00,0.0,6.1,5.5,96.0,1015.9,0.4,0,2.1830427669543924,4.105706306794011,3.87900901418706,6.2077120638650385
9ce470ad-5dc6-4721-be05-d33a55fa96ef,2026-04-26 05:00:00+00:00,0.0,6.2,5.4,95.0,1015.9,0.0,0,2.7735968012149046,4.112026359873007,5.031173593551123,6.676592863995368
9ce470ad-5dc6-4721-be05-d33a55fa96ef,2026-04-26 06:00:00+00:00,0.0,6.0,5.2,95.0,1015.4,0.0,0,2.5404024100908065,4.5830072654104335,4.978643467527079,7.110239744428449
9ce470ad-5dc6-4721-be05-d33a55fa96ef,2026-04-26 07:00:00+00:00,0.0,6.0,5.2,95.0,1015.5,0.0,0,2.1830427669543924,4.105706306794011,4.438808135372471,6.835165128755206
9ce470ad-5dc6-4721-be05-d33a55fa96ef,2026-04-26 08:00:00+00:00,0.0,6.0,5.2,95.0,1015.3,0.0,0,2.9036591463248174,3.9965439522122406,5.4184485669391,6.691226728144519
9ce470ad-5dc6-4721-be05-d33a55fa96ef,2026-04-26 09:00:00+00:00,0.0,6.1,5.2,94.0,1015.7,0.0,0,2.407260092608193,3.1945420401891713,4.381213368546912,5.814066513144292
9ce470ad-5dc6-4721-be05-d33a55fa96ef,2026-04-26 10:00:00+00:00,10.0,5.9,5.2,95.0,1016.1,0.0,0,2.774346390820473,3.818560213449752,4.850629086605509,6.437002210981181
9ce470ad-5dc6-4721-be05-d33a55fa96ef,2026-04-26 11:00:00+00:00,10.0,5.9,5.3,96.0,1017.0,0.0,0,0.9717885547654969,4.209278679872217,2.2372830392746192,6.885649177976911
9ce470ad-5dc6-4721-be05-d33a55fa96ef,2026-04-26 12:00:00+00:00,30.0,6.1,5.4,95.0,1017.8,0.0,0,1.0395584540887968,4.8907380036690284,1.8434448444694682,7.3936534342230935
9ce470ad-5dc6-4721-be05-d33a55fa96ef,2026-04-26 13:00:00+00:00,10.0,6.0,5.1,94.0,1018.2,0.0,0,1.1787435247618527,5.105699139474633,2.2409317027922033,7.815057587978534
9ce470ad-5dc6-4721-be05-d33a55fa96ef,2026-04-26 14:00:00+00:00,20.0,6.7,5.6,93.0,1018.7,0.0,0,1.481335102780063,4.302109518976891,2.655960747318816,6.573733528878523
9ce470ad-5dc6-4721-be05-d33a55fa96ef,2026-04-26 15:00:00+00:00,20.0,6.8,5.6,92.0,1019.2,0.0,0,0.6020345564214286,4.903177989108131,1.0257057540756822,7.298275666625374
9ce470ad-5dc6-4721-be05-d33a55fa96ef,2026-04-26 16:00:00+00:00,20.0,7.2,6.4,95.0,1019.8,0.0,0,0.7618358447459244,4.810042218698321,1.3986299361100734,7.195327254671377
9ce470ad-5dc6-4721-be05-d33a55fa96ef,2026-04-26 17:00:00+00:00,20.0,8.8,6.3,84.0,1019.7,0.0,0,1.9974156354149086,3.6034331934143107,2.6665984766238595,5.0151423274387055
9ce470ad-5dc6-4721-be05-d33a55fa96ef,2026-04-26 18:00:00+00:00,20.0,9.8,6.8,82.0,1019.7,0.0,0,1.1252462715414502,3.0915887223856386,1.6348562850966966,4.491730727356643
9ce470ad-5dc6-4721-be05-d33a55fa96ef,2026-04-26 19:00:00+00:00,10.0,11.2,6.7,74.0,1019.8,0.0,0,2.2146637221132326,3.685819393019083,3.1149999999999998,5.395338265577053
9ce470ad-5dc6-4721-be05-d33a55fa96ef,2026-04-26 20:00:00+00:00,10.0,11.9,6.4,69.0,1019.5,0.0,0,2.079759023141496,3.9114578363650465,3.23443911043514,5.3830106484092655
9ce470ad-5dc6-4721-be05-d33a55fa96ef,2026-04-26 21:00:00+00:00,0.0,12.0,6.5,69.0,1019.7,0.0,0,2.5097539650299945,2.6913816219585476,3.299976915822252,3.796189188520543
9ce470ad-5dc6-4721-be05-d33a55fa96ef,2026-04-26 22:00:00+00:00,0.0,12.5,6.1,65.0,1020.1,0.0,0,2.513182902141831,2.184676566538389,3.51781130478821,3.2804121119006173
9ce470ad-5dc6-4721-be05-d33a55fa96ef,2026-04-26 23:00:00+00:00,0.0,11.6,6.1,69.0,1020.7,0.0,0,2.8940993221413254,1.1109406435904312,4.989767816373173,1.8161269610593014
9ce470ad-5dc6-4721-be05-d33a55fa96ef,2026-04-27 00:00:00+00:00,0.0,9.6,5.6,76.0,1021.2,0.0,0,2.598416150249649,0.09073869142650282,6.099070940453986,0.10645967926742994
9ce470ad-5dc6-4721-be05-d33a55fa96ef,2026-04-27 01:00:00+00:00,0.0,8.0,5.1,82.0,1022.2,0.0,0,1.8963616139426644,-0.30035417287724314,5.293273528064095,-1.4183283671618143
9ce470ad-5dc6-4721-be05-d33a55fa96ef,2026-04-27 02:00:00+00:00,0.0,7.0,3.6,79.0,1022.8,0.0,0,0.6995836886238547,0.296955657651848,2.210780007495094,0.9843026762434365
9ce470ad-5dc6-4721-be05-d33a55fa96ef,2026-04-27 03:00:00+00:00,0.0,6.0,3.0,81.0,1022.7,0.0,0,0.5991656052659468,0.1946807064562169,2.601568072976578,0.6006193150981193
9ce470ad-5dc6-4721-be05-d33a55fa96ef,2026-04-27 04:00:00+00:00,0.0,5.0,2.5,84.0,1022.8,0.0,0,0.7999921550361384,0.6954225707299377,3.707179406781123,0.7879853081993083
9ce470ad-5dc6-4721-be05-d33a55fa96ef,2026-04-27 05:00:00+00:00,0.0,4.2,2.0,86.0,1022.9,0.0,0,-1.388665627609901,1.207148613342533,0.39366434510176374,1.7051476133741617
9ce470ad-5dc6-4721-be05-d33a55fa96ef,2026-04-27 06:00:00+00:00,0.0,3.8,2.0,88.0,1022.3,0.0,0,-0.6068626813337781,1.5020378443981957,-1.3127489542050899,4.293808354274029
9ce470ad-5dc6-4721-be05-d33a55fa96ef,2026-04-27 07:00:00+00:00,0.0,3.4,1.8,89.0,1022.4,0.0,0,-0.29998315054358815,1.2031667005822355,-1.802590786212863,4.695909545280924
9ce470ad-5dc6-4721-be05-d33a55fa96ef,2026-04-27 08:00:00+00:00,0.0,3.4,1.3,86.0,1022.6,0.0,0,-0.49812410837921267,0.7971652103870402,-2.76617855929733,4.426811061936543
9ce470ad-5dc6-4721-be05-d33a55fa96ef,2026-04-27 09:00:00+00:00,0.0,3.1,1.0,86.0,1023.0,0.0,0,-0.6025945476447637,1.0028857418214712,-3.2351558679892602,4.981703173595819
9ce470ad-5dc6-4721-be05-d33a55fa96ef,2026-04-27 10:00:00+00:00,0.0,3.0,0.5,84.0,1022.8,0.0,0,-1.2246467991473532e-16,0.5,-2.2926520236847123,4.499582947151257
9ce470ad-5dc6-4721-be05-d33a55fa96ef,2026-04-27 11:00:00+00:00,0.0,3.5,2.4,93.0,1023.3,0.0,0,0.09987790994270028,0.19602143532144095,-0.5866292439008666,3.703831277231766
9ce470ad-5dc6-4721-be05-d33a55fa96ef,2026-04-27 12:00:00+00:00,0.0,7.8,6.2,90.0,1023.7,0.0,0,-0.5084693597082927,0.997927307090972,-0.6991542782830402,2.80415464893763
9ce470ad-5dc6-4721-be05-d33a55fa96ef,2026-04-27 13:00:00+00:00,0.0,11.1,7.4,78.0,1024.2,0.0,0,-0.7993879431177638,1.1002631123499285,-1.010990633943054,1.3915092303249095
9ce470ad-5dc6-4721-be05-d33a55fa96ef,2026-04-27 14:00:00+00:00,0.0,13.7,7.9,68.0,1024.7,0.0,0,-0.99936549403257,0.6997632523482762,-0.9947468306649226,0.805530100543792
9ce470ad-5dc6-4721-be05-d33a55fa96ef,2026-04-27 15:00:00+00:00,0.0,16.1,6.8,54.0,1024.7,0.0,0,0.8107764742768035,1.2975135871193317,1.0065472262473445,1.4922676305990752
9ce470ad-5dc6-4721-be05-d33a55fa96ef,2026-04-27 16:00:00+00:00,0.0,17.8,6.6,48.0,1024.4,0.0,0,1.3067624374312117,0.6948179129231185,1.297513587119332,0.8107764742768035
9ce470ad-5dc6-4721-be05-d33a55fa96ef,2026-04-27 17:00:00+00:00,0.0,19.0,6.2,43.0,1024.2,0.0,0,2.883415195897251,2.0189890559556822,3.4787730758122737,2.5274765848576344
9ce470ad-5dc6-4721-be05-d33a55fa96ef,2026-04-27 18:00:00+00:00,0.0,19.9,5.9,40.0,1023.9,0.0,0,2.9046812688540786,1.4800090291509225,3.3858247919157973,1.7251638990102778
9ce470ad-5dc6-4721-be05-d33a55fa96ef,2026-04-27 19:00:00+00:00,0.0,19.7,5.0,38.0,1023.2,0.0,0,4.491845998659935,1.0370243605252174,5.008262132996109,1.1562484193274656
9ce470ad-5dc6-4721-be05-d33a55fa96ef,2026-04-27 20:00:00+00:00,0.0,20.0,4.4,36.0,1023.5,0.0,0,2.8940993221413254,1.1109406435904312,3.4954831317167887,1.4122668571779882
9ce470ad-5dc6-4721-be05-d33a55fa96ef,2026-04-27 21:00:00+00:00,0.0,19.9,5.6,39.0,1023.5,0.0,0,2.6990050794551017,0.6231144205325059,2.797271535180508,0.8021047054274676
9ce470ad-5dc6-4721-be05-d33a55fa96ef,2026-04-27 22:00:00+00:00,0.0,19.3,4.2,37.0,1023.4,0.0,0,3.801451760786264,-0.4667595852417144,5.498994733466435,-0.4810996999670734
9ce470ad-5dc6-4721-be05-d33a55fa96ef,2026-04-27 23:00:00+00:00,0.0,17.3,3.5,40.0,1023.5,0.0,0,3.0915887223856386,-1.1252462715414502,4.989767816373173,-1.8161269610593007
9ce470ad-5dc6-4721-be05-d33a55fa96ef,2026-04-28 00:00:00+00:00,0.0,14.1,2.6,46.0,1024.1,0.0,0,2.310467182165625,-0.9807351325080772,5.015142327438705,-2.6665984766238604
9ce470ad-5dc6-4721-be05-d33a55fa96ef,2026-04-28 01:00:00+00:00,0.0,12.2,3.7,56.0,1024.7,0.0,0,1.6075314058745045,-1.3974057317497801,4.021733326374634,-3.3746349508543316
9ce470ad-5dc6-4721-be05-d33a55fa96ef,2026-04-28 02:00:00+00:00,0.0,10.5,3.8,63.0,1025.5,0.0,0,1.0015474094007573,-1.6028109017356449,2.691989862304681,-4.308084328474644
9ce470ad-5dc6-4721-be05-d33a55fa96ef,2026-04-28 03:00:00+00:00,0.0,9.5,2.1,60.0,1024.9,0.0,0,1.9988091961285528,-0.49835910493531566,4.421960520690165,-3.5808330250735745
9ce470ad-5dc6-4721-be05-d33a55fa96ef,2026-04-28 04:00:00+00:00,0.0,8.2,2.8,69.0,1024.5,0.0,0,0.6888950435031664,-1.1024625250033537,3.032971901829162,-4.174527690974728
9ce470ad-5dc6-4721-be05-d33a55fa96ef,2026-04-28 05:00:00+00:00,0.0,7.3,1.4,66.0,1024.1,0.0,0,-0.7000357133746822,0.7000357133746818,1.1917299418922849,-2.8075398030299428
9ce470ad-5dc6-4721-be05-d33a55fa96ef,2026-04-28 06:00:00+00:00,0.0,6.3,1.2,70.0,1023.6,0.0,0,0.3009075115760241,-0.39931775502364647,0.6110568628705194,-1.9986769399627442
9ce470ad-5dc6-4721-be05-d33a55fa96ef,2026-04-28 07:00:00+00:00,0.0,5.6,-0.2,66.0,1022.8,0.0,0,-0.7018540818712503,-0.898332259111663,-1.207148613342533,-1.3886656276099008
9ce470ad-5dc6-4721-be05-d33a55fa96ef,2026-04-28 08:00:00+00:00,0.0,4.5,0.3,74.0,1022.8,0.0,0,-0.09871416815816933,-0.803962382829471,0.2919377629261138,-1.501889590674926
9ce470ad-5dc6-4721-be05-d33a55fa96ef,2026-04-28 09:00:00+00:00,0.0,4.2,0.7,78.0,1022.8,0.0,0,-1.102462525003354,0.6888950435031661,-3.693699896406057,-0.5191156665810456
9ce470ad-5dc6-4721-be05-d33a55fa96ef,2026-04-28 10:00:00+00:00,0.0,3.5,0.2,79.0,1022.1,0.0,0,0.8980256121069154,0.8980256121069154,-1.8086230044814569,1.0867303380602142
9ce470ad-5dc6-4721-be05-d33a55fa96ef,2026-04-28 11:00:00+00:00,0.0,4.4,2.6,88.0,1022.1,0.0,0,0.20130944524946887,-0.29845352611981496,-1.8926024674273558,0.614943818806145
9ce470ad-5dc6-4721-be05-d33a55fa96ef,2026-04-28 12:00:00+00:00,0.0,9.2,6.0,80.0,1022.5,0.0,0,-0.3009075115760242,-0.3993177550236464,-1.6972539193066607,-0.20839657722280167
9ce470ad-5dc6-4721-be05-d33a55fa96ef,2026-04-28 13:00:00+00:00,0.0,12.9,5.3,60.0,1022.2,0.0,0,-0.30406657291164624,-0.9945569462015569,-0.30406657291164624,-0.9945569462015569
9ce470ad-5dc6-4721-be05-d33a55fa96ef,2026-04-28 14:00:00+00:00,0.0,15.0,6.0,55.0,1022.3,0.0,0,-1.0159009340721112,-2.393312618976345,-1.1897815924903974,-3.0994870159707095
9ce470ad-5dc6-4721-be05-d33a55fa96ef,2026-04-28 15:00:00+00:00,0.0,17.2,2.8,38.0,1022.2,0.0,0,-0.1890400438465795,-2.7033985762041235,-0.2972010827695136,-3.3970239204928525
9ce470ad-5dc6-4721-be05-d33a55fa96ef,2026-04-28 16:00:00+00:00,0.0,17.7,4.6,42.0,1021.6,0.0,0,1.015900934072112,-2.393312618976345,1.0753791404248174,-3.3096766767071344
9ce470ad-5dc6-4721-be05-d33a55fa96ef,2026-04-28 17:00:00+00:00,0.0,16.9,3.9,42.0,1021.2,0.0,0,-0.19601569122099202,-2.803154981230106,-0.19939999328561497,-3.804778527414926
9ce470ad-5dc6-4721-be05-d33a55fa96ef,2026-04-28 18:00:00+00:00,0.0,16.7,5.4,47.0,1020.6,0.0,0,-2.278139815600412,-2.813268380474234,-2.478107609318373,-3.8159510841516795
9ce470ad-5dc6-4721-be05-d33a55fa96ef,2026-04-28 19:00:00+00:00,0.0,17.0,4.3,43.0,1019.8,0.0,0,0.3801357500477613,-2.400082667646185,1.030883710755577,-3.595118742809313
9ce470ad-5dc6-4721-be05-d33a55fa96ef,2026-04-28 20:00:00+00:00,0.0,17.6,4.2,41.0,1019.2,0.0,0,-2.0138252513594805,-2.486867076662307,-2.186561138528,-3.009543219074805
9ce470ad-5dc6-4721-be05-d33a55fa96ef,2026-04-28 21:00:00+00:00,0.0,16.5,3.6,42.0,1018.6,0.0,0,0.804906124687904,-1.8962399981120273,1.0938512527744637,-2.707376855335019
9ce470ad-5dc6-4721-be05-d33a55fa96ef,2026-04-28 22:00:00+00:00,0.0,14.6,5.6,55.0,1018.7,0.0,0,1.7131907471056926,-1.4892539958084512,2.3900586625312115,-2.005497342222003
9ce470ad-5dc6-4721-be05-d33a55fa96ef,2026-04-28 23:00:00+00:00,0.0,15.0,4.1,48.0,1018.5,0.0,0,1.786835703363746,-1.9161466982422266,2.62391350094293,-3.4820508238061976
9ce470ad-5dc6-4721-be05-d33a55fa96ef,2026-04-29 00:00:00+00:00,0.0,13.6,2.2,46.0,1018.5,0.0,0,1.2099792967333964,-2.994803850250723,2.823110185321658,-5.788233658166636
9ce470ad-5dc6-4721-be05-d33a55fa96ef,2026-04-29 01:00:00+00:00,0.0,12.0,1.1,47.0,1018.9,0.0,0,1.2989968774012044,-1.4943249688410887,1.3426665205781558,-5.38514128083178
9ce470ad-5dc6-4721-be05-d33a55fa96ef,2026-04-29 02:00:00+00:00,0.0,11.0,2.0,54.0,1017.6,0.0,0,1.4001420049710036,-0.5096100135552464,4.494654909629058,-2.808572100435985
9ce470ad-5dc6-4721-be05-d33a55fa96ef,2026-04-29 03:00:00+00:00,0.0,10.5,2.4,57.0,1018.0,0.0,0,1.7131907471056926,-1.4892539958084512,3.1861383548379094,-4.906222822480729
9ce470ad-5dc6-4721-be05-d33a55fa96ef,2026-04-29 04:00:00+00:00,0.0,11.0,0.7,49.0,1018.6,0.0,0,0.08897112561300446,-1.6976702090827755,1.2421665599013076,-6.390392964244293
9ce470ad-5dc6-4721-be05-d33a55fa96ef,2026-04-29 05:00:00+00:00,0.0,10.0,1.3,55.0,1018.2,0.0,0,1.3943009000929465,-0.8049999999999997,2.110787222821818,-5.498788712068518
9ce470ad-5dc6-4721-be05-d33a55fa96ef,2026-04-29 06:00:00+00:00,0.0,10.9,3.5,60.0,1017.8,0.0,0,0.8952745484897489,-0.39860191021428426,1.470629674755365,-4.810212922494069
9ce470ad-5dc6-4721-be05-d33a55fa96ef,2026-04-29 07:00:00+00:00,0.0,11.0,5.6,69.0,1017.5,0.0,0,1.0994403663195127,-0.4001635676910324,2.504695156378353,-3.093040926598744
9ce470ad-5dc6-4721-be05-d33a55fa96ef,2026-04-29 08:00:00+00:00,0.0,10.8,4.0,63.0,1016.7,0.0,0,0.2973137178693958,-1.398751069049342,0.894020270516365,-4.206034683155364
9ce470ad-5dc6-4721-be05-d33a55fa96ef,2026-04-29 09:00:00+00:00,0.0,10.5,4.7,67.0,1016.3,0.0,0,1.792840919204833,0.4139099399927115,0.5781242096637336,-2.5041310664980543
9ce470ad-5dc6-4721-be05-d33a55fa96ef,2026-04-29 10:00:00+00:00,0.0,10.2,5.2,71.0,1016.2,0.0,0,0.7935433625226215,-0.3046127571135052,1.516485950914581,-2.087263845487364
9ce470ad-5dc6-4721-be05-d33a55fa96ef,2026-04-29 11:00:00+00:00,0.0,10.2,6.2,76.0,1016.0,0.0,0,1.0994403663195127,0.4001635676910325,3.6001692612331495,-0.37839303702890587
9ce470ad-5dc6-4721-be05-d33a55fa96ef,2026-04-29 12:00:00+00:00,0.0,11.8,6.1,68.0,1015.7,0.0,0,1.792840919204833,-0.4139099399927117,2.2868342655046203,-1.2159313476154574
9ce470ad-5dc6-4721-be05-d33a55fa96ef,2026-04-29 13:00:00+00:00,0.0,13.2,6.7,65.0,1015.8,0.0,0,-0.4001635676910323,-1.0994403663195127,-0.19623407235369236,-1.396277976925614
9ce470ad-5dc6-4721-be05-d33a55fa96ef,2026-04-29 14:00:00+00:00,0.0,14.6,5.4,54.0,1015.9,0.0,0,1.49967151777997,-2.3999761121226855,1.6843047540337188,-3.3056342047388445
9ce470ad-5dc6-4721-be05-d33a55fa96ef,2026-04-29 15:00:00+00:00,0.0,15.5,6.8,56.0,1015.4,0.0,0,1.6887625684816556,-2.5036934691162256,1.9159416386654025,-3.1886623586118574
9ce470ad-5dc6-4721-be05-d33a55fa96ef,2026-04-29 16:00:00+00:00,0.0,17.2,8.1,55.0,1014.8,0.0,0,2.0849999999999995,-3.611325933781109,2.2786052151577847,-4.11071262355516
9ce470ad-5dc6-4721-be05-d33a55fa96ef,2026-04-29 17:00:00+00:00,0.0,17.8,5.7,45.0,1014.1,0.0,0,1.87505592457944,-4.2114445597323895,2.3143314991013044,-5.198073653986398
9ce470ad-5dc6-4721-be05-d33a55fa96ef,2026-04-29 18:00:00+00:00,0.0,17.2,5.8,47.0,1013.6,0.0,0,1.8026332621851904,-3.0000855524573926,2.101355345633022,-3.4972425868646178
9ce470ad-5dc6-4721-be05-d33a55fa96ef,2026-04-29 19:00:00+00:00,0.0,16.9,7.0,52.0,1012.7,0.0,0,2.6719708029133575,-3.419966670653173,3.8171011470190823,-4.885666672361676
9ce470ad-5dc6-4721-be05-d33a55fa96ef,2026-04-29 20:00:00+00:00,0.0,17.1,7.1,52.0,1011.8,0.0,0,2.2820375567129645,-3.5140296796913266,3.3048300595121143,-4.899612053800296
9ce470ad-5dc6-4721-be05-d33a55fa96ef,2026-04-29 21:00:00+00:00,0.0,15.6,6.8,56.0,1011.0,0.0,0,2.370977910715967,-3.515119307633377,3.4185155606522337,-4.882146183962392
9ce470ad-5dc6-4721-be05-d33a55fa96ef,2026-04-29 22:00:00+00:00,0.0,14.2,4.5,52.0,1011.0,0.0,0,3.7057979493210365,-2.4995922785142377,4.995988177866617,-3.9032937535646735
9ce470ad-5dc6-4721-be05-d33a55fa96ef,2026-04-29 23:00:00+00:00,0.0,13.4,6.1,61.0,1010.9,0.0,0,3.101856374715594,-2.6964026091509847,4.833963458275735,-4.668104249484462
9ce470ad-5dc6-4721-be05-d33a55fa96ef,2026-04-30 00:00:00+00:00,0.0,11.9,8.2,78.0,1010.4,0.0,0,2.8940993221413254,-1.1109406435904308,5.597566125692134,-3.102781569576557
9ce470ad-5dc6-4721-be05-d33a55fa96ef,2026-04-30 01:00:00+00:00,0.0,11.5,6.0,69.0,1010.7,0.0,0,2.0809961857760495,-2.3111804072346955,5.075594689237044,-4.733068618833739
9ce470ad-5dc6-4721-be05-d33a55fa96ef,2026-04-30 02:00:00+00:00,0.0,9.9,8.5,91.0,1010.3,3.6,0,1.6904424529039237,-2.705273426738999,3.774348512654139,-5.8119870358617876
9ce470ad-5dc6-4721-be05-d33a55fa96ef,2026-04-30 03:00:00+00:00,0.0,9.8,8.4,91.0,1009.7,0.0,0,2.9943700614961117,-0.8023390398178146,5.6861824980114895,-3.0233968643411377
9ce470ad-5dc6-4721-be05-d33a55fa96ef,2026-04-30 04:00:00+00:00,0.0,9.7,8.6,93.0,1009.4,7.2,0,2.00111219075793,-2.0011121907579295,3.3281519971049924,-3.569006063901552
9ce470ad-5dc6-4721-be05-d33a55fa96ef,2026-04-30 05:00:00+00:00,0.0,9.2,8.5,95.0,1008.8,1.4,0,2.798294315653468,-0.09771859076700266,4.896280350530742,-1.4969431281804118
9ce470ad-5dc6-4721-be05-d33a55fa96ef,2026-04-30 06:00:00+00:00,0.0,9.2,8.7,97.0,1008.3,1.1,0,2.8940993221413254,-1.1109406435904308,4.3801249065877945,-2.6318445627903775
9ce470ad-5dc6-4721-be05-d33a55fa96ef,2026-04-30 07:00:00+00:00,0.0,9.3,8.9,97.0,1007.8,0.0,0,1.1954336377100947,0.10458689129718976,2.000664552237296,-0.8907532483360026
9ce470ad-5dc6-4721-be05-d33a55fa96ef,2026-04-30 08:00:00+00:00,0.0,9.2,8.9,98.0,1007.5,0.0,0,1.295912186164363,0.29918490227734035,2.2015902827827576,-0.1926141914723247
9ce470ad-5dc6-4721-be05-d33a55fa96ef,2026-04-30 09:00:00+00:00,0.0,9.5,9.0,97.0,1007.1,0.0,0,1.3005744681097282,0.39762551842292204,2.600470917300264,0.3192976797214864
9ce470ad-5dc6-4721-be05-d33a55fa96ef,2026-04-30 10:00:00+00:00,0.0,9.4,8.9,97.0,1007.4,0.0,0,2.4492935982947065e-17,-0.2,-0.09888543819998313,-0.30433808521444916
9ce470ad-5dc6-4721-be05-d33a55fa96ef,2026-04-30 11:00:00+00:00,0.0,9.4,9.0,97.0,1007.6,0.0,0,-0.30090751157602413,0.3993177550236464,-0.49715703440722514,0.2987220834478314
9ce470ad-5dc6-4721-be05-d33a55fa96ef,2026-04-30 12:00:00+00:00,10.0,9.9,9.3,96.0,1007.8,0.0,0,-0.19798989873223338,0.19798989873223327,-0.40276505027189624,0.49737341533246116
9ce470ad-5dc6-4721-be05-d33a55fa96ef,2026-04-30 13:00:00+00:00,0.0,10.1,10.0,99.0,1007.7,0.0,0,-1.2037753112603695,0.6950000000000001,-1.3988802429757379,0.7127650845910882
9ce470ad-5dc6-4721-be05-d33a55fa96ef,2026-04-30 14:00:00+00:00,0.0,11.2,10.8,97.0,1008.0,0.0,0,-2.2005262246998574,1.5987758862355264,-2.4075235609106436,2.0928283024797176
9ce470ad-5dc6-4721-be05-d33a55fa96ef,2026-04-30 15:00:00+00:00,20.0,12.8,11.5,92.0,1008.5,0.0,0,-2.4896595082486925,1.2142880766057444,-3.3086657807101534,1.9880469691528089
9ce470ad-5dc6-4721-be05-d33a55fa96ef,2026-04-30 16:00:00+00:00,30.0,14.1,11.2,83.0,1007.8,0.0,0,-3.3921923846257043,2.1196770569328187,-4.494654909629058,2.8085721004359847
9ce470ad-5dc6-4721-be05-d33a55fa96ef,2026-04-30 17:00:00+00:00,80.0,14.5,11.1,80.0,1007.7,0.0,0,-2.9928256369237003,2.0186863815293967,-3.8159510841516804,2.478107609318371
9ce470ad-5dc6-4721-be05-d33a55fa96ef,2026-04-30 18:00:00+00:00,110.0,16.0,10.6,70.0,1007.7,0.0,0,-2.390058662531212,2.0054973422220024,-3.1875269578372936,2.315873894032343
9ce470ad-5dc6-4721-be05-d33a55fa96ef,2026-04-30 19:00:00+00:00,100.0,17.0,9.6,62.0,1007.1,0.0,0,-4.002787013858331,2.501218927180726,-5.2081442269410845,3.3822084074433154
9ce470ad-5dc6-4721-be05-d33a55fa96ef,2026-04-30 20:00:00+00:00,60.0,18.1,7.8,51.0,1006.9,0.0,0,-3.9970120616270384,2.2155799645257614,-5.405149790121465,2.9961234531223644
9ce470ad-5dc6-4721-be05-d33a55fa96ef,2026-04-30 21:00:00+00:00,120.0,17.6,7.9,53.0,1007.2,0.0,0,-2.7961932762562425,2.9985501766385996,-3.5844371915684277,3.7117933697474386
9ce470ad-5dc6-4721-be05-d33a55fa96ef,2026-04-30 22:00:00+00:00,140.0,17.6,7.6,52.0,1007.7,0.0,0,-2.410464545492722,2.4961091071751187,-3.0244321236462395,3.4792111648269786
9ce470ad-5dc6-4721-be05-d33a55fa96ef,2026-04-30 23:00:00+00:00,160.0,17.3,5.6,46.0,1008.1,0.0,0,-1.1939487424124129,-0.608347269650993,-2.5012163021361316,-0.3071107453809709
9ce470ad-5dc6-4721-be05-d33a55fa96ef,2026-05-01 00:00:00+00:00,150.0,14.2,8.8,70.0,1008.8,0.0,0,-5.47863959892443,4.128451058823049,-8.575580140374443,6.230523674300213
9ce470ad-5dc6-4721-be05-d33a55fa96ef,2026-05-01 01:00:00+00:00,180.0,12.9,8.6,75.0,1010.1,0.0,0,-1.8962399981120275,0.8049061246879035,-4.504291491767888,2.4967695442686373
9ce470ad-5dc6-4721-be05-d33a55fa96ef,2026-05-01 02:00:00+00:00,160.0,12.8,8.7,76.0,1011.4,0.0,0,-1.6863147228720767,2.408307010209635,-3.74328944400574,4.9675128724941615
9ce470ad-5dc6-4721-be05-d33a55fa96ef,2026-05-01 03:00:00+00:00,130.0,11.3,7.9,80.0,1011.7,0.0,0,-0.4011695199089071,1.4971850307480559,-2.217671033022201,5.488928419035381
9ce470ad-5dc6-4721-be05-d33a55fa96ef,2026-05-01 04:00:00+00:00,20.0,10.8,6.9,77.0,1011.6,0.0,0,-3.100600521355856,2.091381458980594,-5.783998931473338,4.518955228890333
9ce470ad-5dc6-4721-be05-d33a55fa96ef,2026-05-01 05:00:00+00:00,20.0,10.1,6.4,78.0,1012.0,0.0,0,-2.410446928504871,1.281657366405481,-4.995988177866616,3.903293753564675
9ce470ad-5dc6-4721-be05-d33a55fa96ef,2026-05-01 06:00:00+00:00,0.0,9.5,5.9,78.0,1012.3,0.0,0,-2.807539803029943,1.191729941892284,-6.287344431475024,3.630000000000001
9ce470ad-5dc6-4721-be05-d33a55fa96ef,2026-05-01 07:00:00+00:00,0.0,8.6,5.0,78.0,1012.6,0.0,0,-2.0006645522372963,0.8907532483360014,-4.098810143975614,4.3954357467312155
9ce470ad-5dc6-4721-be05-d33a55fa96ef,2026-05-01 08:00:00+00:00,0.0,7.9,4.6,80.0,1012.8,0.0,0,-2.100555959618704,0.8063278864769259,-5.291722206106887,3.7053037788277576
9ce470ad-5dc6-4721-be05-d33a55fa96ef,2026-05-01 09:00:00+00:00,0.0,7.3,4.6,83.0,1013.3,0.0,0,-1.9032463527769647,0.8874983496554693,-4.709387780590099,4.093808340900764
9ce470ad-5dc6-4721-be05-d33a55fa96ef,2026-05-01 10:00:00+00:00,0.0,6.6,3.5,81.0,1013.9,0.0,0,-1.792840919204833,0.4139099399927115,-4.906222822480732,3.186138354837906
9ce470ad-5dc6-4721-be05-d33a55fa96ef,2026-05-01 11:00:00+00:00,0.0,7.0,4.8,86.0,1014.4,0.0,0,-2.708221320783572,0.4775324885840574,-5.609462320129063,2.2663698901662674
9ce470ad-5dc6-4721-be05-d33a55fa96ef,2026-05-01 12:00:00+00:00,0.0,9.0,5.0,76.0,1014.9,0.0,0,-1.8137571800155425,1.6913559329549965,-2.29809703885628,2.298097038856279
9ce470ad-5dc6-4721-be05-d33a55fa96ef,2026-05-01 13:00:00+00:00,0.0,10.8,4.3,64.0,1014.5,0.0,0,-1.2071486133425335,1.3886656276099003,-1.4037081637425006,1.796664518223326
9ce470ad-5dc6-4721-be05-d33a55fa96ef,2026-05-01 14:00:00+00:00,0.0,12.3,3.2,54.0,1014.8,0.0,0,-1.7090799915012072,1.2878841495453826,-1.9965887751182327,1.50453755788012
9ce470ad-5dc6-4721-be05-d33a55fa96ef,2026-05-01 15:00:00+00:00,0.0,13.4,3.2,50.0,1014.9,0.0,0,-2.7961061579077517,0.9085099634623448,-3.309676676707135,1.0753791404248163
9ce470ad-5dc6-4721-be05-d33a55fa96ef,2026-05-01 16:00:00+00:00,0.0,14.7,2.6,44.0,1013.9,0.0,0,-3.1066694546373377,0.38145104485811226,-3.5055489633451593,0.49267277739863174
9ce470ad-5dc6-4721-be05-d33a55fa96ef,2026-05-01 17:00:00+00:00,0.0,16.0,2.0,39.0,1013.0,0.0,0,-3.0929630945953304,-0.32508352076240193,-3.596262860111201,-0.3146322313190463
9ce470ad-5dc6-4721-be05-d33a55fa96ef,2026-05-01 18:00:00+00:00,0.0,17.0,1.8,36.0,1012.7,0.0,0,-2.8075398030299428,-1.191729941892285,-3.291502683712095,-1.3298534066264887
9ce470ad-5dc6-4721-be05-d33a55fa96ef,2026-05-01 19:00:00+00:00,0.0,17.9,1.4,33.0,1013.1,0.0,0,-2.894099322141325,-1.1109406435904323,-3.398232752449814,-1.3044593363448946
9ce470ad-5dc6-4721-be05-d33a55fa96ef,2026-05-01 20:00:00+00:00,0.0,18.3,0.8,31.0,1012.7,0.0,0,-2.5928289853881505,-1.3211123542420815,-3.0918515192691336,-1.5079967449544274
9ce470ad-5dc6-4721-be05-d33a55fa96ef,2026-05-01 21:00:00+00:00,0.0,18.4,0.9,31.0,1012.5,0.0,0,-2.2875005650769107,-2.209013618059611,-2.793771140185231,-2.6052337354387447
9ce470ad-5dc6-4721-be05-d33a55fa96ef,2026-05-01 22:00:00+00:00,0.0,17.8,0.5,31.0,1012.2,0.0,0,-2.890833371107064,-2.602918058735958,-3.7900386099347108,-3.4125660924301764
9ce470ad-5dc6-4721-be05-d33a55fa96ef,2026-05-01 23:00:00+00:00,0.0,16.7,-0.1,32.0,1012.4,0.0,0,-2.3111804072346964,-2.0809961857760486,-3.581958058801041,-3.2252095226496964
9ce470ad-5dc6-4721-be05-d33a55fa96ef,2026-05-02 00:00:00+00:00,0.0,14.3,0.2,38.0,1012.5,0.0,0,-0.7153443528134906,-3.098496806017048,-1.866064898881083,-6.507741681502418
9ce470ad-5dc6-4721-be05-d33a55fa96ef,2026-05-02 01:00:00+00:00,0.0,11.8,1.7,50.0,1012.7,0.0,0,0.06980962574913376,-3.999390780625565,0.1431097327857242,-8.198751100282408
9ce470ad-5dc6-4721-be05-d33a55fa96ef,2026-05-02 02:00:00+00:00,0.0,10.7,3.2,60.0,1012.9,0.0,0,1.0209103994305977,-4.094647964884705,1.8670937510540813,-8.087271537717452
9ce470ad-5dc6-4721-be05-d33a55fa96ef,2026-05-02 03:00:00+00:00,0.0,10.1,4.9,70.0,1012.5,0.0,0,1.2020761081185458,-3.6996098483881474,2.059011047952984,-7.180624868659242
9ce470ad-5dc6-4721-be05-d33a55fa96ef,2026-05-02 04:00:00+00:00,0.0,9.6,5.2,74.0,1012.8,0.0,0,0.6022726904048893,-3.80260011129128,0.9822669078454893,-7.999921982229056
9ce470ad-5dc6-4721-be05-d33a55fa96ef,2026-05-02 05:00:00+00:00,0.0,10.7,5.2,69.0,1013.2,0.0,0,-3.496643390302027,-0.30591665704428045,-5.994978755913586,-0.7360908341670889
9ce470ad-5dc6-4721-be05-d33a55fa96ef,2026-05-02 06:00:00+00:00,0.0,10.0,5.2,72.0,1013.1,0.0,0,-2.007036440971722,-1.6841035373787334,-4.490522002325494,-3.9035512224935185
9ce470ad-5dc6-4721-be05-d33a55fa96ef,2026-05-02 07:00:00+00:00,0.0,8.7,4.5,75.0,1013.2,0.0,0,-0.6948179129231185,-1.3067624374312117,-1.52345378226849,-4.688708625335107
9ce470ad-5dc6-4721-be05-d33a55fa96ef,2026-05-02 08:00:00+00:00,0.0,9.0,5.0,76.0,1013.2,0.0,0,0.19261419147232461,-2.2015902827827576,-1.1999089076784897,-6.805021573314358
9ce470ad-5dc6-4721-be05-d33a55fa96ef,2026-05-02 09:00:00+00:00,0.0,8.7,5.1,78.0,1012.6,0.0,0,0.3089642841313451,-2.1983951126062866,-0.11693112312980036,-6.698979557547822
9ce470ad-5dc6-4721-be05-d33a55fa96ef,2026-05-02 10:00:00+00:00,0.0,7.9,5.0,82.0,1012.0,0.0,0,-0.5072853284009408,-1.8932146195265738,-2.0760622699868088,-5.703934208170464
9ce470ad-5dc6-4721-be05-d33a55fa96ef,2026-05-02 11:00:00+00:00,0.0,8.8,6.6,86.0,1012.4,0.0,0,-1.0093638599896653,-1.8983373246466928,-2.8702477145291927,-4.419793893072384
9ce470ad-5dc6-4721-be05-d33a55fa96ef,2026-05-02 12:00:00+00:00,0.0,11.0,6.7,75.0,1012.8,0.0,0,-2.4917680726933025,-0.8096245252623626,-4.192118086094556,-1.1232746557449396
9ce470ad-5dc6-4721-be05-d33a55fa96ef,2026-05-02 13:00:00+00:00,0.0,11.9,7.0,72.0,1013.1,0.0,0,-3.596262860111201,-0.3146322313190463,-4.698526676723772,-0.32855299133483146
9ce470ad-5dc6-4721-be05-d33a55fa96ef,2026-05-02 14:00:00+00:00,10.0,12.8,7.0,68.0,1012.7,0.0,0,-2.7968540185546704,-0.4931608245740821,-3.299105972590897,-0.5817213951842166
9ce470ad-5dc6-4721-be05-d33a55fa96ef,2026-05-02 15:00:00+00:00,0.0,13.5,6.1,61.0,1012.7,0.0,0,-2.108397746524853,-1.5887916611214075,-2.491772342674838,-1.8103785770608176
9ce470ad-5dc6-4721-be05-d33a55fa96ef,2026-05-02 16:00:00+00:00,10.0,15.1,5.1,51.0,1012.2,0.0,0,-2.1005559596187036,-0.8063278864769265,-2.389965891832836,-0.9174219508359699
9ce470ad-5dc6-4721-be05-d33a55fa96ef,2026-05-02 17:00:00+00:00,0.0,16.1,3.8,44.0,1011.6,0.0,0,-2.098751065871564,-0.8908669729555443,-2.3933126189763447,-1.015900934072112
9ce470ad-5dc6-4721-be05-d33a55fa96ef,2026-05-02 18:00:00+00:00,10.0,16.2,3.2,42.0,1010.9,0.0,0,-1.4922676305990754,-1.0065472262473438,-1.6941145472497567,-1.1001708507303545
9ce470ad-5dc6-4721-be05-d33a55fa96ef,2026-05-02 19:00:00+00:00,40.0,16.1,3.9,44.0,1010.3,0.0,0,-3.086895070009391,1.928906121808865,-3.8159510841516804,2.478107609318371
9ce470ad-5dc6-4721-be05-d33a55fa96ef,2026-05-02 20:00:00+00:00,0.0,15.3,3.1,44.0,1010.1,0.0,0,-2.219995826778864,3.2912791630435163,-2.793998249627088,4.302380013560025
9ce470ad-5dc6-4721-be05-d33a55fa96ef,2026-05-02 21:00:00+00:00,0.0,15.3,2.1,41.0,1009.5,0.0,0,-0.5224911132343718,3.29887905758776,-0.6976977140794307,4.405089999054314
9ce470ad-5dc6-4721-be05-d33a55fa96ef,2026-05-02 22:00:00+00:00,20.0,14.9,1.7,41.0,1009.7,0.0,0,-0.6702819657943513,3.801357926627123,-1.0284604850795758,5.290970518782909
9ce470ad-5dc6-4721-be05-d33a55fa96ef,2026-05-02 23:00:00+00:00,0.0,14.0,0.6,40.0,1010.0,0.0,0,-0.873338043114801,3.502767571856347,-1.5192695043659143,6.093457161013258
9ce470ad-5dc6-4721-be05-d33a55fa96ef,2026-05-03 00:00:00+00:00,0.0,12.7,-1.2,38.0,1010.8,0.0,0,-1.8026332621851906,3.000085552457392,-4.611554548262413,6.5859824360834915
9ce470ad-5dc6-4721-be05-d33a55fa96ef,2026-05-03 01:00:00+00:00,10.0,12.2,-1.3,39.0,1011.3,0.0,0,-2.8077733452913884,1.4929195696591315,-6.30680267094959,4.095685543313
9ce470ad-5dc6-4721-be05-d33a55fa96ef,2026-05-03 02:00:00+00:00,0.0,12.3,-3.2,34.0,1011.9,0.0,0,-2.7830184606498194,2.021981267886107,-5.298061253163861,4.605534383513359
9ce470ad-5dc6-4721-be05-d33a55fa96ef,2026-05-03 03:00:00+00:00,0.0,11.6,-1.5,40.0,1011.8,0.0,0,-2.9046812688540795,1.480009029150922,-6.50726889520597,3.1738071027529204
9ce470ad-5dc6-4721-be05-d33a55fa96ef,2026-05-03 04:00:00+00:00,0.0,10.6,-3.1,38.0,1012.1,0.0,0,-1.9,-3.490243377569956e-16,-5.998272982655109,1.7199771002980762
9ce470ad-5dc6-4721-be05-d33a55fa96ef,2026-05-03 05:00:00+00:00,0.0,10.1,-1.6,44.0,1011.5,0.0,0,-3.0928963076002,1.312856591723959,-7.295777685645032,3.402077007012632
9ce470ad-5dc6-4721-be05-d33a55fa96ef,2026-05-03 06:00:00+00:00,0.0,9.1,-0.3,52.0,1011.1,0.0,0,-3.10487527788077,0.890308659288908,-6.917830960344265,2.655506506130676
9ce470ad-5dc6-4721-be05-d33a55fa96ef,2026-05-03 07:00:00+00:00,0.0,8.5,-1.9,48.0,1010.9,0.0,0,-2.5012163021361316,0.30711074538097216,-6.199145263330685,2.8907089103063854
9ce470ad-5dc6-4721-be05-d33a55fa96ef,2026-05-03 08:00:00+00:00,0.0,7.6,-1.1,54.0,1011.0,0.0,0,-3.6977460599706546,-0.12912813779925283,-7.717584569789726,1.6404232405521217
9ce470ad-5dc6-4721-be05-d33a55fa96ef,2026-05-03 09:00:00+00:00,0.0,7.1,-1.4,55.0,1011.3,0.0,0,-2.095487607578119,2.4973048845678676,-3.8525130509754004,6.165309659057216
9ce470ad-5dc6-4721-be05-d33a55fa96ef,2026-05-03 10:00:00+00:00,0.0,7.4,-2.9,48.0,1012.0,0.0,0,-2.8961606584119144,2.7007135058474945,-5.404442122171002,5.596463646634704
9ce470ad-5dc6-4721-be05-d33a55fa96ef,2026-05-03 11:00:00+00:00,10.0,8.0,-0.8,54.0,1013.0,0.0,0,-2.7937711401852305,2.6052337354387447,-4.409570695904875,4.897324399896028
9ce470ad-5dc6-4721-be05-d33a55fa96ef,2026-05-03 12:00:00+00:00,0.0,8.1,-0.7,54.0,1013.6,0.0,0,-3.58973268916333,2.421305272028335,-4.995988177866616,3.903293753564675
9ce470ad-5dc6-4721-be05-d33a55fa96ef,2026-05-03 13:00:00+00:00,30.0,9.2,-0.1,52.0,1014.2,0.0,0,-4.906222822480732,3.186138354837906,-6.423594935337084,4.667014903202235
9ce470ad-5dc6-4721-be05-d33a55fa96ef,2026-05-03 14:00:00+00:00,80.0,10.4,0.2,49.0,1014.4,0.0,0,-4.207977424259894,3.287632278239016,-5.57990800326105,4.518520407737833
9ce470ad-5dc6-4721-be05-d33a55fa96ef,2026-05-03 15:00:00+00:00,80.0,10.4,-0.2,48.0,1014.4,0.0,0,-3.8940788855015476,3.506244377320415,-5.3240088796768985,4.467373887321448
9ce470ad-5dc6-4721-be05-d33a55fa96ef,2026-05-03 16:00:00+00:00,60.0,11.4,-0.7,43.0,1014.2,0.0,0,-5.126870390403877,2.9600000000000004,-6.711696879329399,3.875000000000001
9ce470ad-5dc6-4721-be05-d33a55fa96ef,2026-05-03 17:00:00+00:00,60.0,12.7,-0.2,41.0,1013.9,0.0,0,-5.126870390403877,2.9600000000000004,-6.892003292258438,3.820299807541138
9ce470ad-5dc6-4721-be05-d33a55fa96ef,2026-05-03 18:00:00+00:00,50.0,13.5,-0.9,37.0,1013.5,0.0,0,-6.410120919829335,2.082774542087144,-8.41685016921211,2.734800400218283
9ce470ad-5dc6-4721-be05-d33a55fa96ef,2026-05-03 19:00:00+00:00,20.0,14.6,-2.4,31.0,1013.3,0.0,0,-6.4912784087864175,1.6184574815617752,-8.693332436601615,2.3293714059226827
9ce470ad-5dc6-4721-be05-d33a55fa96ef,2026-05-03 20:00:00+00:00,30.0,15.2,-1.8,31.0,1012.7,0.0,0,-6.306922220793978,1.5724923213978383,-8.81804908630638,2.0358070418119776
9ce470ad-5dc6-4721-be05-d33a55fa96ef,2026-05-03 21:00:00+00:00,10.0,15.5,-3.0,28.0,1012.6,0.0,0,-6.798941138743055,0.8348050023252616,-9.298617165483346,1.3068354180150148
9ce470ad-5dc6-4721-be05-d33a55fa96ef,2026-05-03 22:00:00+00:00,10.0,15.4,-3.1,28.0,1012.7,0.0,0,-5.2991927843288735,-0.09249775411760254,-7.398872944157295,0.12914780763589517
9ce470ad-5dc6-4721-be05-d33a55fa96ef,2026-05-03 23:00:00+00:00,10.0,14.8,-2.6,30.0,1012.7,0.0,0,-5.09195210428556,-0.5351857319303852,-8.404876855230595,-0.29350476726803143
9ce470ad-5dc6-4721-be05-d33a55fa96ef,2026-05-04 00:00:00+00:00,0.0,12.5,-4.2,31.0,1014.1,0.0,0,-2.000664552237296,-0.8907532483360022,-5.505190866036579,-1.2709734570428388
9ce470ad-5dc6-4721-be05-d33a55fa96ef,2026-05-04 01:00:00+00:00,0.0,10.9,-4.0,35.0,1014.2,0.0,0,-1.5164859509145805,-2.0872638454873647,-4.530760955294139,-3.6689378798205547
9ce470ad-5dc6-4721-be05-d33a55fa96ef,2026-05-04 02:00:00+00:00,0.0,10.1,-3.6,38.0,1014.7,0.0,0,-2.087263845487364,-1.516485950914581,-8.585308666441797,-2.956158842470982
9ce470ad-5dc6-4721-be05-d33a55fa96ef,2026-05-04 03:00:00+00:00,0.0,9.6,-3.3,40.0,1015.4,0.0,0,-1.987317900885809,-2.207140131667861,-5.581017639335231,-5.025170853755024
9ce470ad-5dc6-4721-be05-d33a55fa96ef,2026-05-04 04:00:00+00:00,0.0,9.1,-1.9,46.0,1014.9,0.0,0,-2.1867929930294996,-2.1117614461953518,-6.369748857080196,-5.537138204679881
9ce470ad-5dc6-4721-be05-d33a55fa96ef,2026-05-04 05:00:00+00:00,0.0,8.8,-2.2,46.0,1015.1,0.0,0,-2.1846765665383887,-2.513182902141831,-6.448813844421312,-6.448813844421315
9ce470ad-5dc6-4721-be05-d33a55fa96ef,2026-05-04 06:00:00+00:00,0.0,8.8,-2.5,45.0,1015.2,0.0,0,-2.41339298327658,-3.0890021541383503,-6.416257303527159,-7.381059694578711
9ce470ad-5dc6-4721-be05-d33a55fa96ef,2026-05-04 07:00:00+00:00,0.0,8.5,-1.3,50.0,1015.9,0.0,0,-1.80746551672568,-3.3993482325068687,-5.2448739071947115,-8.076397569314434
9ce470ad-5dc6-4721-be05-d33a55fa96ef,2026-05-04 08:00:00+00:00,0.0,8.0,-1.2,52.0,1016.0,0.0,0,-1.9159416386654016,-3.188662358611858,-5.391926446648768,-8.302838622659698
9ce470ad-5dc6-4721-be05-d33a55fa96ef,2026-05-04 09:00:00+00:00,0.0,8.0,-0.5,55.0,1016.1,0.0,0,-1.80746551672568,-3.3993482325068687,-4.857792394868296,-8.763689465536746
9ce470ad-5dc6-4721-be05-d33a55fa96ef,2026-05-04 10:00:00+00:00,0.0,7.6,2.0,68.0,1016.3,0.0,0,-1.5321409670710802,-3.7921819651781603,-3.847209714381416,-9.522178186400906
9ce470ad-5dc6-4721-be05-d33a55fa96ef,2026-05-04 11:00:00+00:00,0.0,9.1,4.7,74.0,1016.5,0.0,0,-1.300961546318528,-4.003947933602597,-2.965925887104698,-8.613674223709776
9ce470ad-5dc6-4721-be05-d33a55fa96ef,2026-05-04 12:00:00+00:00,0.0,12.2,6.0,66.0,1015.9,0.0,0,-2.1313000097171932,-4.786978198047229,-3.1844586971875795,-7.502114555637389
9ce470ad-5dc6-4721-be05-d33a55fa96ef,2026-05-04 13:00:00+00:00,0.0,14.7,5.5,54.0,1015.1,0.0,0,-2.2684691206217518,-5.909564099727287,-3.347156648753106,-8.719641183483864
9ce470ad-5dc6-4721-be05-d33a55fa96ef,2026-05-04 14:00:00+00:00,20.0,16.6,5.5,48.0,1015.3,0.0,0,-4.250201393361252,-6.0699166481814295,-6.1430036333197044,-8.773118394335103
9ce470ad-5dc6-4721-be05-d33a55fa96ef,2026-05-04 15:00:00+00:00,0.0,18.2,3.3,37.0,1014.7,0.0,0,-4.291965066959893,-5.300135457136541,-5.909318471957976,-7.297400578080956
9ce470ad-5dc6-4721-be05-d33a55fa96ef,2026-05-04 16:00:00+00:00,0.0,19.7,2.6,32.0,1014.3,0.0,0,-4.439809324006864,-4.761112597540801,-5.885645847339362,-6.311582444973443
9ce470ad-5dc6-4721-be05-d33a55fa96ef,2026-05-04 17:00:00+00:00,0.0,20.8,1.1,27.0,1013.7,0.0,0,-4.332032990478711,-3.765778826405512,-5.615039276857424,-4.881079175689375
9ce470ad-5dc6-4721-be05-d33a55fa96ef,2026-05-04 18:00:00+00:00,0.0,21.0,3.2,31.0,1012.9,0.0,0,-4.2235228923907036,-4.373585986058998,-5.4530682081031285,-5.646817432658411
9ce470ad-5dc6-4721-be05-d33a55fa96ef,2026-05-04 19:00:00+00:00,0.0,21.6,2.8,29.0,1012.4,0.0,0,-4.791813060283757,-3.6108901389122896,-6.277275108971722,-4.7302660819751
9ce470ad-5dc6-4721-be05-d33a55fa96ef,2026-05-04 20:00:00+00:00,0.0,21.8,3.5,30.0,1012.3,0.0,0,-4.693857688511657,-2.710000000000002,-6.068744488970954,-3.646469570363185
9ce470ad-5dc6-4721-be05-d33a55fa96ef,2026-05-04 21:00:00+00:00,0.0,22.0,3.6,30.0,1011.9,0.0,0,-3.9974619761302788,-2.799053009393106,-5.226190042563766,-3.659417663919676
9ce470ad-5dc6-4721-be05-d33a55fa96ef,2026-05-04 22:00:00+00:00,0.0,21.9,3.1,29.0,1011.9,0.0,0,-2.3860779752203523,-3.407672504242206,-3.3621316431129458,-4.627577207824699
9ce470ad-5dc6-4721-be05-d33a55fa96ef,2026-05-04 23:00:00+00:00,0.0,20.6,2.4,30.0,1012.0,0.0,0,-1.1762647033259637,-2.9113573033397127,-2.6376848034867657,-5.176747905534417
9ce470ad-5dc6-4721-be05-d33a55fa96ef,2026-05-07 00:00:00+00:00,20.0,20.7,14.6,68.0,1008.0,0.0,0,-1.4899007702880926,-1.9069860237282672,-3.487185019704166,-3.611085797700028
9ce470ad-5dc6-4721-be05-d33a55fa96ef,2026-05-07 01:00:00+00:00,60.0,18.8,14.0,74.0,1009.6,0.0,0,-1.688762568481655,-2.503693469116226,-4.777533048527108,-6.1149634479881625
9ce470ad-5dc6-4721-be05-d33a55fa96ef,2026-05-07 02:00:00+00:00,60.0,18.7,14.6,77.0,1008.9,0.0,0,-0.18389861719755826,-2.101970812973583,-3.0663177671346022,-4.721715297532738
9ce470ad-5dc6-4721-be05-d33a55fa96ef,2026-05-07 03:00:00+00:00,150.0,18.4,14.9,80.0,1008.8,0.0,0,-1.7062830462150884,-1.8950193049673552,-4.8285483892424885,-5.1779842074637275
9ce470ad-5dc6-4721-be05-d33a55fa96ef,2026-05-07 04:00:00+00:00,70.0,18.3,16.3,88.0,1008.6,0.0,0,-2.8041546489376303,0.6991542782830389,-5.383995776071889,1.6460526975890077
9ce470ad-5dc6-4721-be05-d33a55fa96ef,2026-05-07 05:00:00+00:00,0.0,16.9,13.3,79.0,1008.9,0.0,0,-2.7044679458702583,2.1900349608534344,-4.89732439989603,4.409570695904873
9ce470ad-5dc6-4721-be05-d33a55fa96ef,2026-05-07 06:00:00+00:00,0.0,13.0,10.9,87.0,1009.8,0.0,0,-2.1885665612831366,3.5024386371260388,-3.8750000000000036,6.711696879329398
9ce470ad-5dc6-4721-be05-d33a55fa96ef,2026-05-07 07:00:00+00:00,0.0,11.9,10.9,94.0,1010.0,0.7,0,-2.325608679514165,3.5811233251269603,-3.850597977556241,5.929400915374148
9ce470ad-5dc6-4721-be05-d33a55fa96ef,2026-05-07 08:00:00+00:00,0.0,11.5,9.4,87.0,1009.9,0.0,0,-1.7251638990102784,3.3858247919157973,-3.3839711493194318,6.104845555832983
9ce470ad-5dc6-4721-be05-d33a55fa96ef,2026-05-07 09:00:00+00:00,0.0,10.6,8.8,89.0,1010.1,0.0,0,-0.8903086592889066,3.1048752778807702,-1.8947915940242042,5.205897119153933
9ce470ad-5dc6-4721-be05-d33a55fa96ef,2026-05-07 10:00:00+00:00,0.0,10.5,9.1,91.0,1010.8,0.0,0,-1.2078566714968126,1.7907211567188905,-1.7052637610095127,3.496308840103759
9ce470ad-5dc6-4721-be05-d33a55fa96ef,2026-05-07 11:00:00+00:00,0.0,10.4,9.7,95.0,1011.1,0.0,0,-0.20649349385310506,1.3037486095855817,-0.8953124247571809,2.6001760828981215
9ce470ad-5dc6-4721-be05-d33a55fa96ef,2026-05-07 12:00:00+00:00,10.0,11.3,9.4,88.0,1011.5,0.0,0,-1.9091317743623766,2.1962048784482664,-2.575768299090767,3.4181599830024134
9ce470ad-5dc6-4721-be05-d33a55fa96ef,2026-05-07 13:00:00+00:00,0.0,11.6,7.9,78.0,1012.1,0.0,0,-1.7872699105815393,2.2070945305377965,-2.09928975704483,2.998096482097709
9ce470ad-5dc6-4721-be05-d33a55fa96ef,2026-05-07 14:00:00+00:00,10.0,12.3,9.0,80.0,1012.2,0.0,0,-2.013825251359481,2.486867076662306,-2.4915141958494798,3.306351011595792
9ce470ad-5dc6-4721-be05-d33a55fa96ef,2026-05-07 15:00:00+00:00,0.0,13.9,7.5,65.0,1011.6,0.0,0,-1.6088221087159156,3.298574149917942,-2.122011463792226,3.99092311972235
9ce470ad-5dc6-4721-be05-d33a55fa96ef,2026-05-07 16:00:00+00:00,0.0,15.2,6.7,57.0,1011.2,0.0,0,-1.3184974717697395,2.194348289797407,-1.61047556199575,2.3876282089585206
9ce470ad-5dc6-4721-be05-d33a55fa96ef,2026-05-07 17:00:00+00:00,0.0,15.6,4.6,48.0,1010.6,0.0,0,-1.5962033134720286,3.0020218157203518,-1.8684968198878453,3.5141314195785296
9ce470ad-5dc6-4721-be05-d33a55fa96ef,2026-05-07 18:00:00+00:00,10.0,17.1,4.7,44.0,1009.6,0.0,0,-0.8003271353820645,2.1988807326390254,-0.8244882073181188,2.6967794118157595
9ce470ad-5dc6-4721-be05-d33a55fa96ef,2026-05-07 19:00:00+00:00,0.0,18.0,4.9,42.0,1009.1,0.0,0,0.8029567276306299,0.8917737905728731,0.8052377809978755,1.19381410447926
9ce470ad-5dc6-4721-be05-d33a55fa96ef,2026-05-07 20:00:00+00:00,0.0,19.2,1.7,31.0,1007.8,0.0,0,1.296400005562665,1.60092068060136,1.2078566714968133,1.7907211567188903
9ce470ad-5dc6-4721-be05-d33a55fa96ef,2026-05-07 21:00:00+00:00,0.0,19.1,1.1,30.0,1007.6,0.0,0,-2.29809703885628,2.298097038856279,-2.5097539650299936,2.691381621958548
9ce470ad-5dc6-4721-be05-d33a55fa96ef,2026-05-07 22:00:00+00:00,10.0,18.7,1.7,32.0,1007.5,0.0,0,-4.4087284769304716e-16,1.8,-0.08026884241575188,2.29859890214392
9ce470ad-5dc6-4721-be05-d33a55fa96ef,2026-05-07 23:00:00+00:00,20.0,16.5,2.5,39.0,1007.7,0.0,0,3.496643390302027,0.30591665704428006,3.9979780193804584,0.42020442233596683
9ce470ad-5dc6-4721-be05-d33a55fa96ef,2026-05-08 00:00:00+00:00,90.0,14.8,7.4,61.0,1008.1,0.0,0,2.00111219075793,-2.0011121907579295,3.3758918823093675,-3.620200823014894
9ce470ad-5dc6-4721-be05-d33a55fa96ef,2026-05-08 01:00:00+00:00,120.0,12.7,7.6,71.0,1008.8,0.0,0,1.7038362521211028,-1.1930389876101761,4.490522002325494,-3.9035512224935176
9ce470ad-5dc6-4721-be05-d33a55fa96ef,2026-05-08 02:00:00+00:00,110.0,11.7,8.4,80.0,1009.4,0.0,0,1.3968855700926157,-1.302616867719372,3.5999226622106577,-3.9981191610683804
9ce470ad-5dc6-4721-be05-d33a55fa96ef,2026-05-08 03:00:00+00:00,90.0,11.1,7.8,80.0,1009.6,0.0,0,-0.08026884241575206,-2.29859890214392,-0.5246775713409008,-5.9970920825123075
9ce470ad-5dc6-4721-be05-d33a55fa96ef,2026-05-08 04:00:00+00:00,50.0,11.0,7.1,77.0,1009.6,0.0,0,-2.1846765665383887,-2.513182902141831,-6.00441389029339,-5.599206536113114
9ce470ad-5dc6-4721-be05-d33a55fa96ef,2026-05-08 05:00:00+00:00,40.0,11.4,3.7,59.0,1009.7,0.0,0,-3.0105707413553118,-1.8812133880278776,-6.80590836757477,-4.089402314785832
9ce470ad-5dc6-4721-be05-d33a55fa96ef,2026-05-08 06:00:00+00:00,100.0,11.6,6.3,70.0,1009.7,0.0,0,-2.1969849764600626,0.1151391037344767,-6.992135046386677,-1.2329020614352053
9ce470ad-5dc6-4721-be05-d33a55fa96ef,2026-05-08 07:00:00+00:00,110.0,10.9,6.7,75.0,1010.1,0.0,0,-3.405326713513097,0.17846561078843887,-7.6128289830889395,0.9347378639174827
9ce470ad-5dc6-4721-be05-d33a55fa96ef,2026-05-08 08:00:00+00:00,20.0,10.8,4.0,63.0,1011.2,0.0,0,-1.9700000000000017,3.412140090910687,-4.1700000000000035,7.222651867562216
9ce470ad-5dc6-4721-be05-d33a55fa96ef,2026-05-08 09:00:00+00:00,0.0,9.4,2.7,63.0,1012.5,0.0,0,-1.3184974717697395,2.194348289797407,-2.5553815803198514,6.0201017415789595
9ce470ad-5dc6-4721-be05-d33a55fa96ef,2026-05-08 10:00:00+00:00,0.0,7.9,2.0,66.0,1013.0,0.0,0,-0.805237780997875,1.1938141044792603,-2.4365574108587733,4.582498006937832
9ce470ad-5dc6-4721-be05-d33a55fa96ef,2026-05-08 11:00:00+00:00,0.0,8.9,4.1,72.0,1013.8,0.0,0,-1.2049797755260678,-0.19085004734908187,-2.3009914005316277,1.7977315079509228
9ce470ad-5dc6-4721-be05-d33a55fa96ef,2026-05-08 12:00:00+00:00,0.0,11.7,4.6,62.0,1014.0,0.0,0,-1.2989968774012046,1.4943249688410885,-1.8031222920256964,1.8031222920256955
9ce470ad-5dc6-4721-be05-d33a55fa96ef,2026-05-08 13:00:00+00:00,0.0,13.5,2.7,48.0,1014.4,0.0,0,-1.3845048603096433,1.7097211152053353,-1.5987758862355277,2.200526224699857
9ce470ad-5dc6-4721-be05-d33a55fa96ef,2026-05-08 14:00:00+00:00,0.0,15.2,2.0,41.0,1014.3,0.0,0,-1.8070073809607916,-0.5871322893124004,-2.104639339936108,-0.485894277382749
9ce470ad-5dc6-4721-be05-d33a55fa96ef,2026-05-08 15:00:00+00:00,0.0,16.7,0.8,34.0,1014.2,0.0,0,-4.003947933602596,-1.3009615463185291,-4.5998258761822,-1.4063078997163654
9ce470ad-5dc6-4721-be05-d33a55fa96ef,2026-05-08 16:00:00+00:00,30.0,17.9,2.2,35.0,1013.8,0.0,0,-5.1980736539864,-2.3143314991013026,-6.422224567227485,-2.859358600822875
9ce470ad-5dc6-4721-be05-d33a55fa96ef,2026-05-08 17:00:00+00:00,40.0,18.6,2.4,34.0,1012.9,0.0,0,-6.211368223394855,-2.2607531473826694,-7.711374322866885,-2.960119263244184
9ce470ad-5dc6-4721-be05-d33a55fa96ef,2026-05-08 18:00:00+00:00,90.0,18.8,3.0,35.0,1012.7,0.0,0,-5.805484054179805,-1.9989884683669417,-7.491645544899642,-3.026821274800571
9ce470ad-5dc6-4721-be05-d33a55fa96ef,2026-05-08 19:00:00+00:00,130.0,19.0,3.2,35.0,1012.1,0.0,0,-5.126870390403876,-2.9600000000000026,-6.521171290496822,-3.7650000000000037
9ce470ad-5dc6-4721-be05-d33a55fa96ef,2026-05-08 20:00:00+00:00,210.0,19.3,3.5,35.0,1011.6,0.0,0,-4.717223787838188,-3.181807620748548,-6.47060697367353,-4.043283986099354
9ce470ad-5dc6-4721-be05-d33a55fa96ef,2026-05-08 21:00:00+00:00,130.0,20.0,2.4,31.0,1011.4,0.0,0,-5.405430669418798,-2.0749504278672912,-7.526937892495126,-2.739581348038605
9ce470ad-5dc6-4721-be05-d33a55fa96ef,2026-05-08 22:00:00+00:00,70.0,19.9,1.3,29.0,1011.1,0.0,0,-3.8971234842575955,-1.8172585254850064,-5.702180705585742,-2.3038305495078606
9ce470ad-5dc6-4721-be05-d33a55fa96ef,2026-05-08 23:00:00+00:00,60.0,18.7,1.6,32.0,1011.1,0.0,0,-1.3995265046965526,-1.99873098806514,-3.0290544586022383,-3.877012907745072
9ce470ad-5dc6-4721-be05-d33a55fa96ef,2026-05-09 00:00:00+00:00,40.0,19.0,1.5,31.0,1011.5,0.0,0,-0.7850791796600888,-3.4005515261004713,-2.26075314738267,-6.211368223394855
9ce470ad-5dc6-4721-be05-d33a55fa96ef,2026-05-09 01:00:00+00:00,100.0,17.6,5.2,44.0,1012.3,0.0,0,-1.5261802986526858,-4.991910826127045,-3.1602661243291785,-8.682759816061795
9ce470ad-5dc6-4721-be05-d33a55fa96ef,2026-05-09 02:00:00+00:00,30.0,16.8,4.5,44.0,1013.1,0.0,0,-2.225295207605123,-4.185171590151314,-4.8310571426563085,-8.040229280585814
9ce470ad-5dc6-4721-be05-d33a55fa96ef,2026-05-09 03:00:00+00:00,20.0,15.5,4.9,49.0,1013.4,0.0,0,-1.4191370801993897,-3.696978488928919,-4.73747822224485,-7.5815499796384485
9ce470ad-5dc6-4721-be05-d33a55fa96ef,2026-05-09 04:00:00+00:00,0.0,14.7,4.7,51.0,1013.4,0.0,0,-1.2036300463040968,-1.5972710200945857,-2.3361684774746014,-7.1899872631913615
9ce470ad-5dc6-4721-be05-d33a55fa96ef,2026-05-09 05:00:00+00:00,0.0,13.6,5.0,56.0,1013.3,0.0,0,-0.4139099399927116,-1.792840919204833,-3.131727342476712,-4.472570161817895
9ce470ad-5dc6-4721-be05-d33a55fa96ef,2026-05-09 06:00:00+00:00,0.0,14.3,5.4,55.0,1013.3,0.0,0,0.09943831686159323,-1.8973961160336903,-1.0395584540887977,-4.890738003669028
9ce470ad-5dc6-4721-be05-d33a55fa96ef,2026-05-09 07:00:00+00:00,0.0,13.5,5.6,59.0,1013.0,0.0,0,0.3159976193812666,-1.995130448002178,0.09424299476133058,-5.399177553844513
9ce470ad-5dc6-4721-be05-d33a55fa96ef,2026-05-09 08:00:00+00:00,0.0,12.1,4.8,61.0,1012.8,0.0,0,1.1116573269018724,-1.1921065336392478,-0.076790588324048,-4.399329858688122
9ce470ad-5dc6-4721-be05-d33a55fa96ef,2026-05-09 09:00:00+00:00,0.0,11.5,6.2,70.0,1012.3,0.0,0,1.2082951508156878,-1.4921202459973841,-2.0342036859294526,-7.094111316024794
9ce470ad-5dc6-4721-be05-d33a55fa96ef,2026-05-09 10:00:00+00:00,0.0,12.2,7.3,72.0,1012.1,0.0,0,0.22391828071864292,-3.2021806013340357,0.2547663259282583,-7.295553037239399
9ce470ad-5dc6-4721-be05-d33a55fa96ef,2026-05-09 11:00:00+00:00,0.0,14.0,9.5,74.0,1012.6,0.0,0,-0.40460622010508906,-3.295253223449189,-1.4034039130198768,-6.6024963049531875
9ce470ad-5dc6-4721-be05-d33a55fa96ef,2026-05-09 12:00:00+00:00,70.0,16.2,10.7,70.0,1012.4,0.0,0,6.000769315822031e-16,-4.9,-0.25825627559850667,-7.395492119941309
9ce470ad-5dc6-4721-be05-d33a55fa96ef,2026-05-09 13:00:00+00:00,60.0,17.1,10.3,64.0,1012.3,0.0,0,-0.3093055013957965,-5.901900550399532,-0.6229253105350386,-8.90824696882023
9ce470ad-5dc6-4721-be05-d33a55fa96ef,2026-05-09 14:00:00+00:00,170.0,19.0,11.1,60.0,1012.0,0.0,0,-1.4470653680916061,-6.807907301107287,-1.9653326523784107,-10.110759989510939
9ce470ad-5dc6-4721-be05-d33a55fa96ef,2026-05-09 15:00:00+00:00,240.0,20.7,10.8,53.0,1012.2,0.0,0,-1.8054246806013434,-6.296264108395989,-2.5303509264000508,-8.824382368713767
9ce470ad-5dc6-4721-be05-d33a55fa96ef,2026-05-09 16:00:00+00:00,140.0,21.0,9.6,48.0,1011.7,0.0,0,-1.430557876690225,-4.988948201919875,-1.954268852742523,-6.815345424202681
9ce470ad-5dc6-4721-be05-d33a55fa96ef,2026-05-09 17:00:00+00:00,80.0,22.1,8.2,41.0,1010.8,0.0,0,-2.2949551617152366,-6.305337485473445,-3.4940875080666793,-9.102409158347717
9ce470ad-5dc6-4721-be05-d33a55fa96ef,2026-05-09 18:00:00+00:00,420.0,19.8,12.5,63.0,1010.4,0.0,0,-3.897480259140941,0.8998042173754597,-5.008115715757085,1.0645078569869282
9ce470ad-5dc6-4721-be05-d33a55fa96ef,2026-05-09 19:00:00+00:00,520.0,17.7,14.2,80.0,1010.7,0.0,0,-3.1159252736912455,4.986522805399784,-4.110067840509987,6.0934261582795575
9ce470ad-5dc6-4721-be05-d33a55fa96ef,2026-05-09 20:00:00+00:00,510.0,16.1,16.1,100.0,1009.9,0.0,0,-2.6239135009429306,3.482050823806197,-3.3382148595630907,4.767464897761931
9ce470ad-5dc6-4721-be05-d33a55fa96ef,2026-05-09 21:00:00+00:00,230.0,16.2,13.1,82.0,1010.0,5.8,0,-4.1637991171010006e-16,1.7,-0.48787811979608814,1.7014332018108245
9ce470ad-5dc6-4721-be05-d33a55fa96ef,2026-05-09 22:00:00+00:00,140.0,16.2,12.8,80.0,1010.3,0.0,0,2.2828124404945545,1.9155070768658873,2.7982318233173533,2.7022210610854995
9ce470ad-5dc6-4721-be05-d33a55fa96ef,2026-05-09 23:00:00+00:00,90.0,15.4,12.7,84.0,1010.3,0.0,0,1.3048832600892906,1.7960177275123834,1.4980617265611815,2.702574895060733
9ce470ad-5dc6-4721-be05-d33a55fa96ef,2026-05-10 00:00:00+00:00,60.0,14.3,12.4,88.0,1010.3,0.0,0,0.7127650845910884,1.3988802429757377,2.080996185776049,2.311180407234696
9ce470ad-5dc6-4721-be05-d33a55fa96ef,2026-05-10 01:00:00+00:00,0.0,12.9,11.8,93.0,1010.4,0.0,0,1.3,7.960204194457797e-17,3.596262860111201,-0.3146322313190462
9ce470ad-5dc6-4721-be05-d33a55fa96ef,2026-05-10 02:00:00+00:00,0.0,11.6,10.2,91.0,1010.7,0.0,0,1.4001420049710034,0.5096100135552466,4.5028000353746895,0.3939439572194147
9ce470ad-5dc6-4721-be05-d33a55fa96ef,2026-05-10 03:00:00+00:00,0.0,10.7,9.5,92.0,1010.8,0.0,0,0.4993539088537273,-0.9008582983535777,4.187730663685329,-2.13375534877587
9ce470ad-5dc6-4721-be05-d33a55fa96ef,2026-05-10 04:00:00+00:00,0.0,10.2,8.4,89.0,1011.0,0.0,0,1.0012597271166173,-0.1946251752840757,3.597806977268745,-0.12563818812900343
9ce470ad-5dc6-4721-be05-d33a55fa96ef,2026-05-10 05:00:00+00:00,0.0,9.4,7.5,88.0,1011.1,0.0,0,0.4,2.4492935982947065e-17,2.29859890214392,-0.08026884241575219
9ce470ad-5dc6-4721-be05-d33a55fa96ef,2026-05-10 06:00:00+00:00,0.0,9.1,7.2,88.0,1010.8,0.0,0,0.803962382829471,-0.09871416815816937,2.598340472717594,0.6962232313257808
9ce470ad-5dc6-4721-be05-d33a55fa96ef,2026-05-10 07:00:00+00:00,0.0,8.6,7.2,91.0,1010.5,0.0,0,0.9050149247851287,0.09512090157356465,3.395271763173698,-1.1031906699185619
9ce470ad-5dc6-4721-be05-d33a55fa96ef,2026-05-10 08:00:00+00:00,0.0,8.4,6.9,90.0,1010.9,0.0,0,0.30433808521444916,0.09888543819998319,1.786835703363746,-1.9161466982422266
9ce470ad-5dc6-4721-be05-d33a55fa96ef,2026-05-10 09:00:00+00:00,0.0,8.9,8.0,94.0,1011.0,0.0,0,-1.812501538869307,2.5885204599532137,-3.0090751157602416,3.993177550236464
9ce470ad-5dc6-4721-be05-d33a55fa96ef,2026-05-10 10:00:00+00:00,0.0,10.1,9.9,99.0,1011.7,0.0,0,-0.6043441142891999,1.2960201354624095,-1.2293426069438154,4.287227163884903
9ce470ad-5dc6-4721-be05-d33a55fa96ef,2026-05-10 11:00:00+00:00,0.0,10.9,10.9,100.0,1012.3,0.0,0,-6.613092715395707e-16,2.7,0.07504534768031909,4.2993450891724825
9ce470ad-5dc6-4721-be05-d33a55fa96ef,2026-05-10 12:00:00+00:00,0.0,11.8,11.6,99.0,1012.8,0.0,0,-0.40016356769103223,1.0994403663195127,-0.29505371141687353,1.1011554419695377
9ce470ad-5dc6-4721-be05-d33a55fa96ef,2026-05-10 13:00:00+00:00,0.0,12.8,12.8,100.0,1013.5,0.0,0,-0.2935661446562003,0.9035036904803958,-0.19837595439172764,0.795642495546317
9ce470ad-5dc6-4721-be05-d33a55fa96ef,2026-05-10 14:00:00+00:00,0.0,15.6,14.6,94.0,1013.6,0.0,0,0.49715703440722514,-0.29872208344783147,0.20228756044459262,-0.5006792814660652
9ce470ad-5dc6-4721-be05-d33a55fa96ef,2026-05-10 15:00:00+00:00,210.0,20.9,15.9,73.0,1013.5,0.0,0,-0.5006298635583086,0.09731258764203801,-0.6,-1.1021821192326178e-16
9ce470ad-5dc6-4721-be05-d33a55fa96ef,2026-05-10 16:00:00+00:00,260.0,23.7,15.0,58.0,1013.2,0.0,0,-1.2976767928311101,-0.498131449867968,-1.2976767928311101,-0.498131449867968
9ce470ad-5dc6-4721-be05-d33a55fa96ef,2026-05-10 17:00:00+00:00,390.0,24.7,14.5,53.0,1013.1,0.0,0,-0.29918490227734046,-1.295912186164363,-0.2973137178693961,-1.3987510690493419
9ce470ad-5dc6-4721-be05-d33a55fa96ef,2026-05-10 18:00:00+00:00,450.0,26.2,13.4,45.0,1012.8,0.0,0,-2.0905455372170785,-1.8172835103037053,-2.4973048845678676,-2.0954876075781184
9ce470ad-5dc6-4721-be05-d33a55fa96ef,2026-05-10 19:00:00+00:00,310.0,26.3,12.0,41.0,1012.7,0.0,0,-2.5012163021361316,-0.3071107453809709,-2.993510905058503,-0.3146306744356366
9ce470ad-5dc6-4721-be05-d33a55fa96ef,2026-05-10 20:00:00+00:00,570.0,26.0,13.5,46.0,1012.4,0.0,0,-3.1127777682981685,2.179590458133975,-4.184966134047667,2.717748784724983
9ce470ad-5dc6-4721-be05-d33a55fa96ef,2026-05-10 21:00:00+00:00,420.0,24.3,13.8,52.0,1012.4,0.0,0,-2.4896595082486925,1.2142880766057444,-4.003947933602597,1.3009615463185278
9ce470ad-5dc6-4721-be05-d33a55fa96ef,2026-05-10 22:00:00+00:00,450.0,23.9,12.9,50.0,1013.0,0.0,0,-0.6068626813337781,1.5020378443981957,-1.7868357033637454,1.9161466982422273
9ce470ad-5dc6-4721-be05-d33a55fa96ef,2026-05-10 23:00:00+00:00,710.0,20.0,17.0,83.0,1013.4,0.0,0,1.8962399981120273,0.8049061246879039,2.0905455372170785,1.8172835103037053
9ce470ad-5dc6-4721-be05-d33a55fa96ef,2026-05-11 00:00:00+00:00,220.0,18.9,15.2,79.0,1015.1,0.0,0,-1.3829045864577205,3.1060545559848434,-2.400077429080854,3.9943996212718424
9ce470ad-5dc6-4721-be05-d33a55fa96ef,2026-05-11 01:00:00+00:00,120.0,17.0,15.2,89.0,1015.8,0.0,0,-1.5047716095374026,1.0932805692639997,-2.207140131667862,1.9873179008858077
9ce470ad-5dc6-4721-be05-d33a55fa96ef,2026-05-11 02:00:00+00:00,140.0,16.5,15.0,91.0,1015.1,0.0,0,-0.3041736348254965,0.5969743712062064,-0.9013854005489104,1.6952593782891399
9ce470ad-5dc6-4721-be05-d33a55fa96ef,2026-05-11 03:00:00+00:00,80.0,16.1,14.7,91.0,1015.4,0.0,0,-0.0951209015735646,0.9050149247851287,-1.7062830462150882,1.8950193049673552
9ce470ad-5dc6-4721-be05-d33a55fa96ef,2026-05-11 04:00:00+00:00,10.0,15.7,14.0,90.0,1015.8,0.0,0,-2.499280409439629,0.7166571251241984,-5.505190866036579,1.2709734570428368
9ce470ad-5dc6-4721-be05-d33a55fa96ef,2026-05-11 05:00:00+00:00,10.0,15.6,14.3,92.0,1016.4,0.0,0,-2.3012097525919324,0.20132976574708972,-5.3,-9.735942053221457e-16
9ce470ad-5dc6-4721-be05-d33a55fa96ef,2026-05-11 06:00:00+00:00,20.0,15.4,14.4,94.0,1016.6,0.0,0,-2.486867076662307,2.01382525135948,-4.680004088877138,3.526636035671001
9ce470ad-5dc6-4721-be05-d33a55fa96ef,2026-05-11 07:00:00+00:00,0.0,13.4,6.7,64.0,1017.3,0.0,0,-1.191333988385764,5.604785752204706,-1.8701908734728403,10.60637949994148
9ce470ad-5dc6-4721-be05-d33a55fa96ef,2026-05-11 08:00:00+00:00,0.0,11.2,3.5,59.0,1017.7,0.0,0,0.08377155089896085,4.799268936750678,0.5029485394946902,9.596829828991455
9ce470ad-5dc6-4721-be05-d33a55fa96ef,2026-05-11 09:00:00+00:00,0.0,10.6,2.7,58.0,1018.9,0.0,0,0.2250446118446585,4.294106999444668,0.9449373079395873,8.99047793412919
9ce470ad-5dc6-4721-be05-d33a55fa96ef,2026-05-11 10:00:00+00:00,0.0,10.4,3.2,61.0,1019.6,0.0,0,0.522491113234371,3.2988790575877602,0.7557407894251347,7.190393303512616
9ce470ad-5dc6-4721-be05-d33a55fa96ef,2026-05-11 11:00:00+00:00,0.0,10.4,3.7,63.0,1019.4,0.4,0,0.700662398055849,3.2963574144729253,1.5499127644292299,6.713409746370271
9ce470ad-5dc6-4721-be05-d33a55fa96ef,2026-05-11 12:00:00+00:00,0.0,11.3,4.7,64.0,1020.2,0.0,0,1.598775886235527,2.2005262246998574,2.5274765848576344,3.4787730758122737
9ce470ad-5dc6-4721-be05-d33a55fa96ef,2026-05-11 13:00:00+00:00,0.0,12.8,4.8,58.0,1020.6,0.0,0,2.104271203207054,2.896280839862312,2.9036591463248174,3.9965439522122406
9ce470ad-5dc6-4721-be05-d33a55fa96ef,2026-05-11 14:00:00+00:00,0.0,13.9,3.9,51.0,1020.5,0.0,0,2.306265789923871,2.388208137124322,2.8916730466649936,3.100939694865283
9ce470ad-5dc6-4721-be05-d33a55fa96ef,2026-05-11 15:00:00+00:00,0.0,15.6,3.0,43.0,1020.5,0.0,0,1.8117850072452202,2.6860817350783353,2.0859675041075536,3.212108275230974
9ce470ad-5dc6-4721-be05-d33a55fa96ef,2026-05-11 16:00:00+00:00,0.0,16.9,2.1,37.0,1020.5,0.0,0,0.8907532483360024,2.000664552237296,1.015900934072112,2.393312618976345
9ce470ad-5dc6-4721-be05-d33a55fa96ef,2026-05-11 17:00:00+00:00,0.0,17.9,1.4,33.0,1020.0,0.0,0,-0.10990550811018318,2.097122022984605,-0.08026884241575188,2.29859890214392
9ce470ad-5dc6-4721-be05-d33a55fa96ef,2026-05-11 18:00:00+00:00,0.0,18.7,1.7,32.0,1019.5,0.0,0,-1.2964000055626659,1.6009206806013594,-1.5041230066665026,1.7925439968984078
9ce470ad-5dc6-4721-be05-d33a55fa96ef,2026-05-11 19:00:00+00:00,0.0,19.1,0.2,28.0,1018.8,0.0,0,-1.1979532650709395,0.9027225347280718,-1.4026591414199647,1.0958774260796722
9ce470ad-5dc6-4721-be05-d33a55fa96ef,2026-05-11 20:00:00+00:00,20.0,17.3,3.6,40.0,1018.8,0.0,0,1.1053659341616486,-1.994132932277822,1.2168721468183061,-2.1952954649198833
9ce470ad-5dc6-4721-be05-d33a55fa96ef,2026-05-11 21:00:00+00:00,10.0,18.3,-0.1,29.0,1018.6,0.0,0,-1.4001420049710034,0.5096100135552468,-2.004499380270552,0.6902044874491714
9ce470ad-5dc6-4721-be05-d33a55fa96ef,2026-05-11 22:00:00+00:00,0.0,18.0,-4.1,22.0,1018.6,0.0,0,-2.680904865872309,3.3106417958066943,-3.562744937060126,4.727922219479973
9ce470ad-5dc6-4721-be05-d33a55fa96ef,2026-05-11 23:00:00+00:00,0.0,16.7,-3.4,25.0,1019.0,0.0,0,-2.311180407234697,2.0809961857760477,-4.323232200035293,4.174896806458573
9ce470ad-5dc6-4721-be05-d33a55fa96ef,2026-05-12 00:00:00+00:00,60.0,13.2,5.6,60.0,1019.7,0.0,0,2.702574895060733,-1.4980617265611813,2.813268380474235,-2.278139815600411
9ce470ad-5dc6-4721-be05-d33a55fa96ef,2026-05-12 01:00:00+00:00,70.0,11.3,7.6,78.0,1020.2,0.0,0,1.1168166293592852,-2.1918760495033847,1.80259078621286,-4.695909545280925
9ce470ad-5dc6-4721-be05-d33a55fa96ef,2026-05-12 02:00:00+00:00,50.0,10.3,7.6,83.0,1020.1,0.0,0,0.08026884241575262,-2.29859890214392,-0.33552863870924254,-4.798283081749754
9ce470ad-5dc6-4721-be05-d33a55fa96ef,2026-05-12 03:00:00+00:00,20.0,9.5,7.4,87.0,1020.5,0.0,0,-0.8054041758442108,-1.9934452873185928,-2.2146637221132326,-3.685819393019083
9ce470ad-5dc6-4721-be05-d33a55fa96ef,2026-05-12 04:00:00+00:00,0.0,8.7,7.0,89.0,1020.4,0.0,0,-1.1001708507303547,-1.6941145472497565,-2.7044679458702574,-2.1900349608534357
9ce470ad-5dc6-4721-be05-d33a55fa96ef,2026-05-12 05:00:00+00:00,0.0,8.3,6.2,87.0,1020.3,0.0,0,-1.8017165967071556,-0.9987078177074539,-2.694933055346501,0.7221051358360316
9ce470ad-5dc6-4721-be05-d33a55fa96ef,2026-05-12 06:00:00+00:00,0.0,8.2,3.3,71.0,1020.5,0.0,0,-2.3089960268480048,1.2798973974503305,-4.027650502718962,4.973734153324612
9ce470ad-5dc6-4721-be05-d33a55fa96ef,2026-05-12 07:00:00+00:00,0.0,7.6,1.2,64.0,1020.9,0.0,0,-0.6029564253898811,3.1019418996946184,-0.338874112981283,9.704084930355421
9ce470ad-5dc6-4721-be05-d33a55fa96ef,2026-05-12 08:00:00+00:00,0.0,7.2,1.1,65.0,1021.4,0.0,0,-0.1784656107884403,3.405326713513097,0.30746456594903354,8.804633186038235
9ce470ad-5dc6-4721-be05-d33a55fa96ef,2026-05-12 09:00:00+00:00,0.0,6.5,1.6,71.0,1021.8,0.0,0,-0.1820643964721679,2.6036421711781412,0.5943251562999475,8.499245708213701
9ce470ad-5dc6-4721-be05-d33a55fa96ef,2026-05-12 10:00:00+00:00,0.0,6.1,1.1,70.0,1022.4,0.0,0,-0.31929767972148576,2.600470917300264,0.1326382889233547,7.598842483188573
9ce470ad-5dc6-4721-be05-d33a55fa96ef,2026-05-12 11:00:00+00:00,0.0,7.6,1.4,65.0,1023.3,0.0,0,-0.10990550811018318,2.097122022984605,0.34070707514156434,6.501078271252275
9ce470ad-5dc6-4721-be05-d33a55fa96ef,2026-05-12 12:00:00+00:00,0.0,9.8,0.7,53.0,1024.2,0.0,0,-0.10818843977775255,3.098111563759197,-0.07853582896777603,4.499314628203761
9ce470ad-5dc6-4721-be05-d33a55fa96ef,2026-05-12 13:00:00+00:00,0.0,11.6,-0.6,43.0,1024.3,0.0,0,0.4167931544456044,3.394507838613321,0.4026595314941807,4.602419505183865
9ce470ad-5dc6-4721-be05-d33a55fa96ef,2026-05-12 14:00:00+00:00,0.0,13.3,-1.9,35.0,1023.8,0.0,0,-0.09073869142650215,2.598416150249649,-0.21694263334423072,3.102424196308053
9ce470ad-5dc6-4721-be05-d33a55fa96ef,2026-05-12 15:00:00+00:00,0.0,15.0,-2.4,30.0,1023.6,0.0,0,-0.8063278864769268,2.1005559596187036,-1.0159009340721121,2.3933126189763447
9ce470ad-5dc6-4721-be05-d33a55fa96ef,2026-05-12 16:00:00+00:00,0.0,16.8,-3.4,25.0,1023.3,0.0,0,-1.9965887751182327,1.50453755788012,-2.395906530141879,1.8054450694561437
9ce470ad-5dc6-4721-be05-d33a55fa96ef,2026-05-12 17:00:00+00:00,0.0,18.1,-3.4,23.0,1022.5,0.0,0,-2.9848718560310328,1.5208681741274812,-3.581846227237239,1.8250418089529772
9ce470ad-5dc6-4721-be05-d33a55fa96ef,2026-05-12 18:00:00+00:00,0.0,19.0,-2.6,23.0,1021.6,0.0,0,-3.3993482325068696,1.8074655167256781,-4.107540076508377,2.09289620379931
9ce470ad-5dc6-4721-be05-d33a55fa96ef,2026-05-12 19:00:00+00:00,0.0,19.6,-1.5,24.0,1021.1,0.0,0,-3.106054555984844,1.3829045864577192,-3.7096345594133355,1.5746464478117723
9ce470ad-5dc6-4721-be05-d33a55fa96ef,2026-05-12 20:00:00+00:00,0.0,20.0,-1.2,24.0,1020.6,0.0,0,-2.1018349010122894,0.6829275575686333,-2.4917680726933025,0.8096245252623617
9ce470ad-5dc6-4721-be05-d33a55fa96ef,2026-05-12 21:00:00+00:00,0.0,20.1,-1.1,24.0,1020.4,0.0,0,-1.8995368201534022,0.1996493648412172,-2.101970812973583,0.18389861719755812
9ce470ad-5dc6-4721-be05-d33a55fa96ef,2026-05-12 22:00:00+00:00,0.0,19.7,-0.9,25.0,1020.1,0.0,0,-0.9945569462015568,-0.30406657291164657,-1.1011554419695377,-0.2950537114168735
9ce470ad-5dc6-4721-be05-d33a55fa96ef,2026-05-12 23:00:00+00:00,0.0,15.6,4.6,48.0,1020.2,0.0,0,3.681689363432685,-3.812500941794852,5.501694294035257,-5.697171218682119
9ce470ad-5dc6-4721-be05-d33a55fa96ef,2026-05-13 00:00:00+00:00,0.0,16.4,-1.7,29.0,1021.4,0.0,0,-1.006547226247344,-1.4922676305990752,-2.3999761121226855,-1.4996715177799702
9ce470ad-5dc6-4721-be05-d33a55fa96ef,2026-05-13 01:00:00+00:00,0.0,13.9,-0.5,37.0,1021.7,0.0,0,1.8997902189350655,-1.5941132720226177,1.8900720137311244,-2.8021469952360407
9ce470ad-5dc6-4721-be05-d33a55fa96ef,2026-05-13 02:00:00+00:00,0.0,12.4,3.1,53.0,1021.5,0.0,0,0.9764937022248341,-3.005338591492685,1.4429071342752497,-6.788344349092612
9ce470ad-5dc6-4721-be05-d33a55fa96ef,2026-05-13 03:00:00+00:00,0.0,11.3,2.8,56.0,1021.6,0.0,0,0.5781242096637336,-2.5041310664980543,0.6737138914393979,-7.700585016249193
9ce470ad-5dc6-4721-be05-d33a55fa96ef,2026-05-13 04:00:00+00:00,0.0,10.7,4.1,64.0,1021.8,0.0,0,0.4167931544456046,-3.394507838613321,0.8623598219581433,-8.204805636788254
9ce470ad-5dc6-4721-be05-d33a55fa96ef,2026-05-13 05:00:00+00:00,0.0,10.2,6.9,80.0,1021.6,0.0,0,0.28848550849474863,-3.2974044506836777,0.4087438182573911,-7.7992966664332215
9ce470ad-5dc6-4721-be05-d33a55fa96ef,2026-05-13 06:00:00+00:00,0.0,10.0,7.0,82.0,1021.0,0.0,0,1.0073954016623288,-3.1004442431222,1.5531003304086621,-7.306762577481528
9ce470ad-5dc6-4721-be05-d33a55fa96ef,2026-05-13 07:00:00+00:00,0.0,10.3,7.6,83.0,1020.7,0.0,0,1.3128565917239599,-3.0928963076001996,2.0066399503477546,-6.9979851464309615
9ce470ad-5dc6-4721-be05-d33a55fa96ef,2026-05-13 08:00:00+00:00,0.0,10.9,7.9,82.0,1020.4,0.0,0,0.9217224222347341,-3.6968267171115468,1.3926583848887808,-7.898158179157908
9ce470ad-5dc6-4721-be05-d33a55fa96ef,2026-05-13 09:00:00+00:00,0.0,11.5,7.8,78.0,1019.8,0.0,0,0.5155073226037742,-4.1984702214427925,0.6152520984231872,-8.79851492329165
9ce470ad-5dc6-4721-be05-d33a55fa96ef,2026-05-13 10:00:00+00:00,0.0,11.6,7.5,76.0,1019.4,0.0,0,0.16053768483150524,-4.59719780428784,-0.16579786115419454,-9.498553103985717
9ce470ad-5dc6-4721-be05-d33a55fa96ef,2026-05-13 11:00:00+00:00,0.0,13.0,8.3,73.0,1019.4,0.0,0,-0.2831375232743247,-5.402585783022245,-0.8401813600874226,-9.603316889604427
9ce470ad-5dc6-4721-be05-d33a55fa96ef,2026-05-13 12:00:00+00:00,0.0,15.2,8.2,63.0,1019.5,0.0,0,-1.245982739808837,-6.410025507913246,-2.281003691046791,-9.880112456922285
9ce470ad-5dc6-4721-be05-d33a55fa96ef,2026-05-13 13:00:00+00:00,0.0,16.8,6.3,50.0,1018.9,0.0,0,-2.04367821601193,-6.684570244181618,-3.1810041473833763,-10.404595744877826
9ce470ad-5dc6-4721-be05-d33a55fa96ef,2026-05-13 14:00:00+00:00,0.0,19.0,5.1,40.0,1017.7,0.0,0,-2.2465535491058666,-6.914180873465766,-3.666455936451168,-10.07350489482494
9ce470ad-5dc6-4721-be05-d33a55fa96ef,2026-05-13 15:00:00+00:00,0.0,20.8,5.2,36.0,1017.0,0.0,0,-2.0601995990160655,-7.688769577260984,-2.976419018678989,-11.108147002324285
9ce470ad-5dc6-4721-be05-d33a55fa96ef,2026-05-13 16:00:00+00:00,0.0,21.9,6.2,36.0,1015.6,0.0,0,-1.7090340985219834,-8.040373278031883,-2.9611240021399303,-11.876419689618197
9ce470ad-5dc6-4721-be05-d33a55fa96ef,2026-05-13 17:00:00+00:00,10.0,22.8,6.7,36.0,1014.3,0.0,0,-2.246444449908542,-7.8342828218972995,-3.6517225919869825,-11.944246401978313
9ce470ad-5dc6-4721-be05-d33a55fa96ef,2026-05-13 18:00:00+00:00,22.5,23.1,7.3,36.0,1013.0,0.0,0,-2.359439657112486,-7.717379380621696,-3.9090649788430833,-12.030864931133694
9ce470ad-5dc6-4721-be05-d33a55fa96ef,2026-05-13 19:00:00+00:00,50.0,22.5,8.2,40.0,1011.6,0.0,0,-2.039716433045793,-7.11333654994356,-3.523079041908978,-11.523472309354577
9ce470ad-5dc6-4721-be05-d33a55fa96ef,2026-05-13 20:00:00+00:00,20.0,21.5,9.0,45.0,1011.0,0.0,0,-1.5454137433423525,-6.693922345074566,-2.1962115367840296,-11.298528881482612
9ce470ad-5dc6-4721-be05-d33a55fa96ef,2026-05-13 21:00:00+00:00,0.0,19.1,9.0,52.0,1010.4,0.0,0,0.09773347604878725,-5.599147092875791,0.5244062815542969,-10.00626793824083
9ce470ad-5dc6-4721-be05-d33a55fa96ef,2026-05-13 22:00:00+00:00,0.0,18.8,9.3,54.0,1009.9,0.3,0,0.7117169654860617,-5.79646952558532,0.910777511713028,-10.410234595058741
9ce470ad-5dc6-4721-be05-d33a55fa96ef,2026-05-13 23:00:00+00:00,0.0,17.4,9.5,60.0,1009.7,0.0,0,0.4331877019510195,-6.1948727521135085,0.38389446372751257,-10.993299097210054
9ce470ad-5dc6-4721-be05-d33a55fa96ef,2026-05-14 00:00:00+00:00,0.0,17.3,8.2,55.0,1011.0,0.0,0,1.6376436756233388,-7.093414071636512,2.413733791513294,-12.41758387061295
9ce470ad-5dc6-4721-be05-d33a55fa96ef,2026-05-14 01:00:00+00:00,0.0,16.7,8.2,57.0,1011.2,0.0,0,0.5072464227913707,-5.79785314289396,0.9099059542855515,-10.400272648077824
9ce470ad-5dc6-4721-be05-d33a55fa96ef,2026-05-14 02:00:00+00:00,0.0,16.0,8.7,62.0,1010.4,0.0,0,0.6889068497523234,-4.901826940270773,0.9449373079395896,-8.99047793412919
9ce470ad-5dc6-4721-be05-d33a55fa96ef,2026-05-14 03:00:00+00:00,0.0,15.9,8.8,63.0,1009.7,0.0,0,1.470629674755365,-4.810212922494069,2.1410087760570593,-8.587117177542568
9ce470ad-5dc6-4721-be05-d33a55fa96ef,2026-05-14 04:00:00+00:00,0.0,15.6,8.8,64.0,1009.3,0.0,0,2.0282896022680856,-5.890580725983744,2.9493197072418913,-10.285500146540011
9ce470ad-5dc6-4721-be05-d33a55fa96ef,2026-05-14 05:00:00+00:00,0.0,15.6,9.5,67.0,1009.5,0.0,0,-1.3689452850810164,-4.2131803671875305,-2.552454330944109,-7.412865632698643
9ce470ad-5dc6-4721-be05-d33a55fa96ef,2026-05-14 06:00:00+00:00,10.0,15.0,10.4,74.0,1009.0,0.0,0,-2.5036934691162265,-1.6887625684816547,-4.799952224245371,-2.9993430355599404
9ce470ad-5dc6-4721-be05-d33a55fa96ef,2026-05-14 07:00:00+00:00,40.0,14.4,12.2,87.0,1008.1,0.0,0,1.596422529310215,-0.6128091937224635,1.3067624374312117,-0.6948179129231186
9ce470ad-5dc6-4721-be05-d33a55fa96ef,2026-05-14 08:00:00+00:00,0.0,14.0,12.4,90.0,1007.8,0.4,0,-0.300354172877243,-1.8963616139426644,-0.30591665704427934,-3.496643390302027
9ce470ad-5dc6-4721-be05-d33a55fa96ef,2026-05-14 09:00:00+00:00,0.0,12.9,10.9,88.0,1008.0,0.0,0,-0.9850000000000002,-1.706070045455344,-3.009075115760242,-3.993177550236464
9ce470ad-5dc6-4721-be05-d33a55fa96ef,2026-05-14 10:00:00+00:00,10.0,12.3,10.9,91.0,1007.8,0.0,0,-1.0169387194165846,-1.9958546141819442,-3.1975517724710536,-4.401052449399715
9ce470ad-5dc6-4721-be05-d33a55fa96ef,2026-05-14 11:00:00+00:00,30.0,13.3,11.3,88.0,1008.2,0.0,0,-2.6827528199733934,-2.4155614889554777,-4.573285325420298,-3.8374420298286407
9ce470ad-5dc6-4721-be05-d33a55fa96ef,2026-05-14 12:00:00+00:00,50.0,14.4,11.0,80.0,1008.8,0.0,0,-4.605414143615734,0.5654737533998853,-6.803141632254588,0.9561192035956497
9ce470ad-5dc6-4721-be05-d33a55fa96ef,2026-05-14 13:00:00+00:00,40.0,15.2,10.0,71.0,1008.7,0.0,0,-3.986388421143051,1.5302311445584325,-5.497201831597564,2.0008178384551636
9ce470ad-5dc6-4721-be05-d33a55fa96ef,2026-05-14 14:00:00+00:00,80.0,16.9,9.4,61.0,1008.5,0.0,0,-4.689772134972612,1.6148180461074952,-6.193146670175526,2.132471411694374
9ce470ad-5dc6-4721-be05-d33a55fa96ef,2026-05-14 15:00:00+00:00,30.0,17.7,8.2,54.0,1008.5,0.0,0,-5.2015014241196775,2.101542989063266,-6.573733528878523,2.6559607473188156
9ce470ad-5dc6-4721-be05-d33a55fa96ef,2026-05-14 16:00:00+00:00,15.0,17.1,6.3,49.0,1008.1,0.0,0,-4.501589699307787,1.039273871068656,-6.288177129141835,1.6849119836174071
9ce470ad-5dc6-4721-be05-d33a55fa96ef,2026-05-14 17:00:00+00:00,20.0,18.1,5.3,43.0,1007.5,0.0,0,-4.342975347258097,0.9231279072308519,-6.893654271085457,1.2155372436685097
9ce470ad-5dc6-4721-be05-d33a55fa96ef,2026-05-14 18:00:00+00:00,32.5,18.6,4.7,40.0,1006.9,0.0,0,-5.29826571120568,0.9342271958480832,-7.951852591994809,1.1175600007093256
9ce470ad-5dc6-4721-be05-d33a55fa96ef,2026-05-14 19:00:00+00:00,20.0,18.1,3.5,38.0,1006.6,0.0,0,-5.6956359132401,1.4200815271700478,-8.893542282035835,1.728729498111499
9ce470ad-5dc6-4721-be05-d33a55fa96ef,2026-05-14 20:00:00+00:00,30.0,17.3,3.5,40.0,1006.5,0.0,0,-5.405430669418798,2.074950427867289,-8.596739853972709,2.3034895014124306
9ce470ad-5dc6-4721-be05-d33a55fa96ef,2026-05-14 21:00:00+00:00,20.0,16.1,3.5,43.0,1006.6,0.0,0,-4.910633043375281,1.8850154146082798,-8.21090329279577,3.4853216661243196
9ce470ad-5dc6-4721-be05-d33a55fa96ef,2026-05-14 22:00:00+00:00,30.0,15.2,3.6,46.0,1007.1,0.0,0,-4.008998760541104,1.3804089748983428,-6.375977665046194,3.5342621315957987
9ce470ad-5dc6-4721-be05-d33a55fa96ef,2026-05-14 23:00:00+00:00,30.0,14.2,5.3,55.0,1007.6,0.0,0,-4.191776114972436,1.6090720934583989,-6.712443266514881,2.57666555723071
9ce470ad-5dc6-4721-be05-d33a55fa96ef,2026-05-15 00:00:00+00:00,80.0,12.4,6.6,68.0,1008.7,0.0,0,-3.0929630945953304,0.32508352076240077,-6.489883092350452,1.1443414908250684
9ce470ad-5dc6-4721-be05-d33a55fa96ef,2026-05-15 01:00:00+00:00,90.0,11.9,7.0,72.0,1009.2,0.0,0,-2.6983552329515588,0.09422864109675347,-6.404361202668072,0.4478365614372839
9ce470ad-5dc6-4721-be05-d33a55fa96ef,2026-05-15 02:00:00+00:00,60.0,11.4,7.1,75.0,1009.2,0.0,0,-3.395271763173698,1.1031906699185616,-7.095211241378733,2.7235964165442828
9ce470ad-5dc6-4721-be05-d33a55fa96ef,2026-05-15 03:00:00+00:00,20.0,10.4,6.3,76.0,1009.5,0.0,0,-3.5044090449081597,0.681188113494266,-7.393653434223094,1.8434448444694658
9ce470ad-5dc6-4721-be05-d33a55fa96ef,2026-05-15 04:00:00+00:00,0.0,9.6,6.2,79.0,1009.7,0.0,0,-3.297989729163016,0.11516833911825422,-7.190393303512617,0.7557407894251311
9ce470ad-5dc6-4721-be05-d33a55fa96ef,2026-05-15 05:00:00+00:00,0.0,9.1,6.0,81.0,1009.3,0.0,0,-3.1066694546373377,0.38145104485811226,-6.788344349092611,1.4429071342752504
9ce470ad-5dc6-4721-be05-d33a55fa96ef,2026-05-15 06:00:00+00:00,0.0,8.7,5.9,83.0,1009.2,0.0,0,-3.002667791282071,0.2099669859698169,-6.910655371471553,1.3432953274508777
9ce470ad-5dc6-4721-be05-d33a55fa96ef,2026-05-15 07:00:00+00:00,0.0,8.4,5.8,84.0,1009.4,0.0,0,-3.002667791282071,0.2099669859698169,-6.992135046386678,1.2329020614352026
9ce470ad-5dc6-4721-be05-d33a55fa96ef,2026-05-15 08:00:00+00:00,0.0,8.1,5.8,85.0,1009.7,0.0,0,-3.1066694546373377,0.38145104485811226,-6.986129229187176,1.7418376483176055
9ce470ad-5dc6-4721-be05-d33a55fa96ef,2026-05-15 09:00:00+00:00,0.0,7.8,5.7,87.0,1009.9,0.0,0,-3.1024241963080534,0.21694263334422942,-7.297425449820462,1.2867329965119512
9ce470ad-5dc6-4721-be05-d33a55fa96ef,2026-05-15 10:00:00+00:00,0.0,7.6,5.8,88.0,1010.4,0.0,0,-3.002667791282071,0.2099669859698169,-7.308893720404019,1.157615041297707
9ce470ad-5dc6-4721-be05-d33a55fa96ef,2026-05-15 11:00:00+00:00,0.0,9.0,6.6,85.0,1011.0,0.0,0,-3.599797144483947,0.8975302326747662,-6.713259386860508,2.0524493671536117
9ce470ad-5dc6-4721-be05-d33a55fa96ef,2026-05-15 12:00:00+00:00,0.0,10.6,6.9,78.0,1011.7,0.0,0,-4.381844732768372,2.42889619743415,-6.497328139322011,3.9039886078182104
9ce470ad-5dc6-4721-be05-d33a55fa96ef,2026-05-15 13:00:00+00:00,10.0,11.9,7.2,73.0,1011.7,0.0,0,-4.113033266358666,2.5701084315310423,-5.728649626355338,3.8640229629828617
9ce470ad-5dc6-4721-be05-d33a55fa96ef,2026-05-15 14:00:00+00:00,0.0,13.2,7.2,67.0,1011.9,0.0,0,-4.113033266358666,2.5701084315310423,-5.627479510913797,3.6545279249508287
9ce470ad-5dc6-4721-be05-d33a55fa96ef,2026-05-15 15:00:00+00:00,10.0,14.7,7.2,61.0,1012.6,0.0,0,-4.375928176167158,2.7343834034433363,-5.81198703586179,3.7743485126541345
9ce470ad-5dc6-4721-be05-d33a55fa96ef,2026-05-15 16:00:00+00:00,22.5,15.3,6.9,57.0,1012.6,0.0,0,-4.346859944482796,2.4095038126242962,-5.869586013689695,3.9590857565728887
9ce470ad-5dc6-4721-be05-d33a55fa96ef,2026-05-15 17:00:00+00:00,30.0,15.7,7.1,56.0,1012.6,0.0,0,-4.439804080046335,3.1087842850226695,-6.463109629440145,4.525518082809753
9ce470ad-5dc6-4721-be05-d33a55fa96ef,2026-05-15 18:00:00+00:00,22.5,14.6,6.8,60.0,1012.4,0.0,0,-4.181045272638503,3.3857437038481257,-6.839933341306345,5.343941605826716
9ce470ad-5dc6-4721-be05-d33a55fa96ef,2026-05-15 19:00:00+00:00,10.0,14.1,6.4,60.0,1012.7,0.0,0,-3.3131750571779697,2.8800991372683256,-6.004413890293389,5.599206536113114
9ce470ad-5dc6-4721-be05-d33a55fa96ef,2026-05-15 20:00:00+00:00,0.0,16.0,6.7,54.0,1013.1,0.0,0,-3.3089630815577946,3.195428504111387,-5.8867347257376235,5.117260426125955
9ce470ad-5dc6-4721-be05-d33a55fa96ef,2026-05-15 21:00:00+00:00,20.0,16.3,7.0,54.0,1013.3,0.0,0,-2.5274765848576353,3.4787730758122732,-5.484653482360641,6.3093720906623725
9ce470ad-5dc6-4721-be05-d33a55fa96ef,2026-05-15 22:00:00+00:00,10.0,16.3,7.0,54.0,1013.7,0.0,0,-2.907460206650251,3.5904143419312042,-2.8846172404657047,5.2039872574794055
9ce470ad-5dc6-4721-be05-d33a55fa96ef,2026-05-15 23:00:00+00:00,0.0,15.7,7.2,57.0,1014.5,0.0,0,-2.4961091071751196,2.4104645454927205,-1.917268530067359,4.994655281760028
9ce470ad-5dc6-4721-be05-d33a55fa96ef,2026-05-16 00:00:00+00:00,0.0,16.1,7.3,56.0,1016.1,0.0,0,-2.196940552641805,0.7138292570061281,-4.907415492793452,2.3935064614683625
9ce470ad-5dc6-4721-be05-d33a55fa96ef,2026-05-16 01:00:00+00:00,0.0,14.5,7.3,62.0,1017.0,0.0,0,-2.4008292224011067,0.21004534002185551,-5.909564099727287,2.2684691206217513
9ce470ad-5dc6-4721-be05-d33a55fa96ef,2026-05-16 02:00:00+00:00,0.0,13.6,7.3,66.0,1017.7,0.0,0,-2.1969849764600626,-0.11513910373447749,-5.602627872515103,1.2934685624772233
9ce470ad-5dc6-4721-be05-d33a55fa96ef,2026-05-16 03:00:00+00:00,0.0,12.5,7.4,71.0,1018.8,0.0,0,-2.000664552237296,-0.8907532483360022,-5.60231168997316,-0.2936047145229176
9ce470ad-5dc6-4721-be05-d33a55fa96ef,2026-05-16 04:00:00+00:00,0.0,12.0,7.9,76.0,1019.2,0.0,0,-2.1988807326390254,-0.8003271353820643,-5.502448736497701,-0.2883711188986231
9ce470ad-5dc6-4721-be05-d33a55fa96ef,2026-05-16 05:00:00+00:00,0.0,11.4,7.7,78.0,1019.2,0.0,0,-2.111697143795395,-0.9847005498558291,-4.703773326522459,-0.6610722295603126
9ce470ad-5dc6-4721-be05-d33a55fa96ef,2026-05-16 06:00:00+00:00,0.0,10.9,7.2,78.0,1019.0,0.0,0,-1.7909790294005206,-1.6126047613248482,-3.80034910379322,-1.6920244351953284
9ce470ad-5dc6-4721-be05-d33a55fa96ef,2026-05-16 07:00:00+00:00,0.0,10.4,7.1,80.0,1019.3,0.0,0,-1.5890561789456212,-1.7040541247726675,-4.117872488612033,-2.6741776619237827
9ce470ad-5dc6-4721-be05-d33a55fa96ef,2026-05-16 08:00:00+00:00,0.0,10.0,6.9,81.0,1019.9,0.0,0,-1.6126047613248484,-1.7909790294005203,-4.226373649247523,-3.6739305623468406
9ce470ad-5dc6-4721-be05-d33a55fa96ef,2026-05-16 09:00:00+00:00,0.0,9.7,7.0,83.0,1019.9,0.0,0,-1.5164859509145805,-2.0872638454873647,-4.737444693020716,-5.261465364379951
9ce470ad-5dc6-4721-be05-d33a55fa96ef,2026-05-16 10:00:00+00:00,0.0,9.3,7.3,87.0,1020.0,0.0,0,-1.6110602010875843,-1.9894936613298453,-5.259366565980626,-5.841118328252319
9ce470ad-5dc6-4721-be05-d33a55fa96ef,2026-05-16 11:00:00+00:00,0.0,11.9,8.0,77.0,1020.5,0.0,0,-1.5887916611214077,-2.108397746524853,-4.921285458009731,-6.077281418593512
9ce470ad-5dc6-4721-be05-d33a55fa96ef,2026-05-16 12:00:00+00:00,0.0,15.7,8.2,61.0,1020.8,0.0,0,-2.0859675041075536,-3.212108275230974,-3.292328744655005,-4.701932734218813
9ce470ad-5dc6-4721-be05-d33a55fa96ef,2026-05-16 13:00:00+00:00,0.0,18.6,8.3,51.0,1021.0,0.0,0,-2.796193276256243,-2.998550176638599,-3.812370832749366,-4.0882671920511635
9ce470ad-5dc6-4721-be05-d33a55fa96ef,2026-05-16 14:00:00+00:00,0.0,21.0,8.0,43.0,1020.7,0.0,0,-3.0981763322471276,-3.208255509510384,-4.077644634594314,-4.222524627987882
9ce470ad-5dc6-4721-be05-d33a55fa96ef,2026-05-16 15:00:00+00:00,0.0,22.9,7.5,37.0,1020.6,0.0,0,-3.3021886681411767,-3.3021886681411776,-4.1012193308819755,-4.101219330881976
9ce470ad-5dc6-4721-be05-d33a55fa96ef,2026-05-16 16:00:00+00:00,0.0,24.1,7.6,35.0,1019.5,0.0,0,-2.7567128332516986,-3.794289703618504,-3.6570291634344096,-4.680783876423929
9ce470ad-5dc6-4721-be05-d33a55fa96ef,2026-05-16 17:00:00+00:00,0.0,25.0,7.4,32.0,1019.0,0.0,0,-3.064790304412709,-3.7847008322954476,-4.344329553598115,-4.658723079314116
9ce470ad-5dc6-4721-be05-d33a55fa96ef,2026-05-16 18:00:00+00:00,0.0,25.5,6.9,30.0,1018.3,0.0,0,-2.442927808115074,-3.9095017232811244,-4.293821232706082,-5.117176880034773
9ce470ad-5dc6-4721-be05-d33a55fa96ef,2026-05-16 19:00:00+00:00,0.0,25.8,7.8,32.0,1017.8,0.0,0,-2.799053009393105,-3.99746197613028,-4.557364152677563,-5.431255101713554
9ce470ad-5dc6-4721-be05-d33a55fa96ef,2026-05-16 20:00:00+00:00,0.0,26.2,8.2,32.0,1017.1,0.0,0,-2.799053009393105,-3.99746197613028,-4.6087871614524865,-5.492538657163072
9ce470ad-5dc6-4721-be05-d33a55fa96ef,2026-05-16 21:00:00+00:00,0.0,25.9,8.8,34.0,1016.6,0.0,0,-3.2999769158222505,-3.796189188520544,-4.465467471788199,-5.925875484550913
9ce470ad-5dc6-4721-be05-d33a55fa96ef,2026-05-16 22:00:00+00:00,0.0,25.3,9.5,37.0,1016.3,0.0,0,-3.2106427501081582,-2.9939728006743684,-3.5716558409318004,-5.7158441680943115
9ce470ad-5dc6-4721-be05-d33a55fa96ef,2026-05-16 23:00:00+00:00,0.0,24.0,10.6,43.0,1016.2,0.0,0,-1.391403610106987,-2.5101585594900664,-1.7853451481599902,-4.905195480502441
9ce470ad-5dc6-4721-be05-d33a55fa96ef,2026-05-17 00:00:00+00:00,0.0,23.1,7.2,36.0,1015.3,0.0,0,0.6220373249275366,-3.200104618039384,0.5036417404325862,-7.20241244287593
9ce470ad-5dc6-4721-be05-d33a55fa96ef,2026-05-17 01:00:00+00:00,0.0,20.8,9.1,47.0,1015.2,0.0,0,0.6889068497523234,-4.901826940270773,0.8488969343621908,-9.702936359413602
9ce470ad-5dc6-4721-be05-d33a55fa96ef,2026-05-17 02:00:00+00:00,0.0,19.8,10.0,53.0,1014.9,0.0,0,-0.08202631025523309,-4.699284167235039,-0.5134157307432764,-9.79655573594237
9ce470ad-5dc6-4721-be05-d33a55fa96ef,2026-05-17 03:00:00+00:00,0.0,20.0,10.2,53.0,1015.3,0.0,0,-0.34250428608365513,-4.898039486775737,-0.8488969343621884,-9.702936359413602
9ce470ad-5dc6-4721-be05-d33a55fa96ef,2026-05-17 04:00:00+00:00,0.0,19.4,10.4,56.0,1015.5,0.0,0,-0.6179285682626909,-4.396790225212572,-1.3625441905004099,-8.602765446583652
9ce470ad-5dc6-4721-be05-d33a55fa96ef,2026-05-17 05:00:00+00:00,0.0,18.9,10.7,59.0,1015.5,0.0,0,-1.3211123542420808,-2.5928289853881505,-3.295000000000001,-5.70710741093945
9ce470ad-5dc6-4721-be05-d33a55fa96ef,2026-05-17 06:00:00+00:00,0.0,17.5,10.6,64.0,1015.4,0.0,0,-1.4899007702880926,-1.9069860237282672,-4.503248980795116,-5.001364675462864
9ce470ad-5dc6-4721-be05-d33a55fa96ef,2026-05-17 07:00:00+00:00,0.0,18.5,10.6,60.0,1015.7,0.0,0,-3.106669454637338,-0.38145104485811065,-7.698827252704213,-0.13438352956708294
9ce470ad-5dc6-4721-be05-d33a55fa96ef,2026-05-17 08:00:00+00:00,0.0,18.8,11.1,61.0,1016.2,0.0,0,-2.4917680726933025,-0.8096245252623626,-6.399025249000904,-0.11169540119861439
9ce470ad-5dc6-4721-be05-d33a55fa96ef,2026-05-17 09:00:00+00:00,0.0,19.0,12.5,66.0,1016.9,0.0,0,-2.2052399429964114,-1.487453123232186,-5.3837763373320096,-2.6258431692665756
9ce470ad-5dc6-4721-be05-d33a55fa96ef,2026-05-17 10:00:00+00:00,0.0,18.7,13.3,71.0,1017.1,0.0,0,-2.308996026848005,-1.2798973974503294,-6.199145263330687,-2.8907089103063823
9ce470ad-5dc6-4721-be05-d33a55fa96ef,2026-05-17 11:00:00+00:00,0.0,20.0,15.2,74.0,1017.6,0.0,0,-1.9161466982422266,-1.7868357033637463,-4.680004088877136,-3.526636035671003
9ce470ad-5dc6-4721-be05-d33a55fa96ef,2026-05-17 12:00:00+00:00,10.0,22.5,16.3,68.0,1018.3,0.0,0,-2.5958236867358813,-1.101861782339752,-3.5050534755314384,-1.2757351346047436
9ce470ad-5dc6-4721-be05-d33a55fa96ef,2026-05-17 13:00:00+00:00,100.0,22.9,16.0,65.0,1019.4,0.0,0,-3.195852785525691,1.1004203620651882,-4.49052185145154,1.7237498373128948
9ce470ad-5dc6-4721-be05-d33a55fa96ef,2026-05-17 14:00:00+00:00,110.0,24.5,17.0,63.0,1019.3,0.0,0,-2.4939790993643007,-1.1103910355969342,-3.0100508707894797,-1.2776907901599255
9ce470ad-5dc6-4721-be05-d33a55fa96ef,2026-05-17 15:00:00+00:00,280.0,25.8,16.9,58.0,1019.9,0.0,0,-2.6015680729765776,-0.6006193150981202,-3.1019418996946184,-0.602956425389881
9ce470ad-5dc6-4721-be05-d33a55fa96ef,2026-05-17 16:00:00+00:00,277.5,27.5,16.8,52.0,1019.3,0.0,0,-3.1019418996946184,-0.602956425389881,-3.7792646562735066,-0.7346146321996968
9ce470ad-5dc6-4721-be05-d33a55fa96ef,2026-05-17 17:00:00+00:00,275.0,27.5,17.0,53.0,1018.7,0.35,0,-3.838505238896676,-1.6293488058002719,-4.901081425869733,-1.1315038033496423
9ce470ad-5dc6-4721-be05-d33a55fa96ef,2026-05-17 18:00:00+00:00,247.5,26.1,18.3,62.0,1018.2,0.9,0,-3.4887133945847486,-1.4808709769743478,-4.495852500190301,0.8739051988245766
9ce470ad-5dc6-4721-be05-d33a55fa96ef,2026-05-17 19:00:00+00:00,290.0,27.4,17.0,53.0,1017.6,0.0,0,-3.9983194772295643,-0.7050116013277371,-4.505668772024777,0.8758132887783421
9ce470ad-5dc6-4721-be05-d33a55fa96ef,2026-05-17 20:00:00+00:00,380.0,27.7,16.6,51.0,1017.3,0.0,0,-3.899406011109926,-0.06806438510540563,-5.599147092875791,0.09773347604878552
9ce470ad-5dc6-4721-be05-d33a55fa96ef,2026-05-17 21:00:00+00:00,330.0,27.1,16.7,53.0,1017.6,0.0,0,-3.9013689453507943,0.6179161369089112,-6.396101292922213,-0.2233567788960049
9ce470ad-5dc6-4721-be05-d33a55fa96ef,2026-05-17 22:00:00+00:00,310.0,26.3,16.8,56.0,1018.3,0.0,0,-2.8953347938558918,0.5105256423407741,-5.897514839533861,0.6198537871771822
9ce470ad-5dc6-4721-be05-d33a55fa96ef,2026-05-17 23:00:00+00:00,380.0,25.7,17.1,59.0,1018.6,0.0,0,-2.3012097525919324,-0.20132976574709055,-4.6971368869897505,-0.1640276345017536
9ce470ad-5dc6-4721-be05-d33a55fa96ef,2026-05-18 00:00:00+00:00,50.0,26.5,13.6,45.0,1019.0,0.0,0,-0.9717885547654967,-4.209278679872217,-1.995855638697257,-8.00493974177697
9ce470ad-5dc6-4721-be05-d33a55fa96ef,2026-05-18 01:00:00+00:00,0.0,24.1,13.9,53.0,1019.3,0.0,0,-0.33206337986857676,-3.7955017997295504,-0.8613145373254648,-8.194860417834573
9ce470ad-5dc6-4721-be05-d33a55fa96ef,2026-05-18 02:00:00+00:00,0.0,22.7,13.2,55.0,1019.2,0.0,0,-0.2947702664147828,-2.8045517449385304,-0.8469919366657738,-6.8981957539071885
9ce470ad-5dc6-4721-be05-d33a55fa96ef,2026-05-18 03:00:00+00:00,0.0,21.6,13.0,58.0,1019.8,0.0,0,-0.30522311274154823,-2.904003934475358,-1.0257057540756829,-7.298275666625373
9ce470ad-5dc6-4721-be05-d33a55fa96ef,2026-05-18 04:00:00+00:00,0.0,20.4,13.4,64.0,1020.0,0.0,0,-0.4775324885840588,-2.708221320783572,-1.3752935671220894,-7.799677403856688
b60168a1-f912-4690-b5f6-032c659a2ac0,2026-04-20 00:00:00+00:00,0.0,20.2,2.0,30.0,1022.2,0.0,0,-1.014529255090831,-4.394408992181411,-1.866064898881083,-6.507741681502418
b60168a1-f912-4690-b5f6-032c659a2ac0,2026-04-20 01:00:00+00:00,0.0,17.7,1.6,34.0,1022.0,0.0,0,-0.623114420532506,-2.6990050794551017,-1.7199771002980737,-5.99827298265511
b60168a1-f912-4690-b5f6-032c659a2ac0,2026-04-20 02:00:00+00:00,0.0,15.0,3.8,47.0,1022.7,0.0,0,-1.001547409400757,-1.602810901735645,-2.774576936064615,-5.218220273796258
b60168a1-f912-4690-b5f6-032c659a2ac0,2026-04-20 03:00:00+00:00,0.0,13.6,3.9,52.0,1023.0,0.0,0,0.5154418553777885,-1.7975593714046565,-0.6303066335039507,-5.996967029070688
b60168a1-f912-4690-b5f6-032c659a2ac0,2026-04-20 04:00:00+00:00,0.0,12.3,3.0,53.0,1023.7,0.0,0,-0.5975470821311788,-2.3966304439017114,-2.26588071160121,-7.411361858713525
b60168a1-f912-4690-b5f6-032c659a2ac0,2026-04-20 05:00:00+00:00,0.0,11.3,2.6,55.0,1023.4,0.0,0,2.6942229581241775e-16,-2.2,-0.8847714331213694,-7.205885060915998
b60168a1-f912-4690-b5f6-032c659a2ac0,2026-04-20 06:00:00+00:00,0.0,10.6,3.2,60.0,1023.4,0.0,0,-0.1046984901075027,-2.998172481057287,-0.8728126682849067,-8.304257826325081
b60168a1-f912-4690-b5f6-032c659a2ac0,2026-04-20 07:00:00+00:00,0.0,10.6,2.6,58.0,1023.1,0.0,0,-0.11516833911825296,-3.297989729163016,-0.5873495089255348,-8.39948930318772
b60168a1-f912-4690-b5f6-032c659a2ac0,2026-04-20 08:00:00+00:00,0.0,10.0,2.6,60.0,1022.8,0.0,0,3.9188697572715305e-16,-3.2,-0.5803738615511222,-8.299732898161738
b60168a1-f912-4690-b5f6-032c659a2ac0,2026-04-20 09:00:00+00:00,0.0,9.4,3.6,67.0,1022.6,0.0,0,0.10120854043725332,-2.8982333983553774,9.552245033349355e-16,-7.8
b60168a1-f912-4690-b5f6-032c659a2ac0,2026-04-20 10:00:00+00:00,0.0,9.1,3.7,69.0,1022.8,0.0,0,-0.20996698596981705,-3.0026677912820707,-1.068794141663142,-8.704629749894394
b60168a1-f912-4690-b5f6-032c659a2ac0,2026-04-20 11:00:00+00:00,0.0,8.9,3.5,69.0,1022.8,0.0,0,-0.49267277739863197,-3.505548963345159,-1.5361864466950659,-9.699099504644254
b60168a1-f912-4690-b5f6-032c659a2ac0,2026-04-20 12:00:00+00:00,0.0,8.7,3.7,71.0,1023.0,0.0,0,-0.2972010827695136,-3.3970239204928525,-0.7878879144388278,-9.005600070749379
b60168a1-f912-4690-b5f6-032c659a2ac0,2026-04-20 13:00:00+00:00,0.0,10.2,4.8,69.0,1023.8,0.0,0,-0.31463223131904516,-3.596262860111201,-0.8728126682849067,-8.304257826325081
b60168a1-f912-4690-b5f6-032c659a2ac0,2026-04-20 14:00:00+00:00,0.0,12.5,6.9,69.0,1023.9,0.0,0,-0.22504461184465732,-4.294106999444668,-0.3302398838929739,-6.30135236430136
b60168a1-f912-4690-b5f6-032c659a2ac0,2026-04-20 15:00:00+00:00,0.0,15.4,6.9,57.0,1024.1,0.0,0,-0.38435817033013026,-5.496577916931631,-0.5175930351814095,-7.401925252927896
b60168a1-f912-4690-b5f6-032c659a2ac0,2026-04-20 16:00:00+00:00,0.0,17.7,6.9,49.0,1024.1,0.0,0,-0.42621205457660544,-6.095116347087526,-0.6998606142636933,-7.999443425676716
b60168a1-f912-4690-b5f6-032c659a2ac0,2026-04-20 17:00:00+00:00,0.0,19.5,7.2,45.0,1023.7,0.0,0,-0.9168623780813929,-5.199784935904459,-1.1269766730583788,-6.391402317049231
b60168a1-f912-4690-b5f6-032c659a2ac0,2026-04-20 18:00:00+00:00,0.0,20.3,5.5,38.0,1023.3,0.0,0,-0.7239038998265751,-5.895724140749453,-0.9323004770493769,-7.592978060056114
b60168a1-f912-4690-b5f6-032c659a2ac0,2026-04-20 19:00:00+00:00,0.0,21.1,7.0,40.0,1022.4,0.0,0,-0.5780424018701239,-5.4997060813865515,-0.8226180679847443,-6.699686523578924
b60168a1-f912-4690-b5f6-032c659a2ac0,2026-04-20 20:00:00+00:00,0.0,21.4,7.2,40.0,1021.6,0.0,0,-0.20241708087450522,-5.796466796710755,-0.25476632592825654,-7.295553037239399
b60168a1-f912-4690-b5f6-032c659a2ac0,2026-04-20 21:00:00+00:00,0.0,21.9,6.9,38.0,1020.5,0.0,0,0.21288692988525695,-6.096284044816484,0.13089304827962578,-7.498857713672934
b60168a1-f912-4690-b5f6-032c659a2ac0,2026-04-20 22:00:00+00:00,0.0,22.6,8.0,39.0,1019.8,0.0,0,-0.6522576107901579,-6.2058166270980255,-1.0188277108670314,-8.297685827721452
b60168a1-f912-4690-b5f6-032c659a2ac0,2026-04-20 23:00:00+00:00,0.0,22.2,7.6,39.0,1019.2,0.0,0,-0.3145390970200908,-6.001763503874988,-0.7443100430649988,-8.507502721703506
b60168a1-f912-4690-b5f6-032c659a2ac0,2026-04-21 00:00:00+00:00,0.0,21.3,6.8,39.0,1019.3,0.0,0,-0.8419972608083964,-5.9911218158865,-1.409474530012479,-8.899071948762192
b60168a1-f912-4690-b5f6-032c659a2ac0,2026-04-21 01:00:00+00:00,0.0,19.3,5.7,41.0,1019.1,0.0,0,-0.16402763450175423,-4.6971368869897505,-0.6299009579094512,-9.008003373846211
b60168a1-f912-4690-b5f6-032c659a2ac0,2026-04-21 02:00:00+00:00,0.0,17.2,5.8,47.0,1019.5,0.0,0,0.4306572686627334,-4.097430208917286,0.47678056137321806,-9.097515061614168
b60168a1-f912-4690-b5f6-032c659a2ac0,2026-04-21 03:00:00+00:00,0.0,15.6,5.7,52.0,1020.3,0.0,0,-0.16402763450175423,-4.6971368869897505,-0.5348734728028832,-10.205993845191745
b60168a1-f912-4690-b5f6-032c659a2ac0,2026-04-21 04:00:00+00:00,0.0,14.9,6.0,55.0,1020.6,0.0,0,-1.30878398091777,-3.800984673909253,-2.4705409049071254,-8.08077518788765
b60168a1-f912-4690-b5f6-032c659a2ac0,2026-04-21 05:00:00+00:00,0.0,14.1,6.7,61.0,1020.4,0.0,0,-0.915123435782166,-2.9932338861643006,-2.1372371615232058,-6.990587766089789
b60168a1-f912-4690-b5f6-032c659a2ac0,2026-04-21 06:00:00+00:00,0.0,13.3,7.0,66.0,1020.8,0.0,0,-0.8733380431147997,-3.502767571856347,-2.1481980743509226,-8.017184358199268
b60168a1-f912-4690-b5f6-032c659a2ac0,2026-04-21 07:00:00+00:00,0.0,13.3,6.4,63.0,1020.6,0.0,0,-1.6920244351953289,-3.8003491037932196,-3.4696924209847495,-8.174083098657672
b60168a1-f912-4690-b5f6-032c659a2ac0,2026-04-21 08:00:00+00:00,0.0,12.9,6.5,65.0,1019.8,0.0,0,-2.1313000097171932,-4.786978198047229,-4.2003596312596905,-9.895427174613735
b60168a1-f912-4690-b5f6-032c659a2ac0,2026-04-21 09:00:00+00:00,0.0,12.8,7.6,71.0,1019.5,0.0,0,-2.2336332587185694,-4.38375209900677,-4.56714442737984,-8.963525633334982
b60168a1-f912-4690-b5f6-032c659a2ac0,2026-04-21 10:00:00+00:00,0.0,12.0,7.5,74.0,1019.4,0.0,0,-1.1762647033259637,-2.9113573033397127,-2.461987813376214,-6.413697530035776
b60168a1-f912-4690-b5f6-032c659a2ac0,2026-04-21 11:00:00+00:00,0.0,11.8,6.7,71.0,1019.2,0.0,0,-0.8225344450388695,-3.299005469338388,-2.585672283542055,-7.104076213141467
b60168a1-f912-4690-b5f6-032c659a2ac0,2026-04-21 12:00:00+00:00,0.0,11.6,7.7,77.0,1019.0,0.0,0,-0.5709857973968422,-3.605062443172253,-2.207855220094162,-7.699706184465934
b60168a1-f912-4690-b5f6-032c659a2ac0,2026-04-21 13:00:00+00:00,0.0,13.1,9.5,79.0,1019.3,0.0,0,-0.9127323226899642,-4.294067967221406,-1.9184406321053633,-7.694445109368652
b60168a1-f912-4690-b5f6-032c659a2ac0,2026-04-21 14:00:00+00:00,0.0,14.4,12.1,86.0,1019.8,0.0,0,-1.4911980949699646,-5.200425775026305,-2.240931702792202,-7.815057587978534
b60168a1-f912-4690-b5f6-032c659a2ac0,2026-04-21 15:00:00+00:00,0.0,15.8,14.0,89.0,1019.9,0.0,0,-1.0384161024482443,-5.889150363013004,-1.5159485910323032,-8.597371683796576
b60168a1-f912-4690-b5f6-032c659a2ac0,2026-04-21 16:00:00+00:00,10.0,14.9,14.6,98.0,1020.0,0.0,0,-0.6198537871771852,-5.89751483953386,-0.8519069756313761,-8.105353447251428
b60168a1-f912-4690-b5f6-032c659a2ac0,2026-04-21 17:00:00+00:00,0.0,15.3,14.2,93.0,1020.2,0.0,0,0.10122395733624394,-5.7991166319070695,-0.4296782007545667,-8.198748480335052
b60168a1-f912-4690-b5f6-032c659a2ac0,2026-04-21 18:00:00+00:00,10.0,16.2,14.7,91.0,1019.9,0.0,0,-0.08726203218641818,-4.999238475781956,-0.37210864888732875,-7.10025599210502
b60168a1-f912-4690-b5f6-032c659a2ac0,2026-04-21 19:00:00+00:00,20.0,16.4,14.9,91.0,1019.4,0.0,0,0.6820542675754071,-4.3063211649948006,0.5159619970661365,-5.897472612703133
b60168a1-f912-4690-b5f6-032c659a2ac0,2026-04-21 20:00:00+00:00,10.0,15.9,14.9,94.0,1019.4,0.0,0,1.4663907329464358,-5.113912222391857,1.5489420965923069,-7.287199625466853
b60168a1-f912-4690-b5f6-032c659a2ac0,2026-04-21 21:00:00+00:00,10.0,15.9,14.4,91.0,1018.8,0.0,0,1.430557876690226,-4.988948201919875,1.4367917351853836,-7.39165269136091
b60168a1-f912-4690-b5f6-032c659a2ac0,2026-04-21 22:00:00+00:00,10.0,16.0,14.2,89.0,1018.5,0.0,0,1.6548238487306892,-5.412684918750782,1.8715927721409584,-8.106758939013156
b60168a1-f912-4690-b5f6-032c659a2ac0,2026-04-21 23:00:00+00:00,20.0,15.6,14.1,91.0,1018.0,0.0,0,1.7583066979934514,-5.411511577719424,2.5617508833683145,-7.884258520086822
b60168a1-f912-4690-b5f6-032c659a2ac0,2026-04-22 00:00:00+00:00,10.0,15.1,13.8,92.0,1017.9,0.0,0,2.031801868144224,-4.78662523795269,2.47213595499958,-7.608452130361228
b60168a1-f912-4690-b5f6-032c659a2ac0,2026-04-22 01:00:00+00:00,0.0,14.5,13.3,93.0,1017.7,0.0,0,2.1384484044079395,-4.585917402405449,3.168478449560485,-7.11651911503586
b60168a1-f912-4690-b5f6-032c659a2ac0,2026-04-22 02:00:00+00:00,0.0,14.3,13.4,94.0,1017.8,0.0,0,1.7237498373128939,-4.49052185145154,2.5524543309441077,-7.412865632698644
b60168a1-f912-4690-b5f6-032c659a2ac0,2026-04-22 03:00:00+00:00,0.0,14.2,13.2,94.0,1018.0,0.0,0,0.5654737533998846,-4.605414143615734,0.8299559983451706,-7.89650384922409
b60168a1-f912-4690-b5f6-032c659a2ac0,2026-04-22 04:00:00+00:00,0.0,14.4,13.4,94.0,1017.7,0.0,0,0.7618358447459249,-4.810042218698321,1.2671191668258708,-8.000275558820615
b60168a1-f912-4690-b5f6-032c659a2ac0,2026-04-22 05:00:00+00:00,0.0,14.2,13.4,95.0,1017.3,0.0,0,0.590093948070677,-4.198736611464258,0.9079266083683493,-7.394468829727849
b60168a1-f912-4690-b5f6-032c659a2ac0,2026-04-22 06:00:00+00:00,0.0,14.2,13.4,95.0,1017.4,0.0,0,0.4667595852417151,-3.8014517607862635,0.7463332277310476,-7.100886332929471
b60168a1-f912-4690-b5f6-032c659a2ac0,2026-04-22 07:00:00+00:00,0.0,14.4,13.4,94.0,1017.0,0.0,0,0.7879853081993078,-3.7071794067811235,0.9561192035956488,-6.803141632254588
b60168a1-f912-4690-b5f6-032c659a2ac0,2026-04-22 08:00:00+00:00,0.0,14.4,13.8,96.0,1016.4,0.0,0,0.7050116013277369,-3.9983194772295643,0.8104311336442312,-6.600431908414792
b60168a1-f912-4690-b5f6-032c659a2ac0,2026-04-22 09:00:00+00:00,0.0,14.3,14.1,99.0,1016.0,0.0,0,0.72237641909443,-4.096800252530786,0.7045218424239862,-6.703077574782162
b60168a1-f912-4690-b5f6-032c659a2ac0,2026-04-22 10:00:00+00:00,0.0,14.6,14.1,97.0,1016.1,0.0,0,0.31463223131904605,-3.596262860111201,0.20590703054475676,-5.896405879412665
b60168a1-f912-4690-b5f6-032c659a2ac0,2026-04-22 11:00:00+00:00,0.0,14.5,14.0,97.0,1015.9,0.0,0,0.3059166570442802,-3.496643390302027,0.1989271312042565,-5.696527714008846
b60168a1-f912-4690-b5f6-032c659a2ac0,2026-04-22 12:00:00+00:00,10.0,14.5,14.2,98.0,1015.9,0.0,0,0.6702819657943508,-3.801357926627123,1.0939835193016607,-6.204288843976911
b60168a1-f912-4690-b5f6-032c659a2ac0,2026-04-22 13:00:00+00:00,0.0,14.4,14.3,99.0,1015.9,0.0,0,1.4159633933682692,-3.89032745005366,1.9838891038871629,-6.105782834614885
b60168a1-f912-4690-b5f6-032c659a2ac0,2026-04-22 14:00:00+00:00,0.0,14.5,14.5,100.0,1016.0,0.0,0,1.3967568145747626,-4.298775453654094,1.8936286344627846,-6.6038678510962505
b60168a1-f912-4690-b5f6-032c659a2ac0,2026-04-22 15:00:00+00:00,0.0,14.8,14.8,100.0,1015.8,0.0,0,1.609072093458398,-4.191776114972436,1.8945686466033334,-6.196854818640471
b60168a1-f912-4690-b5f6-032c659a2ac0,2026-04-22 16:00:00+00:00,0.0,14.7,14.7,100.0,1015.9,0.0,0,1.409710108799488,-4.094095432345042,1.7530535829961151,-6.113624386167708
b60168a1-f912-4690-b5f6-032c659a2ac0,2026-04-22 17:00:00+00:00,0.0,15.1,15.1,100.0,1015.5,0.0,0,1.9989724293581923,-4.098500851124201,2.5045865336162447,-5.900436110630143
b60168a1-f912-4690-b5f6-032c659a2ac0,2026-04-22 18:00:00+00:00,10.0,16.1,15.6,97.0,1014.6,0.0,0,2.3331224793425465,-3.8829678721805685,3.0233968643411364,-5.68618249801149
b60168a1-f912-4690-b5f6-032c659a2ac0,2026-04-22 19:00:00+00:00,10.0,16.7,16.1,96.0,1014.0,0.0,0,2.225295207605122,-4.185171590151314,2.9879111105067455,-6.407596054349115
b60168a1-f912-4690-b5f6-032c659a2ac0,2026-04-22 20:00:00+00:00,50.0,17.8,16.4,92.0,1013.3,0.0,1,2.59792819702168,-4.000458609099672,3.5585026126081147,-6.419708650403164
b60168a1-f912-4690-b5f6-032c659a2ac0,2026-04-22 21:00:00+00:00,90.0,17.5,16.8,96.0,1012.0,0.0,1,2.823924162527272,-4.18663974140296,3.6700088252647727,-6.620871183045226
b60168a1-f912-4690-b5f6-032c659a2ac0,2026-04-22 22:00:00+00:00,180.0,17.7,16.6,93.0,1010.9,0.0,1,1.5254098392324833,-4.191029088705151,2.011700633380908,-6.1913779210814495
b60168a1-f912-4690-b5f6-032c659a2ac0,2026-04-22 23:00:00+00:00,380.0,18.7,17.2,91.0,1010.0,0.0,1,3.3059589425412157,-5.090730347428724,4.5329699493032525,-8.17769426175335
b60168a1-f912-4690-b5f6-032c659a2ac0,2026-04-23 00:00:00+00:00,420.0,18.1,16.8,92.0,1009.6,0.0,1,2.333511168661271,-4.57977353432821,3.440992000421272,-7.728594571656403
b60168a1-f912-4690-b5f6-032c659a2ac0,2026-04-23 01:00:00+00:00,490.0,18.3,17.1,93.0,1008.8,0.0,1,1.9651749170942527,-4.214331209720423,3.109234725352072,-7.695625992904335
b60168a1-f912-4690-b5f6-032c659a2ac0,2026-04-23 02:00:00+00:00,690.0,18.6,17.6,94.0,1009.0,0.0,1,2.6649999999999996,-4.6159154021710584,4.367388607494441,-8.571482762692098
b60168a1-f912-4690-b5f6-032c659a2ac0,2026-04-23 03:00:00+00:00,890.0,19.2,17.9,92.0,1009.3,0.0,1,1.7212246586684576,-5.297384795764005,2.6554834027518655,-9.910398977725839
b60168a1-f912-4690-b5f6-032c659a2ac0,2026-04-23 04:00:00+00:00,1160.0,19.1,18.1,94.0,1008.8,0.0,1,2.9418584383122637,-5.7737222767406235,4.482237806695321,-10.06727094322146
b60168a1-f912-4690-b5f6-032c659a2ac0,2026-04-23 05:00:00+00:00,1320.0,19.9,18.2,90.0,1008.0,0.0,1,2.1460083126648866,-7.01927690876868,3.52540178089942,-12.294537091051097
b60168a1-f912-4690-b5f6-032c659a2ac0,2026-04-23 06:00:00+00:00,1300.0,19.9,18.2,90.0,1007.7,0.0,1,1.642649671121744,-6.588307981414016,2.728656289191085,-11.819108885844903
b60168a1-f912-4690-b5f6-032c659a2ac0,2026-04-23 07:00:00+00:00,1260.0,20.0,18.5,91.0,1007.0,0.0,1,1.1677510517044551,-6.007558362699704,2.1408769281248348,-11.01385699828279
b60168a1-f912-4690-b5f6-032c659a2ac0,2026-04-23 08:00:00+00:00,1270.0,20.0,18.1,89.0,1006.6,0.0,1,0.3511742663901529,-6.700804178203191,0.6343117896644789,-12.103389961225433
b60168a1-f912-4690-b5f6-032c659a2ac0,2026-04-23 09:00:00+00:00,1290.0,19.8,18.1,90.0,1006.2,0.0,1,0.10995016055488566,-6.299040479485265,1.4083438190194562e-15,-11.5
b60168a1-f912-4690-b5f6-032c659a2ac0,2026-04-23 10:00:00+00:00,1430.0,19.9,18.2,90.0,1005.9,0.0,1,0.45411464407425717,-6.494141967191456,1.4205902870109297e-15,-11.6
b60168a1-f912-4690-b5f6-032c659a2ac0,2026-04-23 11:00:00+00:00,1290.0,19.8,17.8,88.0,1005.6,0.0,1,0.4687635035605235,-6.703630417746019,1.432836755002403e-15,-11.7
b60168a1-f912-4690-b5f6-032c659a2ac0,2026-04-23 12:00:00+00:00,1290.0,19.7,18.0,90.0,1005.4,0.0,1,1.0621900176231684,-6.7064038326409845,1.2815189596614347,-12.19283843721503
b60168a1-f912-4690-b5f6-032c659a2ac0,2026-04-23 13:00:00+00:00,1350.0,19.8,18.4,92.0,1005.7,0.0,1,-0.11518588248607199,-6.598994788032182,-0.3978542624085103,-11.393055428017693
b60168a1-f912-4690-b5f6-032c659a2ac0,2026-04-23 14:00:00+00:00,1660.0,19.9,18.4,91.0,1006.1,0.0,1,-0.2512763762580065,-7.19561395453749,-0.6238445984158872,-11.90366405427452
b60168a1-f912-4690-b5f6-032c659a2ac0,2026-04-23 15:00:00+00:00,1950.0,20.5,19.3,93.0,1005.9,0.0,1,0.1239120857047124,-7.098918635610378,-0.5976766202944155,-11.404349286897233
b60168a1-f912-4690-b5f6-032c659a2ac0,2026-04-23 16:00:00+00:00,2110.0,21.4,19.3,88.0,1005.4,0.0,1,-0.25825627559850667,-7.395492119941309,-0.8182434370185895,-11.701426309547738
b60168a1-f912-4690-b5f6-032c659a2ac0,2026-04-23 17:00:00+00:00,2560.0,22.5,20.1,86.0,1004.9,0.0,1,0.44014539200315744,-8.398474387285965,1.5675479029086122e-15,-12.8
b60168a1-f912-4690-b5f6-032c659a2ac0,2026-04-23 18:00:00+00:00,2930.0,23.0,20.7,87.0,1004.0,0.0,1,-0.1483454547169109,-8.498705408829325,-0.6866477459074195,-13.102019495980008
b60168a1-f912-4690-b5f6-032c659a2ac0,2026-04-23 19:00:00+00:00,3230.0,24.9,20.4,76.0,1002.9,0.0,1,0.16056213922300763,-9.1985987954388,-0.23560748690332908,-13.497943884611281
b60168a1-f912-4690-b5f6-032c659a2ac0,2026-04-23 20:00:00+00:00,3230.0,25.5,20.7,75.0,1002.1,0.0,1,0.1518359360043659,-8.698674947860603,1.5675479029086122e-15,-12.8
b60168a1-f912-4690-b5f6-032c659a2ac0,2026-04-23 21:00:00+00:00,3270.0,26.1,20.6,72.0,1001.6,0.0,1,0.8728126682849087,-8.304257826325081,0.6599564082235214,-12.592718433255175
b60168a1-f912-4690-b5f6-032c659a2ac0,2026-04-23 22:00:00+00:00,3660.0,26.5,21.2,73.0,1001.1,0.0,1,1.393831083508458,-8.800303114702677,1.1373824428569395,-13.00034081009728
b60168a1-f912-4690-b5f6-032c659a2ac0,2026-04-23 23:00:00+00:00,3230.0,25.6,20.4,73.0,1000.8,0.0,1,2.066012988421162,-8.286325502397009,2.1087365887423135,-13.314038831222456
b60168a1-f912-4690-b5f6-032c659a2ac0,2026-04-24 00:00:00+00:00,2490.0,24.2,19.3,74.0,1000.7,0.0,1,2.760817949796688,-8.017997521082208,3.9499417308041713,-12.91967725306061
b60168a1-f912-4690-b5f6-032c659a2ac0,2026-04-24 01:00:00+00:00,2350.0,23.5,19.2,77.0,1000.4,0.0,1,2.1280369740929648,-9.217540812868325,3.3225270726588887,-14.391445856877922
b60168a1-f912-4690-b5f6-032c659a2ac0,2026-04-24 02:00:00+00:00,1710.0,22.4,17.9,76.0,1000.4,0.0,1,0.44014539200315744,-8.398474387285965,0.2565503746280665,-14.697761118798951
b60168a1-f912-4690-b5f6-032c659a2ac0,2026-04-24 03:00:00+00:00,1670.0,22.1,17.8,77.0,1001.3,0.0,1,0.994453842186004,-8.099176597393187,1.429949377501503,-13.605059528637979
b60168a1-f912-4690-b5f6-032c659a2ac0,2026-04-24 04:00:00+00:00,1690.0,21.5,17.9,80.0,1001.3,0.0,1,0.1274025669921691,-7.2988881746416565,1.518562030942718e-15,-12.4
b60168a1-f912-4690-b5f6-032c659a2ac0,2026-04-24 05:00:00+00:00,2000.0,21.6,17.8,79.0,1001.2,0.0,1,-0.1431097327857258,-8.198751100282408,-0.5098816468235381,-14.60109998274899
b60168a1-f912-4690-b5f6-032c659a2ac0,2026-04-24 06:00:00+00:00,1790.0,21.2,17.8,81.0,1001.3,0.0,1,-0.42621205457660544,-6.095116347087526,-0.5610414509243551,-10.705308612569032
b60168a1-f912-4690-b5f6-032c659a2ac0,2026-04-24 07:00:00+00:00,1490.0,20.5,17.5,83.0,1000.9,0.0,1,6.490628035480972e-16,-5.3,-0.6710572774184851,-9.596566163499508
b60168a1-f912-4690-b5f6-032c659a2ac0,2026-04-24 08:00:00+00:00,940.0,19.3,17.9,92.0,1002.5,0.0,1,1.3099371489373113,3.599022737610029,0.9168623780813921,5.199784935904459
b60168a1-f912-4690-b5f6-032c659a2ac0,2026-04-24 09:00:00+00:00,240.0,18.3,16.8,91.0,1002.0,0.0,1,1.0028857418214714,0.6025945476447633,0.7015463144895611,1.504470926480839
b60168a1-f912-4690-b5f6-032c659a2ac0,2026-04-24 10:00:00+00:00,210.0,18.3,16.1,87.0,1001.7,0.0,1,1.7037174127111199,0.3004113473637896,2.2059693667473463,-0.38897191797392394
b60168a1-f912-4690-b5f6-032c659a2ac0,2026-04-24 11:00:00+00:00,190.0,17.6,16.3,92.0,1002.0,0.0,1,2.0070364409717225,1.6841035373787332,3.5024386371260396,2.188566561283136
b60168a1-f912-4690-b5f6-032c659a2ac0,2026-04-24 12:00:00+00:00,290.0,18.0,16.5,91.0,1002.7,0.0,1,1.8103785770608174,2.4917723426748384,4.870282306137184,3.538467218800688
b60168a1-f912-4690-b5f6-032c659a2ac0,2026-04-24 13:00:00+00:00,740.0,18.5,16.8,90.0,1003.6,0.0,1,1.8983373246466928,1.0093638599896653,2.098751065871564,0.890866972955544
b60168a1-f912-4690-b5f6-032c659a2ac0,2026-04-24 14:00:00+00:00,520.0,18.6,16.6,88.0,1004.3,0.0,1,2.6239135009429306,3.482050823806197,3.6951442421535763,4.903622031690378
b60168a1-f912-4690-b5f6-032c659a2ac0,2026-04-24 15:00:00+00:00,900.0,19.7,16.9,84.0,1005.1,0.0,1,4.010464559051018,1.785573863102763,4.786978198047229,2.1313000097171932
b60168a1-f912-4690-b5f6-032c659a2ac0,2026-04-24 16:00:00+00:00,1560.0,20.6,17.0,80.0,1005.4,0.0,1,2.8908333711070635,2.6029180587359586,3.48550221619135,2.924683624073754
b60168a1-f912-4690-b5f6-032c659a2ac0,2026-04-24 17:00:00+00:00,2100.0,22.2,18.8,81.0,1005.4,0.0,1,1.964537986056115,4.412424560413762,2.6665984766238595,5.0151423274387055
b60168a1-f912-4690-b5f6-032c659a2ac0,2026-04-24 18:00:00+00:00,1320.0,21.5,17.3,77.0,1005.6,0.0,1,0.4617878561861095,6.603874012720036,0.8090503056916379,7.697599470150435
b60168a1-f912-4690-b5f6-032c659a2ac0,2026-04-24 19:00:00+00:00,1730.0,22.0,18.6,81.0,1005.4,0.0,1,1.2934685624772237,5.602627872515103,1.7392639830889394,6.491021552662539
b60168a1-f912-4690-b5f6-032c659a2ac0,2026-04-24 20:00:00+00:00,2380.0,23.3,19.6,80.0,1004.5,0.0,0,1.662511429737217,5.116684057667926,2.3365590310353577,6.086944380761755
b60168a1-f912-4690-b5f6-032c659a2ac0,2026-04-24 21:00:00+00:00,2810.0,23.5,19.8,80.0,1004.4,0.0,0,3.5092704093562523,4.491661295558315,4.291965066959891,5.300135457136542
b60168a1-f912-4690-b5f6-032c659a2ac0,2026-04-24 22:00:00+00:00,2300.0,22.0,19.1,84.0,1004.5,0.0,0,3.9344879653900864,4.369691573807078,4.931492568864785,5.476977363768396
b60168a1-f912-4690-b5f6-032c659a2ac0,2026-04-24 23:00:00+00:00,2540.0,22.6,19.0,80.0,1004.9,0.0,0,2.394304970208043,4.503032723580527,3.046276253252359,5.978653777303949
b60168a1-f912-4690-b5f6-032c659a2ac0,2026-04-25 00:00:00+00:00,2000.0,21.1,18.3,84.0,1005.4,0.0,0,3.2804121119006173,3.51781130478821,4.582194528157208,4.424973819823813
b60168a1-f912-4690-b5f6-032c659a2ac0,2026-04-25 01:00:00+00:00,2020.0,20.8,18.2,85.0,1005.9,0.0,0,3.7057979493210365,2.499592278514238,6.021141482710624,3.762426776055755
b60168a1-f912-4690-b5f6-032c659a2ac0,2026-04-25 02:00:00+00:00,1320.0,19.9,17.1,84.0,1006.9,0.0,0,1.9988091961285528,0.49835910493531543,5.604785752204706,1.1913339883857617
b60168a1-f912-4690-b5f6-032c659a2ac0,2026-04-25 03:00:00+00:00,1160.0,19.1,17.2,89.0,1007.1,0.0,0,1.2989968774012044,1.4943249688410887,4.185171590151314,2.225295207605123
b60168a1-f912-4690-b5f6-032c659a2ac0,2026-04-25 04:00:00+00:00,950.0,17.8,16.2,90.0,1007.1,0.0,0,1.790923113618619,0.9125209044764889,4.784705034891535,2.4379289836013665
b60168a1-f912-4690-b5f6-032c659a2ac0,2026-04-25 05:00:00+00:00,1010.0,17.5,16.4,93.0,1006.8,0.0,0,3.3921923846257043,2.1196770569328196,7.3186550698299575,4.573203250332559
b60168a1-f912-4690-b5f6-032c659a2ac0,2026-04-25 06:00:00+00:00,740.0,17.3,15.8,91.0,1006.7,0.0,0,3.208324130406882,0.681950345882251,7.496329280373688,1.0535403742676956
b60168a1-f912-4690-b5f6-032c659a2ac0,2026-04-25 07:00:00+00:00,830.0,17.0,15.8,93.0,1006.2,0.0,0,3.3979288118649253,0.11865828878850367,7.505425110913409,-0.2620952202357822
b60168a1-f912-4690-b5f6-032c659a2ac0,2026-04-25 08:00:00+00:00,690.0,17.0,16.2,95.0,1005.8,0.0,0,3.3982327524498146,-1.304459336344893,6.800054091510349,-2.2094715097808737
b60168a1-f912-4690-b5f6-032c659a2ac0,2026-04-25 09:00:00+00:00,300.0,16.8,15.8,94.0,1005.4,0.0,0,2.9848718560310323,-1.5208681741274817,6.3260283535158175,-2.9498754669500813
b60168a1-f912-4690-b5f6-032c659a2ac0,2026-04-25 10:00:00+00:00,330.0,16.8,16.2,96.0,1005.1,0.0,0,3.0020218157203513,-1.596203313472029,5.176747905534417,-2.6376848034867666
b60168a1-f912-4690-b5f6-032c659a2ac0,2026-04-25 11:00:00+00:00,240.0,16.8,15.6,93.0,1005.2,0.0,0,3.6036204462791988,-1.383300285244859,5.59191904601613,-2.607554674940115
b60168a1-f912-4690-b5f6-032c659a2ac0,2026-04-25 12:00:00+00:00,150.0,16.2,15.2,94.0,1006.0,0.0,0,3.009543219074805,-2.186561138528,4.727922219479973,-3.5627449370601263
b60168a1-f912-4690-b5f6-032c659a2ac0,2026-04-25 13:00:00+00:00,170.0,16.0,14.9,93.0,1006.6,0.0,0,2.413392983276581,-3.08900215413835,3.2120280435658572,-4.587251448018354
b60168a1-f912-4690-b5f6-032c659a2ac0,2026-04-25 14:00:00+00:00,260.0,16.5,15.2,92.0,1006.1,0.0,0,2.9156397883448717,-2.277947458704936,3.5819580588010407,-3.225209522649697
b60168a1-f912-4690-b5f6-032c659a2ac0,2026-04-25 15:00:00+00:00,310.0,16.7,16.1,96.0,1005.9,0.0,0,4.10645675283442,-1.4946280263331724,4.987958198728601,-2.2207820711938693
b60168a1-f912-4690-b5f6-032c659a2ac0,2026-04-25 16:00:00+00:00,860.0,18.0,17.4,96.0,1005.8,0.0,0,3.490082377251288,-2.0149999999999992,4.418770261718373,-2.98049817549908
b60168a1-f912-4690-b5f6-032c659a2ac0,2026-04-25 17:00:00+00:00,1240.0,18.7,18.2,97.0,1005.3,0.0,0,3.0244321236462386,-3.479211164826979,3.5737343339382375,-4.91882332579968
b60168a1-f912-4690-b5f6-032c659a2ac0,2026-04-25 18:00:00+00:00,1790.0,19.6,19.1,97.0,1004.5,0.0,0,1.627080307701693,-3.4892849800911026,2.131300009717194,-4.786978198047228
b60168a1-f912-4690-b5f6-032c659a2ac0,2026-04-25 19:00:00+00:00,1950.0,19.4,18.6,95.0,1004.5,0.0,0,0.28848550849474863,-3.2974044506836777,0.23027820746895278,-4.393969952920125
b60168a1-f912-4690-b5f6-032c659a2ac0,2026-04-25 20:00:00+00:00,2420.0,20.9,19.3,91.0,1004.2,0.0,0,1.2082951508156878,-1.4921202459973841,1.3048832600892908,-1.7960177275123832
b60168a1-f912-4690-b5f6-032c659a2ac0,2026-04-25 21:00:00+00:00,2410.0,20.7,19.3,92.0,1003.9,0.0,0,2.1969849764600626,-0.11513910373447646,2.4988515017056985,-0.39577919655178395
b60168a1-f912-4690-b5f6-032c659a2ac0,2026-04-25 22:00:00+00:00,2390.0,20.9,19.2,90.0,1003.3,0.0,0,1.602810901735645,1.0015474094007573,1.602810901735645,1.0015474094007573
b60168a1-f912-4690-b5f6-032c659a2ac0,2026-04-25 23:00:00+00:00,2580.0,21.7,19.6,88.0,1003.3,0.0,0,3.298321098958538,1.2004907030730976,4.008998760541103,1.3804089748983448
b60168a1-f912-4690-b5f6-032c659a2ac0,2026-04-26 00:00:00+00:00,2390.0,21.4,19.3,88.0,1003.5,0.0,0,2.907033256572146,2.190606684273456,4.492063684847909,1.9067679070276558
b60168a1-f912-4690-b5f6-032c659a2ac0,2026-04-26 01:00:00+00:00,1710.0,20.4,18.3,88.0,1003.4,0.0,0,4.103201626811235,-0.7975816006739572,6.9979851464309615,-2.006639950347753
b60168a1-f912-4690-b5f6-032c659a2ac0,2026-04-26 02:00:00+00:00,1880.0,19.6,18.4,93.0,1003.8,0.0,0,2.399976112122686,1.49967151777997,3.1962702861493155,1.699487057284925
b60168a1-f912-4690-b5f6-032c659a2ac0,2026-04-26 03:00:00+00:00,2520.0,19.6,19.1,97.0,1005.2,0.0,0,3.299105972590897,0.581721395184217,4.903177989108132,-0.602034556421428
b60168a1-f912-4690-b5f6-032c659a2ac0,2026-04-26 04:00:00+00:00,1550.0,19.2,18.6,96.0,1005.6,0.0,0,3.1913888305152187,0.9151160213124372,6.713409746370271,1.5499127644292292
b60168a1-f912-4690-b5f6-032c659a2ac0,2026-04-26 05:00:00+00:00,2610.0,19.0,18.0,94.0,1005.7,0.0,0,1.5987045508745514,0.7117891253826504,4.500571431265791,0.793572171937872
b60168a1-f912-4690-b5f6-032c659a2ac0,2026-04-26 06:00:00+00:00,1100.0,18.4,17.5,95.0,1005.0,0.0,0,2.6013120361363096,-0.5056438377478437,6.103641028578948,-1.2973689507028183
b60168a1-f912-4690-b5f6-032c659a2ac0,2026-04-26 07:00:00+00:00,940.0,18.1,16.9,93.0,1005.2,0.0,0,2.0957814771583414,-1.2099999999999995,4.709387780590098,-4.093808340900765
b60168a1-f912-4690-b5f6-032c659a2ac0,2026-04-26 08:00:00+00:00,530.0,18.1,15.7,86.0,1004.4,0.0,0,3.611325933781109,-2.084999999999999,7.700029216316522,-5.391618501699834
b60168a1-f912-4690-b5f6-032c659a2ac0,2026-04-26 09:00:00+00:00,260.0,17.6,15.6,88.0,1004.3,0.0,0,3.3993482325068687,-1.8074655167256801,7.534421012924616,-4.349999999999998
b60168a1-f912-4690-b5f6-032c659a2ac0,2026-04-26 10:00:00+00:00,320.0,17.1,15.6,91.0,1004.4,0.0,0,3.402866403621649,-0.9757562395921766,6.185792615200398,-2.62571318344792
b60168a1-f912-4690-b5f6-032c659a2ac0,2026-04-26 11:00:00+00:00,300.0,17.2,15.6,90.0,1004.6,0.0,0,3.8065963159157428,-1.0915239290353163,7.611495511157858,-2.0394940754078643
b60168a1-f912-4690-b5f6-032c659a2ac0,2026-04-26 12:00:00+00:00,400.0,17.5,16.5,94.0,1005.1,0.0,0,3.5946730895319003,-0.5051983564850372,7.3936534342230935,-1.8434448444694687
b60168a1-f912-4690-b5f6-032c659a2ac0,2026-04-26 13:00:00+00:00,310.0,17.6,16.6,94.0,1005.4,0.0,0,3.9017234043291853,-1.1928765552687657,6.401160756807375,-2.2040964056749504
b60168a1-f912-4690-b5f6-032c659a2ac0,2026-04-26 14:00:00+00:00,590.0,19.1,16.9,87.0,1005.3,0.0,0,3.1009396948652834,-2.891673046664993,4.439809324006865,-4.7611125975408
b60168a1-f912-4690-b5f6-032c659a2ac0,2026-04-26 15:00:00+00:00,1000.0,21.5,17.5,78.0,1005.3,0.0,0,2.383566996217545,-5.111575918886706,3.754501432846052,-7.368623955037801
b60168a1-f912-4690-b5f6-032c659a2ac0,2026-04-26 16:00:00+00:00,2270.0,22.5,19.8,85.0,1004.9,0.0,1,2.7596972491667677,-5.918189849349324,3.823324444912524,-8.587327301840448
b60168a1-f912-4690-b5f6-032c659a2ac0,2026-04-26 17:00:00+00:00,3340.0,23.6,20.8,84.0,1004.6,0.0,1,1.8936286344627846,-6.6038678510962505,2.6626568571922125,-9.28578798276416
b60168a1-f912-4690-b5f6-032c659a2ac0,2026-04-26 18:00:00+00:00,4290.0,24.7,21.0,80.0,1003.8,0.0,1,0.3668750532630361,-7.0003930386295625,0.3388741129812861,-9.704084930355421
b60168a1-f912-4690-b5f6-032c659a2ac0,2026-04-26 19:00:00+00:00,4550.0,27.2,22.1,74.0,1003.5,0.0,1,0.25162537122503326,-7.20560786280768,0.3633037606730369,-10.403658509268787
b60168a1-f912-4690-b5f6-032c659a2ac0,2026-04-26 20:00:00+00:00,4190.0,27.9,21.7,69.0,1003.0,0.0,1,-0.9547274725860495,-6.793238951567172,-1.5533942378494912,-9.807745222109718
b60168a1-f912-4690-b5f6-032c659a2ac0,2026-04-26 21:00:00+00:00,4030.0,28.1,21.8,69.0,1002.2,0.0,1,0.8603975644403417,-7.0073758305877325,0.6919842195417252,-9.895835378577456
b60168a1-f912-4690-b5f6-032c659a2ac0,2026-04-26 22:00:00+00:00,3880.0,29.1,21.1,62.0,1001.3,0.0,1,0.896958367461886,-7.30513967608013,1.1906634850682916,-9.697175901535715
b60168a1-f912-4690-b5f6-032c659a2ac0,2026-04-26 23:00:00+00:00,3850.0,27.9,21.2,67.0,1001.1,0.0,1,-0.11693112312980036,-6.698979557547822,-0.34236406265153385,-9.80402401305733
b60168a1-f912-4690-b5f6-032c659a2ac0,2026-04-27 00:00:00+00:00,3670.0,26.8,20.6,69.0,1001.6,0.0,1,0.5246775713409023,-5.9970920825123075,0.5081821351189844,-9.696692782466913
b60168a1-f912-4690-b5f6-032c659a2ac0,2026-04-27 01:00:00+00:00,3390.0,26.2,19.1,65.0,1001.0,0.0,1,0.899058232202022,-6.397131724070545,0.9282086602625598,-10.60947353467709
b60168a1-f912-4690-b5f6-032c659a2ac0,2026-04-27 02:00:00+00:00,3520.0,23.8,19.5,77.0,1000.9,0.0,1,1.6072662700866556,-5.998399381255114,3.100652160328202,-11.571791398943038
b60168a1-f912-4690-b5f6-032c659a2ac0,2026-04-27 03:00:00+00:00,3390.0,23.5,19.9,80.0,1001.2,0.0,1,1.408193600192596,-6.099556605555572,2.2381895157668725,-11.5144868618411
b60168a1-f912-4690-b5f6-032c659a2ac0,2026-04-27 04:00:00+00:00,3160.0,23.2,20.2,83.0,1001.1,0.0,1,1.5724923213978403,-6.306922220793977,2.537447892998799,-10.990894330777452
b60168a1-f912-4690-b5f6-032c659a2ac0,2026-04-27 05:00:00+00:00,2860.0,23.4,20.0,81.0,1001.0,0.0,1,0.3459406707658586,-6.600941224727733,1.4083438190194562e-15,-11.5
b60168a1-f912-4690-b5f6-032c659a2ac0,2026-04-27 06:00:00+00:00,3060.0,23.0,19.8,82.0,1000.3,0.0,1,0.8851409221060155,-6.298104917196388,0.825219084393005,-11.80118271457372
b60168a1-f912-4690-b5f6-032c659a2ac0,2026-04-27 07:00:00+00:00,3210.0,23.0,19.9,83.0,1000.3,0.0,1,0.25860527056553345,-7.4054860282115,-0.4540424520995367,-13.002074659518435
b60168a1-f912-4690-b5f6-032c659a2ac0,2026-04-27 08:00:00+00:00,3260.0,23.0,20.5,86.0,1000.0,0.0,1,-0.7045218424239846,-6.703077574782162,-1.7020870247416013,-12.110978480709404
b60168a1-f912-4690-b5f6-032c659a2ac0,2026-04-27 09:00:00+00:00,3110.0,22.7,20.2,86.0,1000.0,0.0,1,-1.3826127439381009,-6.504681544879808,-3.113593112583325,-11.620087690257492
b60168a1-f912-4690-b5f6-032c659a2ac0,2026-04-27 10:00:00+00:00,3260.0,22.9,20.4,86.0,1000.1,0.0,1,-1.8453797915809733,-6.887051141441057,-3.8612383118618787,-11.213850306607895
b60168a1-f912-4690-b5f6-032c659a2ac0,2026-04-27 11:00:00+00:00,3090.0,22.6,20.0,85.0,1000.4,0.0,1,-1.8682551931782878,-6.110787390603796,-3.970853864011013,-10.909831327324396
b60168a1-f912-4690-b5f6-032c659a2ac0,2026-04-27 12:00:00+00:00,2750.0,22.1,19.8,87.0,1001.1,0.0,1,-1.5187618305516644,-5.296551944620137,-3.4817650590553066,-9.566070879600547
b60168a1-f912-4690-b5f6-032c659a2ac0,2026-04-27 13:00:00+00:00,2600.0,22.5,20.1,86.0,1001.9,0.0,1,-1.9961094789673235,-5.2000429755894135,-4.0064211213018295,-8.591797821107443
b60168a1-f912-4690-b5f6-032c659a2ac0,2026-04-27 14:00:00+00:00,3330.0,23.6,21.3,87.0,1002.8,0.0,1,-3.0836699161442045,-3.808015211139157,-4.971640405246316,-5.521566053297039
b60168a1-f912-4690-b5f6-032c659a2ac0,2026-04-27 15:00:00+00:00,2480.0,26.0,19.2,66.0,1003.4,0.0,1,-3.8345142049336647,-3.9707556978693535,-5.456550265010642,-4.743306779601368
b60168a1-f912-4690-b5f6-032c659a2ac0,2026-04-27 16:00:00+00:00,1170.0,28.3,14.5,43.0,1003.9,0.0,1,-4.582498006937832,-2.4365574108587733,-5.982145487496516,-1.9437168946184202
b60168a1-f912-4690-b5f6-032c659a2ac0,2026-04-27 17:00:00+00:00,0.0,29.7,7.6,25.0,1004.5,0.0,1,-5.506928499141395,-1.0704384640624154,-7.110311976748141,-1.2537398427552369
b60168a1-f912-4690-b5f6-032c659a2ac0,2026-04-27 18:00:00+00:00,0.0,30.4,6.3,22.0,1004.7,0.0,1,-6.6024963049531875,-1.4034039130198785,-8.415104661870572,-1.3328216421427683
b60168a1-f912-4690-b5f6-032c659a2ac0,2026-04-27 19:00:00+00:00,0.0,31.4,1.6,15.0,1004.8,0.0,1,-6.299416126011761,-3.209712833158597,-8.193022394811317,-3.8204690861359203
b60168a1-f912-4690-b5f6-032c659a2ac0,2026-04-27 20:00:00+00:00,0.0,31.4,-0.4,13.0,1005.0,0.0,1,-5.216631188876501,-4.075678966655857,-7.650928186253065,-5.765387921796623
b60168a1-f912-4690-b5f6-032c659a2ac0,2026-04-27 21:00:00+00:00,0.0,31.7,-1.2,12.0,1004.9,0.0,1,-5.826357959319799,-5.064775703806716,-8.699638719818212,-6.7969026875952645
b60168a1-f912-4690-b5f6-032c659a2ac0,2026-04-27 22:00:00+00:00,0.0,31.4,4.2,18.0,1004.7,0.0,1,-4.302705001560668,-2.902211169013175,-5.789982461262801,-3.2094396860307497
b60168a1-f912-4690-b5f6-032c659a2ac0,2026-04-27 23:00:00+00:00,520.0,28.9,12.3,36.0,1005.4,0.0,1,1.286330654159528,4.800651356656669,1.2934685624772237,5.602627872515103
b60168a1-f912-4690-b5f6-032c659a2ac0,2026-04-28 00:00:00+00:00,1090.0,27.3,14.0,44.0,1006.3,0.0,1,1.4647405533372506,4.508007887239028,1.5813843655764017,5.9018067986262075
b60168a1-f912-4690-b5f6-032c659a2ac0,2026-04-28 01:00:00+00:00,830.0,25.3,13.5,48.0,1007.4,0.0,1,2.138448404407939,4.585917402405449,3.309100989429677,7.0963899724969695
b60168a1-f912-4690-b5f6-032c659a2ac0,2026-04-28 02:00:00+00:00,440.0,22.5,14.9,62.0,1008.4,0.0,1,2.13375534877587,4.187730663685329,3.7042361903677037,7.594809691227961
b60168a1-f912-4690-b5f6-032c659a2ac0,2026-04-28 03:00:00+00:00,160.0,21.2,13.1,60.0,1009.7,0.0,1,2.0044226573895636,1.3016872936859147,4.373585986058999,4.2235228923907036
b60168a1-f912-4690-b5f6-032c659a2ac0,2026-04-28 04:00:00+00:00,90.0,20.0,13.0,64.0,1010.3,0.0,1,0.8049999999999999,1.3943009000929465,3.0699999999999994,5.317395979236453
b60168a1-f912-4690-b5f6-032c659a2ac0,2026-04-28 05:00:00+00:00,80.0,19.6,11.8,61.0,1010.4,0.0,1,2.6963821388975013,1.3151134403672324,6.624010204714784,4.467951298731267
b60168a1-f912-4690-b5f6-032c659a2ac0,2026-04-28 06:00:00+00:00,0.0,18.6,12.6,68.0,1010.6,0.0,1,3.3921923846257043,2.1196770569328196,7.329980763843007,4.760145166031337
b60168a1-f912-4690-b5f6-032c659a2ac0,2026-04-28 07:00:00+00:00,10.0,18.2,12.2,68.0,1010.5,0.0,1,4.49052185145154,1.7237498373128948,9.29182216420365,3.0190960350432365
b60168a1-f912-4690-b5f6-032c659a2ac0,2026-04-28 08:00:00+00:00,0.0,17.6,12.9,74.0,1010.1,0.0,1,4.191776114972436,1.6090720934583989,8.405660137077927,2.894300893124124
b60168a1-f912-4690-b5f6-032c659a2ac0,2026-04-28 09:00:00+00:00,650.0,17.0,12.9,77.0,1010.1,0.0,1,4.386114945939935,2.139251196330698,8.020140342002712,3.2403470330476387
b60168a1-f912-4690-b5f6-032c659a2ac0,2026-04-28 10:00:00+00:00,0.0,18.0,13.7,76.0,1010.1,0.0,1,5.199784935904459,0.9168623780813926,8.892814009700238,1.5680430443323816
b60168a1-f912-4690-b5f6-032c659a2ac0,2026-04-28 11:00:00+00:00,0.0,17.4,12.5,73.0,1009.8,0.0,1,5.203136145953156,1.2012386301962386,8.608870398836013,1.6733948894522988
b60168a1-f912-4690-b5f6-032c659a2ac0,2026-04-28 12:00:00+00:00,260.0,17.4,12.5,73.0,1010.2,0.0,1,3.786777727800563,1.929459623893074,6.490286981967512,2.6222461539113837
b60168a1-f912-4690-b5f6-032c659a2ac0,2026-04-28 13:00:00+00:00,170.0,17.2,13.3,78.0,1010.3,0.0,1,4.106456752834419,1.4946280263331728,6.013498140811655,2.070613462347517
b60168a1-f912-4690-b5f6-032c659a2ac0,2026-04-28 14:00:00+00:00,0.0,17.3,13.4,78.0,1010.9,0.0,1,3.8813685788298433,2.9248210125189553,5.218220273796258,2.774576936064615
b60168a1-f912-4690-b5f6-032c659a2ac0,2026-04-28 15:00:00+00:00,0.0,17.0,13.9,82.0,1010.8,0.0,1,3.1962702861493155,1.699487057284925,3.8018515226136853,2.1950000000000003
b60168a1-f912-4690-b5f6-032c659a2ac0,2026-04-28 16:00:00+00:00,0.0,16.3,15.0,92.0,1011.2,0.0,0,4.587251448018354,3.2120280435658577,6.027103152475153,4.0653324082323286
b60168a1-f912-4690-b5f6-032c659a2ac0,2026-04-28 17:00:00+00:00,50.0,17.9,14.2,79.0,1010.9,0.0,0,1.312748954205088,4.293808354274029,1.7408825295276538,4.7830354398002735
b60168a1-f912-4690-b5f6-032c659a2ac0,2026-04-28 18:00:00+00:00,0.0,18.9,15.1,79.0,1010.5,0.0,0,-0.4911334539227434,3.9999609911145284,-0.37651280866988396,4.303561095756341
b60168a1-f912-4690-b5f6-032c659a2ac0,2026-04-28 19:00:00+00:00,0.0,19.1,14.7,76.0,1010.4,0.0,0,-1.3781867790849947,4.8063084796915945,-1.2934685624772257,5.602627872515102
b60168a1-f912-4690-b5f6-032c659a2ac0,2026-04-28 20:00:00+00:00,0.0,20.1,14.5,70.0,1009.4,0.0,0,-1.2709734570428393,5.505190866036579,-1.3826127439381033,6.504681544879808
b60168a1-f912-4690-b5f6-032c659a2ac0,2026-04-28 21:00:00+00:00,520.0,20.5,14.6,69.0,1010.0,0.0,0,-0.5153253239095313,4.902992944165587,-0.6751561624645156,5.498705680092924
b60168a1-f912-4690-b5f6-032c659a2ac0,2026-04-28 22:00:00+00:00,40.0,19.2,13.4,69.0,1010.2,0.0,0,-0.38435817033013225,5.496577916931631,-0.5865581486917405,6.704390318157448
b60168a1-f912-4690-b5f6-032c659a2ac0,2026-04-28 23:00:00+00:00,0.0,18.9,13.3,70.0,1010.4,0.0,0,-0.8228452861116156,5.195240671530424,-1.0293387799647207,6.498989281116006
b60168a1-f912-4690-b5f6-032c659a2ac0,2026-04-29 00:00:00+00:00,0.0,19.4,12.9,66.0,1011.2,0.0,0,-0.9922067759580323,5.104461353927853,-1.0136953334606975,6.400220447056492
b60168a1-f912-4690-b5f6-032c659a2ac0,2026-04-29 01:00:00+00:00,0.0,17.9,11.0,64.0,1011.9,0.0,0,1.2046021714914799,3.4984187297174727,2.110264284319376,5.797903470249055
b60168a1-f912-4690-b5f6-032c659a2ac0,2026-04-29 02:00:00+00:00,0.0,15.8,11.2,74.0,1012.4,0.0,0,2.612211551035715,2.191905749031099,5.300135457136542,4.291965066959892
b60168a1-f912-4690-b5f6-032c659a2ac0,2026-04-29 03:00:00+00:00,0.0,14.6,11.2,80.0,1013.7,0.0,0,2.907033256572146,2.190606684273456,5.766148382541454,4.345104467157789
b60168a1-f912-4690-b5f6-032c659a2ac0,2026-04-29 04:00:00+00:00,0.0,14.1,11.2,83.0,1014.1,0.0,0,3.795849528984977,2.104073751869103,7.095153004818288,4.607646236227129
b60168a1-f912-4690-b5f6-032c659a2ac0,2026-04-29 05:00:00+00:00,0.0,13.7,9.9,78.0,1014.2,0.0,0,4.117872488612032,2.674177661923783,7.336982517112119,4.9488571957161085
b60168a1-f912-4690-b5f6-032c659a2ac0,2026-04-29 06:00:00+00:00,0.0,12.8,9.6,81.0,1015.2,0.0,0,2.1116971437953946,0.9847005498558298,5.518850352049586,3.059148703754387
b60168a1-f912-4690-b5f6-032c659a2ac0,2026-04-29 07:00:00+00:00,0.0,11.8,9.2,84.0,1015.4,0.0,0,0.28431742008801747,2.7050995554017034,2.8778606798775104,5.412468744225222
b60168a1-f912-4690-b5f6-032c659a2ac0,2026-04-29 08:00:00+00:00,0.0,11.6,8.6,82.0,1015.4,0.0,0,0.07330010703659075,4.199360319656844,1.1537450069589423,8.209322289867618
b60168a1-f912-4690-b5f6-032c659a2ac0,2026-04-29 09:00:00+00:00,0.0,11.0,8.7,86.0,1015.4,0.0,0,0.5351857319303858,5.09195210428556,1.3346700382070276,9.49667077923166
b60168a1-f912-4690-b5f6-032c659a2ac0,2026-04-29 10:00:00+00:00,0.0,10.7,8.5,86.0,1015.7,0.0,0,0.8016370615299769,5.703944075951445,1.7607925215426736,9.98595061554379
b60168a1-f912-4690-b5f6-032c659a2ac0,2026-04-29 11:00:00+00:00,0.0,10.4,8.0,85.0,1015.4,0.0,0,1.8660648988810842,6.507741681502418,3.30964769746138,10.825369837501562
b60168a1-f912-4690-b5f6-032c659a2ac0,2026-04-29 12:00:00+00:00,0.0,10.0,7.6,85.0,1016.0,0.0,0,1.596684510957807,6.403951793421577,2.870303210186955,10.712117413545768
b60168a1-f912-4690-b5f6-032c659a2ac0,2026-04-29 13:00:00+00:00,0.0,10.3,8.2,87.0,1016.9,0.0,0,1.7892083974309454,5.506617229348939,3.2662923687601366,8.974064528505426
b60168a1-f912-4690-b5f6-032c659a2ac0,2026-04-29 14:00:00+00:00,0.0,11.1,8.5,84.0,1017.5,0.0,0,3.046276253252359,5.978653777303949,4.36738860749444,8.5714827626921
b60168a1-f912-4690-b5f6-032c659a2ac0,2026-04-29 15:00:00+00:00,0.0,12.8,8.7,76.0,1017.6,0.0,0,3.1799999999999997,5.5079215680690305,4.321169448495355,7.191633652890723
b60168a1-f912-4690-b5f6-032c659a2ac0,2026-04-29 16:00:00+00:00,0.0,14.6,8.7,68.0,1017.6,0.0,0,3.767848228993029,4.822625812073138,4.701023321142285,5.805280332083573
b60168a1-f912-4690-b5f6-032c659a2ac0,2026-04-29 17:00:00+00:00,0.0,16.4,8.6,60.0,1017.5,0.0,0,2.8899999999999997,5.005626833874056,3.5331611938829717,5.880167682816491
b60168a1-f912-4690-b5f6-032c659a2ac0,2026-04-29 18:00:00+00:00,0.0,17.3,10.0,62.0,1016.9,0.0,0,3.4614040724839237,5.131742574115709,3.987045401746425,5.911037892317448
b60168a1-f912-4690-b5f6-032c659a2ac0,2026-04-29 19:00:00+00:00,0.0,18.4,9.2,55.0,1016.1,0.0,0,3.0699999999999994,5.317395979236453,3.672221474108686,6.111602854006061
b60168a1-f912-4690-b5f6-032c659a2ac0,2026-04-29 20:00:00+00:00,0.0,19.1,9.3,53.0,1015.2,0.0,0,3.374634950854331,4.021733326374634,4.0938083409007655,4.709387780590098
b60168a1-f912-4690-b5f6-032c659a2ac0,2026-04-29 21:00:00+00:00,0.0,19.3,9.4,53.0,1014.5,0.0,0,2.5398411546716693,4.776746477366795,3.1027815695765573,5.597566125692133
b60168a1-f912-4690-b5f6-032c659a2ac0,2026-04-29 22:00:00+00:00,0.0,19.6,9.8,53.0,1013.7,0.0,0,3.5844265112474876,5.3141308400778176,4.389664292245363,6.507944944557077
b60168a1-f912-4690-b5f6-032c659a2ac0,2026-04-29 23:00:00+00:00,0.0,19.2,7.3,46.0,1013.9,0.0,0,3.6248854524470633,4.476360737992152,4.7887676921647175,5.707031101236386
b60168a1-f912-4690-b5f6-032c659a2ac0,2026-04-30 00:00:00+00:00,0.0,18.4,7.2,48.0,1014.1,0.0,0,3.6739305623468406,4.226373649247523,4.877962120356076,5.417525777730204
b60168a1-f912-4690-b5f6-032c659a2ac0,2026-04-30 01:00:00+00:00,0.0,16.8,6.9,52.0,1014.4,0.0,0,2.6029180587359586,2.8908333711070635,4.833963458275736,4.668104249484461
b60168a1-f912-4690-b5f6-032c659a2ac0,2026-04-30 02:00:00+00:00,0.0,14.8,7.4,61.0,1015.6,0.0,0,2.2070945305377974,1.7872699105815384,5.486871182132076,3.4285776395888354
b60168a1-f912-4690-b5f6-032c659a2ac0,2026-04-30 03:00:00+00:00,0.0,13.7,7.6,67.0,1015.9,0.0,0,2.1991020894901627,2.1991020894901627,5.197234841721125,5.197234841721125
b60168a1-f912-4690-b5f6-032c659a2ac0,2026-04-30 04:00:00+00:00,0.0,12.6,7.5,71.0,1016.5,0.0,0,2.190034960853434,2.7044679458702587,5.064775703806716,5.826357959319799
b60168a1-f912-4690-b5f6-032c659a2ac0,2026-04-30 05:00:00+00:00,0.0,11.5,7.0,74.0,1016.5,0.0,0,1.5164859509145807,2.0872638454873647,4.750200435583525,5.6610684346492475
b60168a1-f912-4690-b5f6-032c659a2ac0,2026-04-30 06:00:00+00:00,0.0,10.8,6.9,77.0,1016.4,0.0,0,1.3016872936859147,2.0044226573895636,4.668104249484461,4.833963458275736
b60168a1-f912-4690-b5f6-032c659a2ac0,2026-04-30 07:00:00+00:00,0.0,10.4,6.6,77.0,1016.5,0.0,0,1.8103785770608174,2.4917723426748384,4.7887676921647175,5.707031101236386
b60168a1-f912-4690-b5f6-032c659a2ac0,2026-04-30 08:00:00+00:00,0.0,10.1,6.8,80.0,1015.7,0.0,0,1.9853778489346772,1.9172571024668323,5.13202514551485,4.461201397135449
b60168a1-f912-4690-b5f6-032c659a2ac0,2026-04-30 09:00:00+00:00,0.0,10.2,6.4,77.0,1015.9,0.0,0,2.0982940959338214,1.6991650558345615,5.775021912237392,4.043713876274874
b60168a1-f912-4690-b5f6-032c659a2ac0,2026-04-30 10:00:00+00:00,0.0,10.5,5.6,72.0,1016.1,0.0,0,2.4104645454927205,2.4961091071751196,5.471107568657075,4.430415552990856
b60168a1-f912-4690-b5f6-032c659a2ac0,2026-04-30 11:00:00+00:00,0.0,10.3,5.9,74.0,1015.9,0.0,0,2.6860817350783353,1.8117850072452197,6.420183082258822,3.8576351810763057
b60168a1-f912-4690-b5f6-032c659a2ac0,2026-04-30 12:00:00+00:00,0.0,10.7,6.2,74.0,1016.1,0.0,0,2.883415195897251,2.0189890559556822,6.088158588604603,3.515000000000001
b60168a1-f912-4690-b5f6-032c659a2ac0,2026-04-30 13:00:00+00:00,0.0,11.1,7.6,79.0,1016.7,0.0,0,3.1024799946318606,2.6032898192304845,5.401038457568531,3.507475385496775
b60168a1-f912-4690-b5f6-032c659a2ac0,2026-04-30 14:00:00+00:00,0.0,12.7,7.5,71.0,1017.2,0.0,0,3.4787730758122737,2.5274765848576344,4.882146183962391,3.4185155606522346
b60168a1-f912-4690-b5f6-032c659a2ac0,2026-04-30 15:00:00+00:00,0.0,14.5,9.1,70.0,1017.3,0.0,0,3.5899689284645175,1.5238514011081674,4.406499613066792,1.6914967218538177
b60168a1-f912-4690-b5f6-032c659a2ac0,2026-04-30 16:00:00+00:00,0.0,16.7,8.9,60.0,1017.4,0.0,0,3.592035455024767,2.609766520178581,4.191548100433329,2.5185361863101647
b60168a1-f912-4690-b5f6-032c659a2ac0,2026-04-30 17:00:00+00:00,0.0,16.9,10.0,64.0,1017.5,0.0,0,2.4917680726933025,0.8096245252623624,2.7961061579077513,0.9085099634623455
b60168a1-f912-4690-b5f6-032c659a2ac0,2026-04-30 18:00:00+00:00,10.0,18.5,10.3,59.0,1016.6,0.0,0,2.0905455372170785,1.8172835103037053,2.3900586625312115,2.005497342222003
b60168a1-f912-4690-b5f6-032c659a2ac0,2026-04-30 19:00:00+00:00,20.0,19.6,10.8,57.0,1015.8,0.0,0,2.795224285165525,2.1063525810321693,3.212108275230974,2.0859675041075536
b60168a1-f912-4690-b5f6-032c659a2ac0,2026-04-30 20:00:00+00:00,0.0,20.2,9.2,49.0,1015.4,0.0,0,2.7924217074255036,3.7056687666194383,3.336885196265068,4.271018284548433
b60168a1-f912-4690-b5f6-032c659a2ac0,2026-04-30 21:00:00+00:00,0.0,20.2,7.2,43.0,1014.5,0.0,0,3.177583322242815,4.216795493049706,3.767848228993029,4.822625812073138
b60168a1-f912-4690-b5f6-032c659a2ac0,2026-04-30 22:00:00+00:00,0.0,20.4,6.7,41.0,1014.1,0.0,0,3.4096706536052066,3.2926806759756473,4.1207143080163355,3.5820822982881695
b60168a1-f912-4690-b5f6-032c659a2ac0,2026-04-30 23:00:00+00:00,0.0,19.5,5.5,40.0,1014.4,0.0,0,3.69853720463932,2.4018581444162694,4.418770261718373,2.9804981754990805
b60168a1-f912-4690-b5f6-032c659a2ac0,2026-05-01 00:00:00+00:00,0.0,18.7,5.5,42.0,1014.7,0.0,0,3.209854325201582,1.7792513063040571,4.379420060580277,2.328578951418019
b60168a1-f912-4690-b5f6-032c659a2ac0,2026-05-01 01:00:00+00:00,0.0,17.1,3.0,39.0,1015.4,0.0,0,2.2052399429964114,1.4874531232321866,4.375928176167158,2.734383403443337
b60168a1-f912-4690-b5f6-032c659a2ac0,2026-05-01 02:00:00+00:00,0.0,15.7,4.4,47.0,1016.5,0.0,0,2.2015902827827576,0.19261419147232448,4.890738003669028,1.0395584540887972
b60168a1-f912-4690-b5f6-032c659a2ac0,2026-05-01 03:00:00+00:00,0.0,14.8,5.3,53.0,1016.8,0.0,0,2.39853798484583,0.08375879208600259,5.307040747382265,0.3711044403187463
b60168a1-f912-4690-b5f6-032c659a2ac0,2026-05-01 04:00:00+00:00,0.0,13.9,4.5,53.0,1017.2,0.0,0,1.909280106724876,1.3871731954102364,4.989136305712226,2.1177627164118635
b60168a1-f912-4690-b5f6-032c659a2ac0,2026-05-01 05:00:00+00:00,0.0,13.0,5.7,61.0,1017.4,0.0,0,1.0027486711110012,1.1950293312656057,4.409218248037189,1.8716021054636212
b60168a1-f912-4690-b5f6-032c659a2ac0,2026-05-01 06:00:00+00:00,0.0,12.2,5.6,64.0,1017.7,0.0,0,1.1001708507303547,1.6941145472497565,4.504304276666732,3.3942367305775525
b60168a1-f912-4690-b5f6-032c659a2ac0,2026-05-01 07:00:00+00:00,0.0,11.5,5.8,68.0,1017.6,0.0,0,1.4921202459973841,1.208295150815688,5.3830106484092655,3.23443911043514
b60168a1-f912-4690-b5f6-032c659a2ac0,2026-05-01 08:00:00+00:00,0.0,10.6,5.5,71.0,1017.4,0.0,0,0.6008894356810582,2.095550497145535,3.525931521523117,3.781098637371111
b60168a1-f912-4690-b5f6-032c659a2ac0,2026-05-01 09:00:00+00:00,0.0,10.3,5.1,70.0,1017.3,0.0,0,0.6008894356810582,2.095550497145535,4.038739278136318,5.169350543660095
b60168a1-f912-4690-b5f6-032c659a2ac0,2026-05-01 10:00:00+00:00,0.0,10.0,5.0,71.0,1017.2,0.0,0,0.6008894356810582,2.095550497145535,3.4198528174027594,5.691590876662025
b60168a1-f912-4690-b5f6-032c659a2ac0,2026-05-01 11:00:00+00:00,0.0,9.9,5.3,73.0,1017.5,0.0,0,0.39366434510176374,1.7051476133741617,3.074777307213023,5.117288785191611
b60168a1-f912-4690-b5f6-032c659a2ac0,2026-05-01 12:00:00+00:00,0.0,9.5,5.1,74.0,1018.2,0.0,0,0.8021047054274676,2.797271535180508,3.1780893282900595,6.815434558515607
b60168a1-f912-4690-b5f6-032c659a2ac0,2026-05-01 13:00:00+00:00,0.0,11.2,6.7,74.0,1018.4,0.0,0,1.8812133880278774,3.0105707413553118,3.7053037788277576,5.291722206106887
b60168a1-f912-4690-b5f6-032c659a2ac0,2026-05-01 14:00:00+00:00,0.0,13.8,7.3,65.0,1019.5,0.0,0,3.100354539459586,2.9939775766782777,3.9707556978693543,3.8345142049336647
b60168a1-f912-4690-b5f6-032c659a2ac0,2026-05-01 15:00:00+00:00,0.0,16.0,7.2,56.0,1018.8,0.0,0,3.888186215283146,2.6226147172778025,4.721715297532738,3.0663177671346022
b60168a1-f912-4690-b5f6-032c659a2ac0,2026-05-01 16:00:00+00:00,10.0,18.1,6.6,47.0,1018.4,0.0,0,4.472570161817895,3.1317273424767116,5.3141308400778176,3.584426511247487
b60168a1-f912-4690-b5f6-032c659a2ac0,2026-05-01 17:00:00+00:00,10.0,19.2,6.3,43.0,1017.8,0.0,0,4.384862661094305,3.811702958434847,5.13202514551485,4.461201397135449
b60168a1-f912-4690-b5f6-032c659a2ac0,2026-05-01 18:00:00+00:00,30.0,20.1,5.7,39.0,1018.2,0.0,0,4.0877877572636665,3.3102252569221453,4.585161172596129,3.7129903071940413
b60168a1-f912-4690-b5f6-032c659a2ac0,2026-05-01 19:00:00+00:00,10.0,20.7,5.5,37.0,1017.7,0.0,0,4.126270720526444,4.272878414011588,4.6785087500287394,5.017086393107509
b60168a1-f912-4690-b5f6-032c659a2ac0,2026-05-01 20:00:00+00:00,0.0,21.3,3.9,32.0,1017.6,0.0,0,3.781098637371111,3.525931521523117,4.29304622850453,4.003330373566866
b60168a1-f912-4690-b5f6-032c659a2ac0,2026-05-01 21:00:00+00:00,0.0,21.4,3.1,30.0,1017.2,0.0,0,3.620200823014894,3.3758918823093675,3.9707556978693543,3.8345142049336647
b60168a1-f912-4690-b5f6-032c659a2ac0,2026-05-01 22:00:00+00:00,0.0,21.2,2.5,29.0,1016.5,0.0,0,3.593329036446652,2.8074163274850017,4.083016881824153,3.426057959629255
b60168a1-f912-4690-b5f6-032c659a2ac0,2026-05-01 23:00:00+00:00,0.0,20.7,1.0,27.0,1015.9,0.0,0,2.1962394454132776,4.502958171958826,2.625843169266574,5.38377633733201
b60168a1-f912-4690-b5f6-032c659a2ac0,2026-05-02 00:00:00+00:00,0.0,19.8,0.7,28.0,1015.8,0.0,0,2.6178011653120326,4.189357595012744,3.497467143939152,5.597117434632411
b60168a1-f912-4690-b5f6-032c659a2ac0,2026-05-02 01:00:00+00:00,0.0,17.9,0.5,31.0,1017.0,0.0,0,2.190034960853434,2.7044679458702587,4.01742256054087,4.787777769493613
b60168a1-f912-4690-b5f6-032c659a2ac0,2026-05-02 02:00:00+00:00,0.0,16.4,0.1,33.0,1017.9,0.0,0,2.1952954649198833,1.2168721468183061,5.105249538861685,3.1901139706838935
b60168a1-f912-4690-b5f6-032c659a2ac0,2026-05-02 03:00:00+00:00,0.0,15.5,-0.3,34.0,1018.2,0.0,0,2.5012163021361316,0.30711074538097166,5.692819036270749,1.21004604055936
b60168a1-f912-4690-b5f6-032c659a2ac0,2026-05-02 04:00:00+00:00,0.0,14.6,-0.3,36.0,1018.4,0.0,0,2.702574895060733,-1.4980617265611813,6.5881603593728935,-3.2132605059639383
b60168a1-f912-4690-b5f6-032c659a2ac0,2026-05-02 05:00:00+00:00,0.0,13.6,-0.1,39.0,1018.5,0.0,0,1.686314722872075,-2.408307010209636,5.065318690136558,-5.625606328863874
b60168a1-f912-4690-b5f6-032c659a2ac0,2026-05-02 06:00:00+00:00,0.0,12.6,-1.7,37.0,1018.9,0.0,0,0.5093836425035103,-2.3964616217978243,2.9498754669500826,-6.326028353515817
b60168a1-f912-4690-b5f6-032c659a2ac0,2026-05-02 07:00:00+00:00,0.0,11.8,-1.1,41.0,1019.0,0.0,0,0.08724874175625286,-2.4984770675477392,2.201558936562207,-7.2009748124016575
b60168a1-f912-4690-b5f6-032c659a2ac0,2026-05-02 08:00:00+00:00,0.0,11.0,-0.8,44.0,1019.2,0.0,0,-0.9847005498558293,-2.1116971437953946,-0.2516253712250315,-7.20560786280768
b60168a1-f912-4690-b5f6-032c659a2ac0,2026-05-02 09:00:00+00:00,0.0,10.3,0.1,49.0,1019.1,0.0,0,-1.1126476038025614,-2.092585795075657,-1.3203982480056895,-6.792860109457835
b60168a1-f912-4690-b5f6-032c659a2ac0,2026-05-02 10:00:00+00:00,0.0,10.2,0.5,51.0,1018.8,0.0,0,-1.6104755619957505,-2.38762820895852,-2.608918672689787,-6.796465504899629
b60168a1-f912-4690-b5f6-032c659a2ac0,2026-05-02 11:00:00+00:00,0.0,10.1,-0.1,49.0,1019.3,0.0,0,-2.282812440494554,-1.9155070768658877,-4.584724967881289,-6.31033255612459
b60168a1-f912-4690-b5f6-032c659a2ac0,2026-05-02 12:00:00+00:00,0.0,9.3,1.5,58.0,1020.6,0.0,0,-2.6046953989338353,1.3849411102183768,-7.074412810344588,2.858248307763408
b60168a1-f912-4690-b5f6-032c659a2ac0,2026-05-02 13:00:00+00:00,0.0,12.3,2.7,52.0,1021.4,0.0,0,-1.7019334360787706,0.5860226780228813,-6.880487743284377,2.641171788148864
b60168a1-f912-4690-b5f6-032c659a2ac0,2026-05-02 14:00:00+00:00,0.0,16.6,3.3,41.0,1021.9,0.0,0,-0.7006623980558507,3.296357414472925,-1.0171588472529063,3.7960884973160387
b60168a1-f912-4690-b5f6-032c659a2ac0,2026-05-02 15:00:00+00:00,0.0,18.1,4.3,40.0,1021.0,0.0,0,-0.20299133859540455,-2.9029113862560885,-0.2972010827695136,-3.3970239204928525
b60168a1-f912-4690-b5f6-032c659a2ac0,2026-05-02 16:00:00+00:00,60.0,20.3,5.5,38.0,1021.1,0.0,0,-2.196940552641805,-0.7138292570061289,-2.4061729862267383,-0.7818129957686173
b60168a1-f912-4690-b5f6-032c659a2ac0,2026-05-02 17:00:00+00:00,120.0,21.7,6.0,36.0,1020.7,0.0,0,-3.106669454637338,-0.38145104485811065,-3.505548963345159,-0.492672777398633
b60168a1-f912-4690-b5f6-032c659a2ac0,2026-05-02 18:00:00+00:00,150.0,22.8,5.7,33.0,1020.0,0.0,0,-3.397586747892118,0.5990862129509085,-3.8013579266271234,0.6702819657943496
b60168a1-f912-4690-b5f6-032c659a2ac0,2026-05-02 19:00:00+00:00,140.0,23.4,4.3,29.0,1019.2,0.0,0,-3.51413141957853,1.8684968198878438,-3.9909231197223503,2.1220114637922243
b60168a1-f912-4690-b5f6-032c659a2ac0,2026-05-02 20:00:00+00:00,90.0,23.8,3.1,26.0,1018.7,0.0,0,-3.3921923846257043,2.1196770569328187,-3.9923771114462623,2.3050000000000006
b60168a1-f912-4690-b5f6-032c659a2ac0,2026-05-02 21:00:00+00:00,100.0,22.2,5.6,34.0,1018.7,0.0,0,2.8778606798775104,5.412468744225222,3.4459212708484386,6.480835331584524
b60168a1-f912-4690-b5f6-032c659a2ac0,2026-05-02 22:00:00+00:00,70.0,23.6,5.0,30.0,1018.6,0.0,0,2.315873894032344,3.187526957837293,2.4018581444162694,3.69853720463932
b60168a1-f912-4690-b5f6-032c659a2ac0,2026-05-02 23:00:00+00:00,80.0,23.3,5.2,31.0,1018.2,0.0,0,3.187526957837293,2.315873894032344,3.48161390732723,2.819355351903272
b60168a1-f912-4690-b5f6-032c659a2ac0,2026-05-03 00:00:00+00:00,40.0,23.3,6.6,34.0,1017.8,0.0,0,1.2086882285784004,2.592040270924819,0.7983422554789035,3.2019758967107883
b60168a1-f912-4690-b5f6-032c659a2ac0,2026-05-03 01:00:00+00:00,70.0,20.8,7.1,41.0,1017.9,0.0,0,1.903246352776965,0.8874983496554688,2.7052734267389993,1.6904424529039237
b60168a1-f912-4690-b5f6-032c659a2ac0,2026-05-03 02:00:00+00:00,0.0,18.0,7.4,50.0,1018.2,0.0,0,2.393312618976345,1.0159009340721117,4.700822142653612,1.8992554286186738
b60168a1-f912-4690-b5f6-032c659a2ac0,2026-05-03 03:00:00+00:00,0.0,16.2,7.1,55.0,1018.8,0.0,0,2.1969849764600626,0.11513910373447674,4.4958170320867294,0.6318458783586972
b60168a1-f912-4690-b5f6-032c659a2ac0,2026-05-03 04:00:00+00:00,0.0,14.9,6.7,58.0,1018.8,0.0,0,2.598416150249649,0.09073869142650282,6.505151378539098,-0.5691270001422083
b60168a1-f912-4690-b5f6-032c659a2ac0,2026-05-03 05:00:00+00:00,0.0,14.4,6.7,60.0,1018.9,0.0,0,2.0957814771583414,-1.2099999999999995,6.48035416830518,-2.7507471445644875
b60168a1-f912-4690-b5f6-032c659a2ac0,2026-05-03 06:00:00+00:00,0.0,13.7,5.5,58.0,1019.2,0.0,0,2.1943482897974076,-1.3184974717697389,6.165309659057217,-3.8525130509753986
b60168a1-f912-4690-b5f6-032c659a2ac0,2026-05-03 07:00:00+00:00,0.0,13.0,6.4,64.0,1018.9,0.0,0,2.3018642196794548,-2.0009800384210465,6.022881201291526,-4.877233030636239
b60168a1-f912-4690-b5f6-032c659a2ac0,2026-05-03 08:00:00+00:00,0.0,12.5,6.3,66.0,1018.2,0.0,0,1.3899999999999997,-2.4075506225207395,4.536989611536773,-6.479492670325926
b60168a1-f912-4690-b5f6-032c659a2ac0,2026-05-03 09:00:00+00:00,0.0,12.2,5.6,64.0,1017.7,0.0,0,1.6110602010875839,-1.9894936613298455,4.3680050608205185,-6.7261379549223
b60168a1-f912-4690-b5f6-032c659a2ac0,2026-05-03 10:00:00+00:00,0.0,11.7,6.4,70.0,1017.2,0.0,0,1.015900934072112,-2.393312618976345,2.676508230151525,-6.305458246149216
b60168a1-f912-4690-b5f6-032c659a2ac0,2026-05-03 11:00:00+00:00,0.0,11.6,7.3,75.0,1016.6,0.0,0,0.42169449590899794,-3.000512248286958,0.9700365136916553,-6.9021684391287454
b60168a1-f912-4690-b5f6-032c659a2ac0,2026-05-03 12:00:00+00:00,0.0,10.9,7.9,82.0,1016.8,0.0,0,-0.3783930370289057,-3.6001692612331495,-0.8299559983451689,-7.89650384922409
b60168a1-f912-4690-b5f6-032c659a2ac0,2026-05-03 13:00:00+00:00,0.0,13.1,9.1,77.0,1017.2,0.0,0,-1.4191370801993897,-3.696978488928919,-2.823110185321659,-5.788233658166635
b60168a1-f912-4690-b5f6-032c659a2ac0,2026-05-03 14:00:00+00:00,0.0,16.4,10.0,66.0,1017.4,0.0,0,-2.478107609318373,-3.8159510841516795,-3.5061395047615815,-5.198065579920112
b60168a1-f912-4690-b5f6-032c659a2ac0,2026-05-03 15:00:00+00:00,0.0,20.0,9.0,49.0,1017.1,0.0,0,-3.8813685788298433,-2.924821012518955,-4.903622031690378,-3.6951442421535763
b60168a1-f912-4690-b5f6-032c659a2ac0,2026-05-03 16:00:00+00:00,40.0,22.9,9.7,43.0,1017.3,0.0,0,-4.700692862144643,-2.292681097706877,-5.702441754805554,-2.9055391983331003
b60168a1-f912-4690-b5f6-032c659a2ac0,2026-05-03 17:00:00+00:00,160.0,25.1,9.8,38.0,1017.0,0.0,0,-3.1315312377594564,-3.4779177832342048,-4.077644634594314,-4.222524627987882
b60168a1-f912-4690-b5f6-032c659a2ac0,2026-05-03 18:00:00+00:00,240.0,27.1,9.0,32.0,1016.1,0.0,0,-4.627577207824698,-3.3621316431129467,-5.996192964195418,-4.198579514089659
b60168a1-f912-4690-b5f6-032c659a2ac0,2026-05-03 19:00:00+00:00,0.0,27.9,6.0,25.0,1015.2,0.0,0,-5.501315561749641,-3.9969397155888178,-6.9575461516245465,-5.05495316971527
b60168a1-f912-4690-b5f6-032c659a2ac0,2026-05-03 20:00:00+00:00,0.0,27.9,6.0,25.0,1014.2,0.0,0,-5.098239892355007,-5.098239892355009,-6.286658252653925,-6.510025193064793
b60168a1-f912-4690-b5f6-032c659a2ac0,2026-05-03 21:00:00+00:00,0.0,27.9,4.2,22.0,1013.2,0.0,0,-5.154365108805759,-5.337501318512791,-6.752869760331529,-6.752869760331531
b60168a1-f912-4690-b5f6-032c659a2ac0,2026-05-03 22:00:00+00:00,0.0,27.8,5.9,25.0,1012.1,0.0,0,-4.211124491227502,-5.389993554669979,-5.651772343489542,-7.233938718109708
b60168a1-f912-4690-b5f6-032c659a2ac0,2026-05-03 23:00:00+00:00,0.0,27.3,4.9,24.0,1011.8,0.0,0,-4.1883548469958924,-6.2094914184372625,-6.1430036333197044,-8.773118394335103
b60168a1-f912-4690-b5f6-032c659a2ac0,2026-05-04 00:00:00+00:00,0.0,25.6,2.9,23.0,1011.5,0.0,0,-3.6960287556976006,-4.404755547934124,-5.54431264514907,-6.846655920435913
b60168a1-f912-4690-b5f6-032c659a2ac0,2026-05-04 01:00:00+00:00,0.0,23.2,5.1,31.0,1011.0,0.0,0,-1.2293904642369737,-4.588147674873074,-2.6468690957366845,-7.687066019622446
b60168a1-f912-4690-b5f6-032c659a2ac0,2026-05-04 02:00:00+00:00,0.0,21.4,4.9,34.0,1010.7,0.0,0,-0.9561192035956502,-6.8031416322545875,-2.2035953745933474,-12.49721038572492
b60168a1-f912-4690-b5f6-032c659a2ac0,2026-05-04 03:00:00+00:00,0.0,20.6,5.0,36.0,1011.1,0.0,0,-1.467856537173382,-6.905722061180667,-2.836632795276137,-12.286806516941816
b60168a1-f912-4690-b5f6-032c659a2ac0,2026-05-04 04:00:00+00:00,0.0,19.6,5.6,40.0,1011.3,0.0,0,-1.3013173484680352,-6.694697391113069,-2.316421203871253,-11.916954007054642
b60168a1-f912-4690-b5f6-032c659a2ac0,2026-05-04 05:00:00+00:00,0.0,18.6,6.1,44.0,1010.9,0.0,0,-1.3826127439381009,-6.504681544879808,-2.7061611837566955,-11.72167187936638
b60168a1-f912-4690-b5f6-032c659a2ac0,2026-05-04 06:00:00+00:00,0.0,18.4,5.9,44.0,1010.4,0.0,0,-2.2094715097808733,-6.800054091510349,-4.242153052576752,-12.320107040059096
b60168a1-f912-4690-b5f6-032c659a2ac0,2026-05-04 07:00:00+00:00,0.0,18.0,4.5,41.0,1009.9,0.0,0,-2.3050225335566696,-6.694271515243162,-4.371017431702045,-12.009271693643909
b60168a1-f912-4690-b5f6-032c659a2ac0,2026-05-04 08:00:00+00:00,0.0,17.3,4.6,43.0,1009.7,0.0,0,-2.3365590310353586,-6.086944380761755,-4.487786989122626,-11.107662577710114
b60168a1-f912-4690-b5f6-032c659a2ac0,2026-05-04 09:00:00+00:00,0.0,16.6,5.5,48.0,1009.5,0.0,0,-2.099914596248661,-6.098594812615593,-4.217990766148186,-10.988241619872063
b60168a1-f912-4690-b5f6-032c659a2ac0,2026-05-04 10:00:00+00:00,0.0,16.1,6.5,53.0,1009.0,0.0,0,-2.2076308759643957,-5.200852422006289,-4.765094365597272,-9.769891283271944
b60168a1-f912-4690-b5f6-032c659a2ac0,2026-05-04 11:00:00+00:00,0.0,15.5,7.3,58.0,1008.5,0.0,0,-1.3770707292440902,-4.504195400585897,-3.7666480786365972,-8.873666787281525
b60168a1-f912-4690-b5f6-032c659a2ac0,2026-05-04 12:00:00+00:00,0.0,15.2,7.7,61.0,1007.8,0.0,0,-1.1232746557449402,-4.192118086094556,-3.3328219307712943,-8.682297966423977
b60168a1-f912-4690-b5f6-032c659a2ac0,2026-05-04 13:00:00+00:00,0.0,17.4,9.1,58.0,1008.0,0.0,0,-1.98812759211461,-6.502872340548641,-3.4086985771664313,-9.899579486524846
b60168a1-f912-4690-b5f6-032c659a2ac0,2026-05-04 14:00:00+00:00,0.0,19.2,10.2,56.0,1007.8,0.0,0,-3.149292895623545,-7.41926911882667,-4.7710208232791365,-10.71588821814771
b60168a1-f912-4690-b5f6-032c659a2ac0,2026-05-04 15:00:00+00:00,0.0,21.5,10.9,51.0,1007.0,0.0,0,-3.940637537739265,-7.733936629955033,-5.797973800405752,-10.904402771807746
b60168a1-f912-4690-b5f6-032c659a2ac0,2026-05-04 16:00:00+00:00,120.0,23.3,12.0,49.0,1006.0,0.0,0,-4.918613615391018,-8.185947721705173,-6.835000000000002,-11.838567269733275
b60168a1-f912-4690-b5f6-032c659a2ac0,2026-05-04 17:00:00+00:00,330.0,24.9,12.8,47.0,1005.0,0.0,0,-4.7250000000000005,-8.183940065762943,-6.447967949276282,-11.632442104953965
b60168a1-f912-4690-b5f6-032c659a2ac0,2026-05-04 18:00:00+00:00,580.0,26.4,12.8,43.0,1003.8,0.0,0,-4.731741893604249,-8.536288341680503,-6.641891797374816,-11.982289987809722
b60168a1-f912-4690-b5f6-032c659a2ac0,2026-05-04 19:00:00+00:00,830.0,27.3,13.3,42.0,1002.6,0.0,0,-4.408337974559515,-8.290877896945323,-6.2580559319359255,-11.769691412809495
b60168a1-f912-4690-b5f6-032c659a2ac0,2026-05-04 20:00:00+00:00,1140.0,28.7,13.8,40.0,1001.7,0.0,0,-4.7250000000000005,-8.183940065762943,-6.7650000000000015,-11.717323713203454
b60168a1-f912-4690-b5f6-032c659a2ac0,2026-05-04 21:00:00+00:00,1260.0,29.9,13.7,37.0,1001.2,0.0,0,-5.07132735871177,-8.115820280216997,-7.191004415644589,-11.508012664842703
b60168a1-f912-4690-b5f6-032c659a2ac0,2026-05-04 22:00:00+00:00,1330.0,30.3,13.5,36.0,1000.7,0.0,0,-4.573538105201282,-7.611645630234758,-6.56158507435409,-10.920311410944912
b60168a1-f912-4690-b5f6-032c659a2ac0,2026-05-04 23:00:00+00:00,1280.0,30.6,13.4,35.0,999.7,0.0,0,-2.7259005423055793,-7.48935018766369,-4.03583769124289,-11.08837292527372
b60168a1-f912-4690-b5f6-032c659a2ac0,2026-05-07 00:00:00+00:00,0.0,17.1,6.0,48.0,1015.3,0.0,1,2.7690097206192847,3.4194422304106724,3.8345142049336647,3.9707556978693543
b60168a1-f912-4690-b5f6-032c659a2ac0,2026-05-07 01:00:00+00:00,0.0,15.3,5.7,53.0,1015.6,0.0,1,3.9182962879844934,2.1719470987035905,5.691590876662025,3.4198528174027594
b60168a1-f912-4690-b5f6-032c659a2ac0,2026-05-07 02:00:00+00:00,0.0,14.0,6.1,59.0,1016.5,0.0,1,1.905255888325765,1.1000000000000003,4.303128959125827,2.3852633316119785
b60168a1-f912-4690-b5f6-032c659a2ac0,2026-05-07 03:00:00+00:00,0.0,12.7,5.8,63.0,1017.3,0.0,1,1.296400005562665,1.60092068060136,3.8832815729997474,2.821369211003871
b60168a1-f912-4690-b5f6-032c659a2ac0,2026-05-07 04:00:00+00:00,0.0,11.6,5.4,66.0,1017.7,0.0,1,2.2989034665679826,0.6159893273439994,5.50577720984769,1.4752685570843682
b60168a1-f912-4690-b5f6-032c659a2ac0,2026-05-07 05:00:00+00:00,0.0,10.7,4.6,66.0,1018.1,0.0,1,0.08897112561300452,1.6976702090827755,2.4165903016313757,2.9842404919947683
b60168a1-f912-4690-b5f6-032c659a2ac0,2026-05-07 06:00:00+00:00,0.0,9.6,5.2,74.0,1018.8,0.0,1,0.7015463144895611,1.504470926480839,2.1734606761204285,3.6172460089629137
b60168a1-f912-4690-b5f6-032c659a2ac0,2026-05-07 07:00:00+00:00,0.0,9.1,4.9,75.0,1018.4,0.0,1,0.8055301005437919,0.9947468306649228,2.575768299090767,3.4181599830024134
b60168a1-f912-4690-b5f6-032c659a2ac0,2026-05-07 08:00:00+00:00,0.0,8.3,4.1,75.0,1018.1,0.0,1,-0.09542502367454096,0.6024898877630339,1.61721955521757,2.6915053242046327
b60168a1-f912-4690-b5f6-032c659a2ac0,2026-05-07 09:00:00+00:00,0.0,8.1,3.9,75.0,1018.1,0.0,1,-0.7117891253826503,1.5987045508745517,0.7850791796600889,3.4005515261004713
b60168a1-f912-4690-b5f6-032c659a2ac0,2026-05-07 10:00:00+00:00,0.0,7.5,3.7,77.0,1018.3,0.0,1,0.194485958986962,1.1029846833736732,1.015799825677236,2.790887083734148
b60168a1-f912-4690-b5f6-032c659a2ac0,2026-05-07 11:00:00+00:00,0.0,7.1,4.2,82.0,1018.9,0.0,1,-1.4953047837997713,0.21015138244969886,-1.8962399981120275,0.8049061246879035
b60168a1-f912-4690-b5f6-032c659a2ac0,2026-05-07 12:00:00+00:00,0.0,7.0,4.9,87.0,1019.2,0.0,1,-1.7975593714046567,-0.515441855377788,-2.191876049503385,1.1168166293592847
b60168a1-f912-4690-b5f6-032c659a2ac0,2026-05-07 13:00:00+00:00,0.0,9.5,6.2,80.0,1019.8,0.0,1,-1.7975927798831506,-0.2847107263732205,-2.298646861724443,-0.4885924734217355
b60168a1-f912-4690-b5f6-032c659a2ac0,2026-05-07 14:00:00+00:00,0.0,13.6,5.3,57.0,1019.8,0.0,1,-0.48787811979608825,-1.7014332018108245,-0.6908806895178506,-1.8981790939875351
b60168a1-f912-4690-b5f6-032c659a2ac0,2026-05-07 15:00:00+00:00,0.0,15.8,3.9,45.0,1019.5,0.0,1,-1.2086882285784,-2.592040270924819,-1.420990264184781,-2.788850420709591
b60168a1-f912-4690-b5f6-032c659a2ac0,2026-05-07 16:00:00+00:00,0.0,17.0,4.3,43.0,1018.7,0.0,1,-1.6162537559112746,-2.5865466932770995,-1.8926685123817633,-2.605034721887331
b60168a1-f912-4690-b5f6-032c659a2ac0,2026-05-07 17:00:00+00:00,0.0,18.3,6.1,45.0,1018.0,0.0,1,-2.5846752718300485,-2.019369639068158,-3.018842227978767,-2.274860787514742
b60168a1-f912-4690-b5f6-032c659a2ac0,2026-05-07 18:00:00+00:00,0.0,19.5,6.6,43.0,1016.9,0.0,1,-3.0868950700093905,-1.9289061218088663,-3.4972425868646173,-2.101355345633022
b60168a1-f912-4690-b5f6-032c659a2ac0,2026-05-07 19:00:00+00:00,0.0,20.8,6.7,40.0,1015.9,0.0,1,-3.4028664036216494,-0.9757562395921761,-3.8931098685501917,-1.1163312910588454
b60168a1-f912-4690-b5f6-032c659a2ac0,2026-05-07 20:00:00+00:00,0.0,22.3,4.4,31.0,1015.0,0.0,1,-3.6050624431722524,-0.5709857973968433,-4.096800252530786,-0.7223764190944302
b60168a1-f912-4690-b5f6-032c659a2ac0,2026-05-07 21:00:00+00:00,0.0,23.1,4.5,30.0,1013.7,0.0,1,-2.4019616869719993,0.2949238110404574,-2.705099555401704,0.28431742008801614
b60168a1-f912-4690-b5f6-032c659a2ac0,2026-05-07 22:00:00+00:00,0.0,23.7,4.6,29.0,1013.1,0.0,1,-2.0025194542332345,-0.389250350568151,-2.2059693667473463,-0.388971917973924
b60168a1-f912-4690-b5f6-032c659a2ac0,2026-05-07 23:00:00+00:00,0.0,23.6,5.5,31.0,1012.7,0.0,1,-0.6010407640085653,-0.6010407640085655,-0.7986355100472928,-0.6018150231520483
b60168a1-f912-4690-b5f6-032c659a2ac0,2026-05-08 00:00:00+00:00,0.0,23.2,4.1,29.0,1012.4,0.0,1,-0.7138292570061282,-2.196940552641805,-0.9843026762434365,-2.210780007495094
b60168a1-f912-4690-b5f6-032c659a2ac0,2026-05-08 01:00:00+00:00,0.0,21.1,3.3,31.0,1012.5,0.0,1,-0.2973137178693961,-1.3987510690493419,-0.806327886476926,-2.100555959618704
b60168a1-f912-4690-b5f6-032c659a2ac0,2026-05-08 02:00:00+00:00,0.0,17.7,5.9,46.0,1012.8,0.0,1,0.49316082457408195,-2.7968540185546704,0.7149746887507515,-6.802529764318989
b60168a1-f912-4690-b5f6-032c659a2ac0,2026-05-08 03:00:00+00:00,0.0,16.1,6.5,53.0,1013.2,0.0,1,0.9174219508359686,-2.3899658918328366,1.8194978870707228,-6.7904585588121495
b60168a1-f912-4690-b5f6-032c659a2ac0,2026-05-08 04:00:00+00:00,0.0,15.1,5.6,53.0,1013.4,0.0,1,0.682927557568634,-2.1018349010122894,1.3826127439380995,-6.5046815448798085
b60168a1-f912-4690-b5f6-032c659a2ac0,2026-05-08 05:00:00+00:00,0.0,14.4,5.5,55.0,1013.3,0.0,1,-0.20463358890990935,-3.9046414808903838,-0.8314657858126567,-9.503697419795252
b60168a1-f912-4690-b5f6-032c659a2ac0,2026-05-08 06:00:00+00:00,0.0,14.1,6.7,61.0,1013.2,0.0,1,-0.5709857973968422,-3.605062443172253,-0.7966034887135937,-9.105219540558554
b60168a1-f912-4690-b5f6-032c659a2ac0,2026-05-08 07:00:00+00:00,0.0,14.1,7.4,64.0,1012.5,0.0,1,-0.9222993228098463,-3.9949172656194643,-1.3917310096006552,-9.902680687415703
b60168a1-f912-4690-b5f6-032c659a2ac0,2026-05-08 08:00:00+00:00,0.0,13.2,8.3,72.0,1012.1,0.0,1,-1.093851252774463,-2.7073768553350193,-2.348430271560831,-8.189949649394476
b60168a1-f912-4690-b5f6-032c659a2ac0,2026-05-08 09:00:00+00:00,0.0,13.1,8.3,73.0,1011.7,0.0,1,-1.275735134604744,-3.5050534755314384,-2.689819683449178,-8.798003754859925
b60168a1-f912-4690-b5f6-032c659a2ac0,2026-05-08 10:00:00+00:00,0.0,12.5,8.7,78.0,1011.8,0.0,1,-1.3151134403672324,-2.696382138897501,-3.48532166612432,-8.210903292795768
b60168a1-f912-4690-b5f6-032c659a2ac0,2026-05-08 11:00:00+00:00,0.0,12.0,8.5,79.0,1012.1,0.0,1,-0.809624525262362,-2.4917680726933025,-2.476225837677841,-6.803374574489977
b60168a1-f912-4690-b5f6-032c659a2ac0,2026-05-08 12:00:00+00:00,0.0,11.8,8.6,81.0,1012.5,0.0,1,-1.1762647033259637,-2.9113573033397127,-3.4020770070126294,-7.295777685645033
b60168a1-f912-4690-b5f6-032c659a2ac0,2026-05-08 13:00:00+00:00,0.0,14.3,10.9,80.0,1012.7,0.0,1,-1.3044593363448935,-3.3982327524498146,-2.555381580319849,-6.02010174157896
b60168a1-f912-4690-b5f6-032c659a2ac0,2026-05-08 14:00:00+00:00,0.0,17.2,12.1,72.0,1012.6,0.0,1,-1.739611643100284,-5.690013297980061,-2.4705409049071254,-8.08077518788765
b60168a1-f912-4690-b5f6-032c659a2ac0,2026-05-08 15:00:00+00:00,0.0,19.8,12.3,62.0,1012.1,0.0,1,-1.952987404449667,-6.010677182985371,-2.7901190836978333,-8.103094192886145
b60168a1-f912-4690-b5f6-032c659a2ac0,2026-05-08 16:00:00+00:00,80.0,21.6,13.8,61.0,1011.3,0.0,1,-1.9241077928417964,-5.588014781791962,-2.552454330944109,-7.412865632698643
b60168a1-f912-4690-b5f6-032c659a2ac0,2026-05-08 17:00:00+00:00,70.0,23.7,12.6,50.0,1010.3,0.0,1,-1.8947915940242044,-5.205897119153933,-2.415399979935325,-6.2923320745911395
b60168a1-f912-4690-b5f6-032c659a2ac0,2026-05-08 18:00:00+00:00,280.0,24.9,13.5,49.0,1009.2,0.0,1,-1.2557866125392674,-5.908011508432185,-1.734372628991199,-7.512393199494164
b60168a1-f912-4690-b5f6-032c659a2ac0,2026-05-08 19:00:00+00:00,810.0,26.0,14.7,50.0,1008.0,0.0,1,-2.0032105606509147,-4.2958989105537215,-2.493295622054655,-5.600033655349144
b60168a1-f912-4690-b5f6-032c659a2ac0,2026-05-08 20:00:00+00:00,1530.0,26.4,16.6,55.0,1007.3,0.0,1,-1.014529255090831,-4.394408992181411,-1.3958893376100814,-5.598606340612499
b60168a1-f912-4690-b5f6-032c659a2ac0,2026-05-08 21:00:00+00:00,1780.0,27.9,16.5,50.0,1006.5,0.0,1,-2.622614717277802,-3.888186215283146,-3.292328744655005,-4.701932734218813
b60168a1-f912-4690-b5f6-032c659a2ac0,2026-05-08 22:00:00+00:00,2010.0,27.8,16.8,51.0,1005.7,0.0,1,-1.0395584540887977,-4.890738003669028,-1.495077314805945,-5.996427588385658
b60168a1-f912-4690-b5f6-032c659a2ac0,2026-05-08 23:00:00+00:00,1560.0,27.6,15.9,49.0,1005.1,0.0,1,0.5778425744169738,-6.604770848348273,0.4663133701246293,-8.897789154663252
b60168a1-f912-4690-b5f6-032c659a2ac0,2026-05-09 00:00:00+00:00,880.0,22.8,16.3,67.0,1005.9,9.7,0,1.1113483370683541,6.3027696192781315,0.35715314556992156,5.1075279373303
b60168a1-f912-4690-b5f6-032c659a2ac0,2026-05-09 01:00:00+00:00,180.0,19.4,16.3,82.0,1006.9,0.0,0,-1.4977573462913245,-2.306344061849916,-2.082596914847828,-4.9062908689015075
b60168a1-f912-4690-b5f6-032c659a2ac0,2026-05-09 02:00:00+00:00,280.0,18.8,16.6,87.0,1007.9,0.0,0,-0.19964936484121817,-1.899536820153402,-0.3939439572194139,-4.5028000353746895
b60168a1-f912-4690-b5f6-032c659a2ac0,2026-05-09 03:00:00+00:00,240.0,18.3,16.2,88.0,1008.9,0.0,0,0.4083312501058063,-2.100682172578001,0.5838755258522276,-3.003779181349852
b60168a1-f912-4690-b5f6-032c659a2ac0,2026-05-09 04:00:00+00:00,130.0,17.6,15.9,90.0,1009.4,0.0,0,1.1116573269018724,-1.1921065336392478,1.6162537559112748,-2.586546693277099
b60168a1-f912-4690-b5f6-032c659a2ac0,2026-05-09 05:00:00+00:00,30.0,17.1,14.9,87.0,1009.5,0.0,0,0.9850180127779259,2.706314747863416,3.3130322683348425,3.089452571083118
b60168a1-f912-4690-b5f6-032c659a2ac0,2026-05-09 06:00:00+00:00,0.0,16.5,14.3,87.0,1010.3,0.0,0,-0.0951209015735646,0.9050149247851287,2.3230059893669064,3.08273306878255
b60168a1-f912-4690-b5f6-032c659a2ac0,2026-05-09 07:00:00+00:00,0.0,15.8,14.3,91.0,1010.1,0.0,0,-0.8039623828294709,0.09871416815816964,0.49715703440722514,0.2987220834478314
b60168a1-f912-4690-b5f6-032c659a2ac0,2026-05-09 08:00:00+00:00,0.0,15.3,13.9,91.0,1009.5,0.0,0,-0.5991656052659468,0.19468070645621677,-1.792840919204833,0.4139099399927115
b60168a1-f912-4690-b5f6-032c659a2ac0,2026-05-09 09:00:00+00:00,0.0,14.7,13.7,94.0,1008.9,0.0,0,-0.19602143532144095,0.09987790994270027,0.4040515447681966,0.7929958065276475
b60168a1-f912-4690-b5f6-032c659a2ac0,2026-05-09 10:00:00+00:00,0.0,14.5,13.9,96.0,1009.0,0.0,0,-2.6942229581241775e-16,1.1,0.8126429945337887,1.5949016782971785
b60168a1-f912-4690-b5f6-032c659a2ac0,2026-05-09 11:00:00+00:00,0.0,13.9,12.8,93.0,1008.4,0.0,0,-0.19798989873223338,0.19798989873223327,0.19620964288228745,1.5979993041425284
b60168a1-f912-4690-b5f6-032c659a2ac0,2026-05-09 12:00:00+00:00,0.0,13.7,12.4,92.0,1009.0,0.0,0,1.1983312105318935,0.3893614129124338,0.8054041758442108,1.9934452873185928
b60168a1-f912-4690-b5f6-032c659a2ac0,2026-05-09 13:00:00+00:00,0.0,15.6,15.2,98.0,1009.5,0.0,0,-0.09888543819998326,0.30433808521444916,0.5871322893124,1.8070073809607916
b60168a1-f912-4690-b5f6-032c659a2ac0,2026-05-09 14:00:00+00:00,210.0,18.7,17.0,90.0,1009.9,0.0,0,0.602489887763034,-0.0954250236745408,1.8963616139426644,-0.30035417287724314
b60168a1-f912-4690-b5f6-032c659a2ac0,2026-05-09 15:00:00+00:00,1080.0,21.7,18.1,80.0,1010.4,0.0,0,1.6075314058745045,-1.3974057317497801,2.089174682838705,-1.4091661167462817
b60168a1-f912-4690-b5f6-032c659a2ac0,2026-05-09 16:00:00+00:00,1210.0,23.1,18.4,75.0,1010.5,0.0,0,0.3192976797214866,-2.600470917300264,0.5946274357387916,-2.797502138098684
b60168a1-f912-4690-b5f6-032c659a2ac0,2026-05-09 17:00:00+00:00,1140.0,24.5,17.5,65.0,1010.1,0.0,0,-0.49118446393419773,-1.6065919900178995,-0.5072853284009408,-1.8932146195265738
b60168a1-f912-4690-b5f6-032c659a2ac0,2026-05-09 18:00:00+00:00,640.0,26.9,15.9,51.0,1009.6,0.0,0,0.8049999999999999,-1.3943009000929465,0.8049999999999999,-1.3943009000929465
b60168a1-f912-4690-b5f6-032c659a2ac0,2026-05-09 19:00:00+00:00,460.0,28.2,14.1,42.0,1008.7,0.0,0,0.19448595898696192,-1.1029846833736732,0.299983150543588,-1.2031667005822355
b60168a1-f912-4690-b5f6-032c659a2ac0,2026-05-09 20:00:00+00:00,890.0,28.9,15.1,43.0,1008.2,0.0,0,0.39931775502364636,-0.3009075115760242,0.3,1.8369701987210297e-17
b60168a1-f912-4690-b5f6-032c659a2ac0,2026-05-09 21:00:00+00:00,770.0,28.9,14.3,41.0,1007.6,0.0,0,1.1168166293592852,-2.1918760495033847,1.2159313476154567,-2.2868342655046208
b60168a1-f912-4690-b5f6-032c659a2ac0,2026-05-09 22:00:00+00:00,350.0,29.0,12.4,36.0,1007.1,0.0,0,2.0145092743310915,-2.086085420982089,2.4142741946212447,-2.5889921037318633
b60168a1-f912-4690-b5f6-032c659a2ac0,2026-05-09 23:00:00+00:00,950.0,28.1,14.3,43.0,1006.6,0.0,0,2.407523560910643,-2.0928283024797176,2.7194577730723717,-2.2818960143872147
b60168a1-f912-4690-b5f6-032c659a2ac0,2026-05-10 00:00:00+00:00,460.0,27.1,13.4,43.0,1006.2,0.0,0,2.5956675112662833,-2.1019301061064564,3.7052978342372596,-2.6920564554995265
b60168a1-f912-4690-b5f6-032c659a2ac0,2026-05-10 01:00:00+00:00,360.0,25.1,12.3,45.0,1006.3,0.0,0,1.897606345423583,-0.4033486801864531,4.214331209720423,-1.965174917094252
b60168a1-f912-4690-b5f6-032c659a2ac0,2026-05-10 02:00:00+00:00,610.0,23.8,12.8,50.0,1007.4,0.0,0,0.7983422554789035,-3.2019758967107883,2.9809237981657257,-6.111799514834336
b60168a1-f912-4690-b5f6-032c659a2ac0,2026-05-10 03:00:00+00:00,620.0,23.1,14.6,59.0,1008.4,0.0,0,-1.3048832600892903,-1.7960177275123834,1.609812249375808,-3.7924799962240545
b60168a1-f912-4690-b5f6-032c659a2ac0,2026-05-10 04:00:00+00:00,170.0,21.8,14.7,64.0,1010.0,0.0,0,1.9961094789673224,-5.2000429755894135,3.7556961112347462,-9.783922869690675
b60168a1-f912-4690-b5f6-032c659a2ac0,2026-05-10 05:00:00+00:00,0.0,18.1,15.4,84.0,1011.8,0.0,0,-0.41923640720219507,5.995359942061543,-0.5378012441855377,15.400612644364266
b60168a1-f912-4690-b5f6-032c659a2ac0,2026-05-10 06:00:00+00:00,60.0,18.2,15.8,86.0,1013.0,0.0,0,-0.20839657722280175,1.6972539193066607,1.0073954016623285,3.1004442431222
b60168a1-f912-4690-b5f6-032c659a2ac0,2026-05-10 07:00:00+00:00,0.0,17.5,14.4,82.0,1012.0,2.2,0,6.405531908729923,0.5604114258674417,8.697216845346302,1.6905676990361878
b60168a1-f912-4690-b5f6-032c659a2ac0,2026-05-10 08:00:00+00:00,100.0,17.2,14.7,85.0,1010.9,0.4,0,6.496158530944701,0.9129755422980294,9.991832821860207,0.8741720997590111
b60168a1-f912-4690-b5f6-032c659a2ac0,2026-05-10 09:00:00+00:00,90.0,16.7,15.7,94.0,1010.1,13.3,0,-1.7038586396289015,0.7945223320725152,1.2798973974503303,-2.3089960268480048
b60168a1-f912-4690-b5f6-032c659a2ac0,2026-05-10 10:00:00+00:00,0.0,16.5,15.3,93.0,1010.1,0.0,0,2.9391523179536476e-16,-2.4,-0.6179161369089115,-3.9013689453507943
b60168a1-f912-4690-b5f6-032c659a2ac0,2026-05-10 11:00:00+00:00,100.0,16.9,14.9,88.0,1010.6,3.2,0,1.6060140217829288,2.293625724009177,-0.5083893828171356,2.202076346414631
b60168a1-f912-4690-b5f6-032c659a2ac0,2026-05-10 12:00:00+00:00,0.0,16.3,15.0,92.0,1014.5,0.0,0,1.9377369584215172,9.11633563883907,2.3442503985035597,13.294904665664808
b60168a1-f912-4690-b5f6-032c659a2ac0,2026-05-10 13:00:00+00:00,0.0,15.5,14.3,93.0,1015.5,0.0,0,3.578278460048728,5.510065631401436,5.781419172784266,9.252204729066607
b60168a1-f912-4690-b5f6-032c659a2ac0,2026-05-10 14:00:00+00:00,0.0,15.7,13.3,86.0,1016.4,0.7,0,4.345104467157788,5.766148382541454,5.6784067198753565,8.109605238461018
b60168a1-f912-4690-b5f6-032c659a2ac0,2026-05-10 15:00:00+00:00,0.0,16.5,14.6,89.0,1016.2,0.0,0,1.6799999999999997,2.909845356715714,2.9252398253903347,4.177675425873858
b60168a1-f912-4690-b5f6-032c659a2ac0,2026-05-10 16:00:00+00:00,0.0,16.4,15.4,94.0,1018.3,0.0,0,0.6318458783586971,4.4958170320867294,1.5454137433423527,6.693922345074566
b60168a1-f912-4690-b5f6-032c659a2ac0,2026-05-10 17:00:00+00:00,0.0,16.9,15.6,92.0,1018.5,0.0,0,1.6820206817279837,3.607104992405867,2.7836567821106413,5.70734219399971
b60168a1-f912-4690-b5f6-032c659a2ac0,2026-05-10 18:00:00+00:00,20.0,16.6,16.1,97.0,1020.1,0.0,0,0.39133381770454295,5.596334321957614,1.054932105277296,7.506231961061103
b60168a1-f912-4690-b5f6-032c659a2ac0,2026-05-10 19:00:00+00:00,0.0,16.5,15.3,93.0,1019.4,0.7,0,0.6876467835610441,3.899838701928344,1.2725091708542522,5.103755520211741
b60168a1-f912-4690-b5f6-032c659a2ac0,2026-05-10 20:00:00+00:00,0.0,15.6,13.8,89.0,1019.8,0.0,0,0.09075251347387427,5.199208014813235,0.2586052705655322,7.4054860282115
b60168a1-f912-4690-b5f6-032c659a2ac0,2026-05-10 21:00:00+00:00,0.0,15.9,13.5,86.0,1019.4,0.4,0,1.128554780229764,3.691336358017317,1.4969431281804122,4.896280350530741
b60168a1-f912-4690-b5f6-032c659a2ac0,2026-05-10 22:00:00+00:00,0.0,15.1,13.9,93.0,1018.5,0.4,0,2.5868450499620894,5.810149110606941,3.592255224795945,7.703616189811524
b60168a1-f912-4690-b5f6-032c659a2ac0,2026-05-10 23:00:00+00:00,0.0,15.0,12.3,84.0,1019.3,0.0,0,0.34250428608365524,4.898039486775737,0.26209522023578224,7.505425110913409
b60168a1-f912-4690-b5f6-032c659a2ac0,2026-05-11 00:00:00+00:00,0.0,15.3,11.5,78.0,1019.8,0.0,0,-0.06806438510540588,3.899406011109926,0.31977269264438685,6.101626457350447
b60168a1-f912-4690-b5f6-032c659a2ac0,2026-05-11 01:00:00+00:00,0.0,14.7,11.7,82.0,1020.7,0.0,0,-0.10467191248588874,1.9972590695091477,0.16751758417200466,4.79707596969166
b60168a1-f912-4690-b5f6-032c659a2ac0,2026-05-11 02:00:00+00:00,0.0,13.9,10.9,82.0,1020.5,0.0,0,-0.6043441142891999,1.2960201354624095,0.5817213951842166,3.299105972590897
b60168a1-f912-4690-b5f6-032c659a2ac0,2026-05-11 03:00:00+00:00,0.0,13.2,10.2,82.0,1021.2,0.0,0,-0.19601569122099305,2.803154981230106,1.6900883645194604,6.307495645667617
b60168a1-f912-4690-b5f6-032c659a2ac0,2026-05-11 04:00:00+00:00,0.0,12.7,9.4,80.0,1020.7,0.0,0,0.1046984901075029,2.998172481057287,2.017364762586884,6.598502816144945
b60168a1-f912-4690-b5f6-032c659a2ac0,2026-05-11 05:00:00+00:00,0.0,12.4,9.2,81.0,1022.1,0.0,0,0.48859247342173445,2.2986468617244435,3.3734993906608546,5.614445819598836
b60168a1-f912-4690-b5f6-032c659a2ac0,2026-05-11 06:00:00+00:00,0.0,12.0,8.8,81.0,1022.5,0.0,0,0.31599761938126636,1.9951304480021783,3.987045401746425,5.911037892317448
b60168a1-f912-4690-b5f6-032c659a2ac0,2026-05-11 07:00:00+00:00,0.0,11.6,8.3,80.0,1021.9,0.0,0,0.388971917973924,2.2059693667473463,4.031780834024085,5.977360898121851
b60168a1-f912-4690-b5f6-032c659a2ac0,2026-05-11 08:00:00+00:00,0.0,11.3,8.3,82.0,1021.9,0.0,0,-0.09073869142650215,2.598416150249649,2.852673266749721,6.117577562497387
b60168a1-f912-4690-b5f6-032c659a2ac0,2026-05-11 09:00:00+00:00,0.0,10.9,7.9,82.0,1022.6,0.0,0,0.7166571251241979,2.499280409439629,3.8101195098367433,6.097465811364703
b60168a1-f912-4690-b5f6-032c659a2ac0,2026-05-11 10:00:00+00:00,0.0,10.6,7.6,82.0,1023.2,0.0,0,0.20132976574709036,2.3012097525919324,3.186138354837908,4.90622282248073
b60168a1-f912-4690-b5f6-032c659a2ac0,2026-05-11 11:00:00+00:00,0.0,10.2,7.6,84.0,1022.6,0.0,0,0.8021047054274676,2.797271535180508,3.8676269600844733,5.3233318229871545
b60168a1-f912-4690-b5f6-032c659a2ac0,2026-05-11 12:00:00+00:00,0.0,10.0,7.4,84.0,1022.8,0.0,0,0.3146306744356369,2.9935109050585025,2.835768536280093,6.0813252510159215
b60168a1-f912-4690-b5f6-032c659a2ac0,2026-05-11 13:00:00+00:00,0.0,11.9,8.6,80.0,1023.7,0.0,0,0.9041007981249449,1.3921931427894039,2.8074163274850017,3.5933290364466517
b60168a1-f912-4690-b5f6-032c659a2ac0,2026-05-11 14:00:00+00:00,0.0,14.5,8.8,69.0,1024.8,0.0,0,1.0169387194165849,1.9958546141819442,1.2798973974503298,2.3089960268480048
b60168a1-f912-4690-b5f6-032c659a2ac0,2026-05-11 15:00:00+00:00,0.0,16.9,9.6,62.0,1024.6,0.0,0,1.3089005826560163,2.094678797506372,1.610475561995751,2.38762820895852
b60168a1-f912-4690-b5f6-032c659a2ac0,2026-05-11 16:00:00+00:00,0.0,19.1,10.1,56.0,1024.1,0.0,0,1.489900770288093,1.906986023728267,1.71153890140533,2.1906698950266867
b60168a1-f912-4690-b5f6-032c659a2ac0,2026-05-11 17:00:00+00:00,0.0,20.9,9.8,49.0,1023.7,0.0,0,1.9069860237282672,1.489900770288093,2.108397746524853,1.5887916611214077
b60168a1-f912-4690-b5f6-032c659a2ac0,2026-05-11 18:00:00+00:00,0.0,22.8,9.2,42.0,1023.4,0.0,0,2.092585795075657,1.1126476038025614,2.3878974848248258,1.2166945393019855
b60168a1-f912-4690-b5f6-032c659a2ac0,2026-05-11 19:00:00+00:00,0.0,24.4,8.0,35.0,1022.9,0.0,0,2.1116971437953946,0.9847005498558298,2.1918760495033847,1.1168166293592852
b60168a1-f912-4690-b5f6-032c659a2ac0,2026-05-11 20:00:00+00:00,0.0,25.2,6.8,31.0,1021.9,0.0,0,1.7019334360787703,-0.586022678022882,1.8981790939875351,-0.6908806895178508
b60168a1-f912-4690-b5f6-032c659a2ac0,2026-05-11 21:00:00+00:00,0.0,25.7,5.8,28.0,1021.1,0.0,0,2.190669895026687,-1.71153890140533,2.3137886039123496,-1.6810658215564729
b60168a1-f912-4690-b5f6-032c659a2ac0,2026-05-11 22:00:00+00:00,0.0,25.8,4.8,26.0,1020.5,0.0,0,2.0872638454873647,-1.5164859509145805,2.3137886039123496,-1.6810658215564729
b60168a1-f912-4690-b5f6-032c659a2ac0,2026-05-11 23:00:00+00:00,0.0,25.5,5.1,27.0,1020.0,0.0,0,1.902117241391813,-1.9021172413918126,2.1001071401240465,-2.100107140124046
b60168a1-f912-4690-b5f6-032c659a2ac0,2026-05-12 00:00:00+00:00,0.0,24.8,5.5,29.0,1019.7,0.0,0,1.7131907471056926,-1.4892539958084512,1.916146698242227,-1.7868357033637459
b60168a1-f912-4690-b5f6-032c659a2ac0,2026-05-12 01:00:00+00:00,0.0,22.6,8.3,40.0,1019.6,0.0,0,0.08026884241575262,-2.29859890214392,0.2046335889099103,-3.9046414808903838
b60168a1-f912-4690-b5f6-032c659a2ac0,2026-05-12 02:00:00+00:00,0.0,20.2,8.5,47.0,1019.8,0.0,0,0.40460025396394755,-2.2946020645184446,0.8228452861116149,-5.195240671530424
b60168a1-f912-4690-b5f6-032c659a2ac0,2026-05-12 03:00:00+00:00,0.0,18.7,9.5,55.0,1019.7,0.0,0,2.9391523179536476e-16,-2.4,0.48981527424183907,-5.59861420327561
b60168a1-f912-4690-b5f6-032c659a2ac0,2026-05-12 04:00:00+00:00,0.0,17.6,9.8,60.0,1019.8,0.0,0,-0.08026884241575206,-2.29859890214392,0.8016370615299763,-5.703944075951445
b60168a1-f912-4690-b5f6-032c659a2ac0,2026-05-12 05:00:00+00:00,0.0,16.9,9.3,61.0,1019.9,0.0,0,0.41142264305580745,-2.597620335765212,1.2459827398088388,-6.410025507913246
b60168a1-f912-4690-b5f6-032c659a2ac0,2026-05-12 06:00:00+00:00,0.0,16.4,9.1,62.0,1019.6,0.0,0,0.8244882073181172,-2.69677941181576,1.5229186379079673,-6.596485338596041
b60168a1-f912-4690-b5f6-032c659a2ac0,2026-05-12 07:00:00+00:00,0.0,15.8,9.4,66.0,1019.2,0.0,0,0.2843174200880182,-2.7050995554017034,1.1419715947936862,-7.210124886344505
b60168a1-f912-4690-b5f6-032c659a2ac0,2026-05-12 08:00:00+00:00,0.0,15.0,9.8,71.0,1019.2,0.0,0,0.19601569122099272,-2.803154981230106,0.5385199773046491,-7.701194468005842
b60168a1-f912-4690-b5f6-032c659a2ac0,2026-05-12 09:00:00+00:00,0.0,14.7,10.1,74.0,1019.0,0.0,0,3.6739403974420594e-16,-3.0,-1.1245186557573295,-8.001365995431888
b60168a1-f912-4690-b5f6-032c659a2ac0,2026-05-12 10:00:00+00:00,0.0,14.5,11.5,82.0,1018.9,0.0,0,-0.5068476667303476,-3.2001102235282466,-3.027783836451558,-8.793322753073646
b60168a1-f912-4690-b5f6-032c659a2ac0,2026-05-12 11:00:00+00:00,0.0,14.2,12.4,89.0,1019.1,0.0,0,-0.4167931544456038,-3.3945078386133214,-2.65473507888245,-8.683247184144362
b60168a1-f912-4690-b5f6-032c659a2ac0,2026-05-12 12:00:00+00:00,0.0,14.2,12.4,89.0,1019.6,0.0,0,-1.12524627154145,-3.0915887223856386,-4.163092882611642,-8.170529826807334
b60168a1-f912-4690-b5f6-032c659a2ac0,2026-05-12 13:00:00+00:00,0.0,15.9,13.3,85.0,1020.0,0.0,0,-1.014529255090831,-4.394408992181411,-1.8453797915809733,-6.887051141441057
b60168a1-f912-4690-b5f6-032c659a2ac0,2026-05-12 14:00:00+00:00,0.0,18.0,13.9,77.0,1019.8,0.0,0,-1.646052697589008,-5.383995776071889,-2.4149902810098056,-7.899077284254672
b60168a1-f912-4690-b5f6-032c659a2ac0,2026-05-12 15:00:00+00:00,0.0,20.2,14.3,69.0,1019.5,0.0,0,-2.070613462347517,-6.013498140811655,-3.1260641099966118,-8.588790553983204
b60168a1-f912-4690-b5f6-032c659a2ac0,2026-05-12 16:00:00+00:00,0.0,22.2,14.1,60.0,1019.1,0.0,0,-2.5885315605039523,-6.406840435056501,-3.5962232967927554,-8.90096500384116
b60168a1-f912-4690-b5f6-032c659a2ac0,2026-05-12 17:00:00+00:00,0.0,23.9,14.0,54.0,1018.4,0.0,0,-2.7663763897040567,-6.517174362443278,-3.7704486813126676,-8.46856639234691
b60168a1-f912-4690-b5f6-032c659a2ac0,2026-05-12 18:00:00+00:00,0.0,25.3,13.5,48.0,1017.3,0.0,0,-2.919551837615256,-5.9859683483524515,-3.6472479412851246,-7.477966465209069
b60168a1-f912-4690-b5f6-032c659a2ac0,2026-05-12 19:00:00+00:00,20.0,26.5,13.6,45.0,1016.4,0.0,0,-2.6667212315838125,-5.718802136201261,-3.4105275220190228,-6.992617680207519
b60168a1-f912-4690-b5f6-032c659a2ac0,2026-05-12 20:00:00+00:00,70.0,27.3,13.6,43.0,1015.8,0.0,0,-2.5378068935440656,-4.980726470212977,-3.046276253252358,-5.978653777303949
b60168a1-f912-4690-b5f6-032c659a2ac0,2026-05-12 21:00:00+00:00,150.0,27.8,13.4,41.0,1015.5,0.0,0,-2.235692848624295,-4.583849636125751,-2.726668533028062,-5.590498967980818
b60168a1-f912-4690-b5f6-032c659a2ac0,2026-05-12 22:00:00+00:00,230.0,28.1,13.2,40.0,1015.2,0.0,0,-2.183042766954393,-4.10570630679401,-2.4969477485675067,-4.9005358830360235
b60168a1-f912-4690-b5f6-032c659a2ac0,2026-05-12 23:00:00+00:00,240.0,28.0,13.1,40.0,1014.9,0.0,0,-1.774996699310937,-3.8064927055539304,-2.193388778434229,-4.703737414720214
b60168a1-f912-4690-b5f6-032c659a2ac0,2026-05-13 00:00:00+00:00,300.0,27.3,13.2,42.0,1014.5,0.0,0,-0.8338353097955005,-4.289710791666292,-1.125773072721614,-5.791600382341218
b60168a1-f912-4690-b5f6-032c659a2ac0,2026-05-13 01:00:00+00:00,250.0,25.2,13.1,47.0,1014.9,0.0,0,0.11516833911825376,-3.297989729163016,-0.1099501605548869,-6.299040479485265
b60168a1-f912-4690-b5f6-032c659a2ac0,2026-05-13 02:00:00+00:00,90.0,23.2,12.5,51.0,1015.1,0.0,0,0.11516833911825376,-3.297989729163016,-0.13612877021081235,-7.798812022219852
b60168a1-f912-4690-b5f6-032c659a2ac0,2026-05-13 03:00:00+00:00,100.0,22.1,12.4,54.0,1015.0,0.0,0,0.12563818812900412,-3.597806977268745,-0.16056213922300944,-9.1985987954388
b60168a1-f912-4690-b5f6-032c659a2ac0,2026-05-13 04:00:00+00:00,0.0,21.4,12.0,55.0,1015.0,0.0,0,-0.07330010703659127,-4.199360319656844,-0.5134157307432764,-9.79655573594237
b60168a1-f912-4690-b5f6-032c659a2ac0,2026-05-13 05:00:00+00:00,0.0,20.6,12.0,58.0,1015.1,0.0,0,5.143516556418884e-16,-4.2,-0.4977149438703933,-9.496966875515996
b60168a1-f912-4690-b5f6-032c659a2ac0,2026-05-13 06:00:00+00:00,0.0,19.8,11.3,58.0,1016.1,0.0,0,-0.11167838944800289,-3.1980506464611067,-1.0322333386415978,-8.406865904401998
b60168a1-f912-4690-b5f6-032c659a2ac0,2026-05-13 07:00:00+00:00,0.0,19.0,11.0,60.0,1017.0,0.0,0,-0.6083472696509925,-1.193948742412413,-1.442907134275251,-6.788344349092611
b60168a1-f912-4690-b5f6-032c659a2ac0,2026-05-13 08:00:00+00:00,0.0,17.9,11.2,65.0,1017.6,0.0,0,-0.30461275711350566,0.7935433625226213,-1.4276585140122564,-4.39388110528361
b60168a1-f912-4690-b5f6-032c659a2ac0,2026-05-13 09:00:00+00:00,0.0,17.2,11.9,71.0,1017.8,0.0,0,-2.1006821725780007,0.40833125010580656,-4.810042218698321,0.7618358447459234
b60168a1-f912-4690-b5f6-032c659a2ac0,2026-05-13 10:00:00+00:00,0.0,17.0,11.9,72.0,1017.9,0.0,0,-1.489253995808451,-1.7131907471056926,-4.485093267522776,-3.025233607776739
b60168a1-f912-4690-b5f6-032c659a2ac0,2026-05-13 11:00:00+00:00,0.0,16.2,12.2,77.0,1018.7,0.0,0,2.196204878448267,1.9091317743623764,2.8989393953647644,2.799473232949759
b60168a1-f912-4690-b5f6-032c659a2ac0,2026-05-13 12:00:00+00:00,0.0,16.4,12.4,77.0,1019.7,0.0,0,2.3089960268480048,1.27989739745033,5.9306608006523005,4.152693399181573
b60168a1-f912-4690-b5f6-032c659a2ac0,2026-05-13 13:00:00+00:00,0.0,19.3,12.5,65.0,1020.1,0.0,0,2.793771140185231,2.6052337354387443,5.298061253163859,4.605534383513361
b60168a1-f912-4690-b5f6-032c659a2ac0,2026-05-13 14:00:00+00:00,0.0,21.4,10.9,51.0,1020.2,0.0,0,4.17354397863193,3.6280064303175052,5.6610684346492475,4.750200435583526
b60168a1-f912-4690-b5f6-032c659a2ac0,2026-05-13 15:00:00+00:00,0.0,23.5,10.2,43.0,1020.1,0.0,0,5.291820120016099,3.3066962088151985,6.775904288289844,4.234054921223307
b60168a1-f912-4690-b5f6-032c659a2ac0,2026-05-13 16:00:00+00:00,15.0,25.1,10.4,40.0,1019.7,0.03,0,4.8326554709293585,2.151636841870983,5.936316005090057,2.7681496144015814
b60168a1-f912-4690-b5f6-032c659a2ac0,2026-05-13 17:00:00+00:00,110.0,26.1,11.9,41.0,1019.2,0.0,0,3.9979780193804584,0.42020442233596683,4.697532981868232,0.828301807471258
b60168a1-f912-4690-b5f6-032c659a2ac0,2026-05-13 18:00:00+00:00,352.5,27.0,14.5,46.0,1018.0,0.0,0,3.5550623667822374,-0.4996314324466346,3.92836148670468,-0.41288742990723154
b60168a1-f912-4690-b5f6-032c659a2ac0,2026-05-13 19:00:00+00:00,690.0,27.6,16.9,52.0,1016.9,0.0,0,3.2915026837120953,-1.3298534066264878,3.407717279257804,-1.5890446641450293
b60168a1-f912-4690-b5f6-032c659a2ac0,2026-05-13 20:00:00+00:00,890.0,27.9,17.2,52.0,1016.1,0.0,0,3.7096345594133346,-1.5746464478117737,4.107540076508377,-2.092896203799311
b60168a1-f912-4690-b5f6-032c659a2ac0,2026-05-13 21:00:00+00:00,1040.0,27.9,17.5,53.0,1015.2,0.0,0,4.010464559051018,-1.7855738631027631,4.697281194009491,-2.4975887140209396
b60168a1-f912-4690-b5f6-032c659a2ac0,2026-05-13 22:00:00+00:00,1120.0,27.8,17.7,54.0,1014.7,0.0,0,3.8018515226136858,-2.194999999999999,4.418770261718373,-2.98049817549908
b60168a1-f912-4690-b5f6-032c659a2ac0,2026-05-13 23:00:00+00:00,1180.0,27.3,17.8,56.0,1014.7,0.0,0,3.4787730758122737,-2.527476584857634,3.894078885501546,-3.5062443773204173
b60168a1-f912-4690-b5f6-032c659a2ac0,2026-05-14 00:00:00+00:00,1010.0,30.6,14.6,38.0,1013.7,0.0,0,4.214331209720423,-1.965174917094252,5.302884873165085,-2.5863897660555577
b60168a1-f912-4690-b5f6-032c659a2ac0,2026-05-14 01:00:00+00:00,780.0,28.3,13.8,41.0,1013.8,0.0,0,4.003947933602597,-1.3009615463185282,6.704948439880833,-2.1785698103433786
b60168a1-f912-4690-b5f6-032c659a2ac0,2026-05-14 02:00:00+00:00,440.0,26.6,13.0,43.0,1013.9,0.0,0,3.8903274500536607,-1.4159633933682683,7.874624162185913,-2.866128801069104
b60168a1-f912-4690-b5f6-032c659a2ac0,2026-05-14 03:00:00+00:00,0.0,25.3,4.9,27.0,1013.5,0.0,0,5.389593280043269,-1.1455934164058539,10.01623143151417,-2.129015713973856
b60168a1-f912-4690-b5f6-032c659a2ac0,2026-05-14 04:00:00+00:00,0.0,23.7,4.1,28.0,1013.5,0.0,0,5.602627872515103,-1.293468562477224,10.188105125897962,-2.5401799037965116
b60168a1-f912-4690-b5f6-032c659a2ac0,2026-05-14 05:00:00+00:00,0.0,22.8,3.8,29.0,1013.6,0.0,0,5.5922123158155035,-1.8170199269246903,10.287242102520567,-3.5421815204938647
b60168a1-f912-4690-b5f6-032c659a2ac0,2026-05-14 06:00:00+00:00,0.0,21.9,4.4,32.0,1013.6,0.0,0,5.294904023356174,-1.8231816649600772,9.689071280222928,-3.9146389011962808
b60168a1-f912-4690-b5f6-032c659a2ac0,2026-05-14 07:00:00+00:00,0.0,21.3,5.2,35.0,1012.9,0.0,0,5.395338265577053,-3.114999999999999,9.617417113877702,-5.778727200490809
b60168a1-f912-4690-b5f6-032c659a2ac0,2026-05-14 08:00:00+00:00,0.0,20.7,5.8,38.0,1012.5,0.0,0,4.1849661340476665,-2.7177487847249853,7.701841786449499,-5.595715601824343
b60168a1-f912-4690-b5f6-032c659a2ac0,2026-05-14 09:00:00+00:00,0.0,19.9,8.6,48.0,1012.2,0.0,0,2.504695156378353,-3.093040926598744,5.137243105036216,-7.07080853083704
b60168a1-f912-4690-b5f6-032c659a2ac0,2026-05-14 10:00:00+00:00,0.0,19.5,11.5,60.0,1012.0,0.0,0,2.4915141958494793,-3.3063510115957926,4.689785488463863,-7.50522565098437
b60168a1-f912-4690-b5f6-032c659a2ac0,2026-05-14 11:00:00+00:00,70.0,19.2,13.8,71.0,1012.3,0.0,0,2.5701084315310436,-4.1130332663586655,5.161413633631416,-8.259988456563589
b60168a1-f912-4690-b5f6-032c659a2ac0,2026-05-14 12:00:00+00:00,100.0,19.4,15.0,76.0,1012.8,0.0,0,2.92011312052824,-5.491934027582525,5.075613787088134,-9.961452940425952
b60168a1-f912-4690-b5f6-032c659a2ac0,2026-05-14 13:00:00+00:00,140.0,21.0,15.3,70.0,1013.2,0.0,0,2.749539707192411,-6.175567293663981,3.8472097143814183,-9.522178186400906
b60168a1-f912-4690-b5f6-032c659a2ac0,2026-05-14 14:00:00+00:00,310.0,23.0,16.1,65.0,1013.7,0.0,0,1.4509343005179305,-6.284686917864767,1.709648598573843,-8.79537956369107
b60168a1-f912-4690-b5f6-032c659a2ac0,2026-05-14 15:00:00+00:00,630.0,25.0,16.4,59.0,1013.1,0.0,0,1.4221159651934736,-6.6905295890192304,1.7668912971868065,-9.089867718725369
b60168a1-f912-4690-b5f6-032c659a2ac0,2026-05-14 16:00:00+00:00,935.0,26.4,17.0,56.0,1012.7,0.0,0,0.7756011974459907,-7.379352463632587,0.5097522138062727,-9.726651668509549
b60168a1-f912-4690-b5f6-032c659a2ac0,2026-05-14 17:00:00+00:00,1125.0,27.4,17.3,54.0,1011.7,0.0,0,0.15707165793555095,-8.998629256407522,-0.40867310638628557,-11.702866584393613
b60168a1-f912-4690-b5f6-032c659a2ac0,2026-05-14 18:00:00+00:00,1212.5,28.0,17.1,52.0,1010.1,0.0,0,-0.855869393782001,-9.782631935260941,-1.5964883986074296,-13.002354586501319
b60168a1-f912-4690-b5f6-032c659a2ac0,2026-05-14 19:00:00+00:00,1220.0,28.6,17.2,50.0,1008.6,0.0,0,-0.9011903800107831,-10.300653178268648,-1.9539903374793197,-13.903363685131646
b60168a1-f912-4690-b5f6-032c659a2ac0,2026-05-14 20:00:00+00:00,1190.0,29.1,17.0,48.0,1007.6,0.0,0,-0.9282086602625571,-10.60947353467709,-1.9539903374793197,-13.903363685131646
b60168a1-f912-4690-b5f6-032c659a2ac0,2026-05-14 21:00:00+00:00,1190.0,29.4,16.9,47.0,1006.7,0.0,0,-0.7484869632744642,-10.703862259287915,-1.7061708076720623,-13.895646122978508
b60168a1-f912-4690-b5f6-032c659a2ac0,2026-05-14 22:00:00+00:00,1700.0,29.1,18.0,51.0,1005.8,0.0,0,1.2491397351303002e-15,-10.2,-1.278574746108142,-14.614176221005907
b60168a1-f912-4690-b5f6-032c659a2ac0,2026-05-14 23:00:00+00:00,1360.0,27.3,17.8,56.0,1005.6,0.0,0,0.18150502694774778,-10.39841602962647,-0.4889419488020376,-14.001465486537532
b60168a1-f912-4690-b5f6-032c659a2ac0,2026-05-15 00:00:00+00:00,2140.0,30.3,16.0,42.0,1006.2,0.0,0,-0.8623598219581413,-8.204805636788254,-1.3463266068873772,-12.80944201234336
b60168a1-f912-4690-b5f6-032c659a2ac0,2026-05-15 01:00:00+00:00,1490.0,28.4,14.6,43.0,1006.5,0.0,0,8.694992273946208e-16,-7.1,-0.20942887724740364,-11.998172341876696
b60168a1-f912-4690-b5f6-032c659a2ac0,2026-05-15 02:00:00+00:00,840.0,26.9,13.2,43.0,1006.8,0.0,0,-0.13263828892335564,-7.598842483188573,1.6777661148318738e-15,-13.7
b60168a1-f912-4690-b5f6-032c659a2ac0,2026-05-15 03:00:00+00:00,1090.0,25.9,14.7,50.0,1006.6,0.0,0,0.2690751195762838,-7.7053032763172284,0.2390979681907831,-13.697913423642559
b60168a1-f912-4690-b5f6-032c659a2ac0,2026-05-15 04:00:00+00:00,1110.0,25.3,15.3,54.0,1006.6,0.0,0,-0.5733982141767098,-8.199976493135756,-0.7494508933989519,-14.300374937685497
b60168a1-f912-4690-b5f6-032c659a2ac0,2026-05-15 05:00:00+00:00,860.0,24.8,15.2,55.0,1007.5,0.0,0,-0.42444460513027227,-8.098885526859593,-0.691881341531714,-13.201882449455466
b60168a1-f912-4690-b5f6-032c659a2ac0,2026-05-15 06:00:00+00:00,600.0,24.3,14.7,55.0,1006.4,0.0,0,-0.9822669078454874,-7.999921982229057,-2.2730546456601197,-12.891133486929803
b60168a1-f912-4690-b5f6-032c659a2ac0,2026-05-15 07:00:00+00:00,420.0,24.1,14.5,55.0,1005.4,0.0,0,-0.8419972608083964,-5.9911218158865,-1.522107344841445,-9.61020755399069
b60168a1-f912-4690-b5f6-032c659a2ac0,2026-05-15 08:00:00+00:00,290.0,23.2,14.2,57.0,1004.9,0.0,0,0.2674367364014429,-5.102996922595873,-0.26174622526875674,-7.495431202643219
b60168a1-f912-4690-b5f6-032c659a2ac0,2026-05-15 09:00:00+00:00,540.0,23.3,14.5,58.0,1005.1,0.0,0,-2.852337237971697,-6.719685430202815,-6.361339675748821,-11.96393988323846
b60168a1-f912-4690-b5f6-032c659a2ac0,2026-05-15 10:00:00+00:00,310.0,23.0,14.3,58.0,1005.0,0.0,0,1.6172195552175708,-2.6915053242046323,0.9139750878536504,-4.701994208714311
b60168a1-f912-4690-b5f6-032c659a2ac0,2026-05-15 11:00:00+00:00,270.0,22.8,13.9,57.0,1005.3,0.0,0,-2.052449367153612,-6.713259386860508,-3.7179883239007303,-10.797822133344196
b60168a1-f912-4690-b5f6-032c659a2ac0,2026-05-15 12:00:00+00:00,110.0,22.3,13.4,57.0,1005.4,0.0,0,-2.87980960680213,-7.912211867017349,-4.5557083090979065,-12.516705708868301
b60168a1-f912-4690-b5f6-032c659a2ac0,2026-05-15 13:00:00+00:00,180.0,22.5,14.1,59.0,1005.5,0.0,0,-1.3394791475433439,-6.891022827802601,-2.0206672610376084,-10.39543187271076
b60168a1-f912-4690-b5f6-032c659a2ac0,2026-05-15 14:00:00+00:00,480.0,23.9,14.6,56.0,1005.5,0.0,0,-1.853144362934049,-6.916028916229729,-2.787481115754149,-10.403021149133265
b60168a1-f912-4690-b5f6-032c659a2ac0,2026-05-15 15:00:00+00:00,610.0,24.0,14.7,56.0,1005.4,0.0,0,-1.7523687133387083,-7.5903428046769825,-2.697163141582941,-11.682697076774971
b60168a1-f912-4690-b5f6-032c659a2ac0,2026-05-15 16:00:00+00:00,1027.5,26.0,15.9,54.0,1005.3,0.0,0,-1.9345790673572387,-8.379582557153023,-3.0773584462689723,-11.484858074577023
b60168a1-f912-4690-b5f6-032c659a2ac0,2026-05-15 17:00:00+00:00,1270.0,27.0,16.3,52.0,1004.5,0.0,0,-1.232626110132479,-6.341311605071909,-2.59918445498513,-8.501549280511385
b60168a1-f912-4690-b5f6-032c659a2ac0,2026-05-15 18:00:00+00:00,1537.5,29.5,16.8,46.0,1003.2,0.0,0,-0.883265514611672,-8.40371001586191,-2.9867717804830898,-11.146784035375848
b60168a1-f912-4690-b5f6-032c659a2ac0,2026-05-15 19:00:00+00:00,1610.0,30.9,16.9,43.0,1002.1,0.0,0,-0.6647791947815138,-9.506785398976124,-3.0008470649471586,-12.998096664235039
b60168a1-f912-4690-b5f6-032c659a2ac0,2026-05-15 20:00:00+00:00,1860.0,31.7,17.2,42.0,1001.2,0.0,0,-0.17626930501656474,-10.098461721079552,-1.2428408915816023,-14.20573639478829
b60168a1-f912-4690-b5f6-032c659a2ac0,2026-05-15 21:00:00+00:00,2560.0,31.8,17.7,43.0,1000.2,0.0,0,1.1038205721064236,-10.502151215088967,1.5355231254018333,-14.609526642959935
b60168a1-f912-4690-b5f6-032c659a2ac0,2026-05-15 22:00:00+00:00,3180.0,30.9,19.3,50.0,999.9,0.0,0,2.547437560664501,-10.217213997686242,1.7560781828965828,-16.707967842186992
b60168a1-f912-4690-b5f6-032c659a2ac0,2026-05-15 23:00:00+00:00,2600.0,29.2,18.4,52.0,1000.6,0.0,0,2.047312014693108,-11.610883408013931,2.3033148208890815,-16.38893653767299
b60168a1-f912-4690-b5f6-032c659a2ac0,2026-05-16 00:00:00+00:00,2130.0,30.9,16.1,41.0,1002.4,0.0,0,1.8445986456196946,-7.989834531238928,2.4690684001724916,-12.702255753812771
b60168a1-f912-4690-b5f6-032c659a2ac0,2026-05-16 01:00:00+00:00,2010.0,28.7,15.6,45.0,1002.8,0.0,0,1.5094388753369326,-7.101351581327429,2.406101431698232,-12.378318783275041
b60168a1-f912-4690-b5f6-032c659a2ac0,2026-05-16 02:00:00+00:00,1480.0,27.4,15.8,49.0,1005.1,0.0,0,-0.1732320151641432,-3.3054637600376395,0.14834545471690924,-8.498705408829325
b60168a1-f912-4690-b5f6-032c659a2ac0,2026-05-16 03:00:00+00:00,1560.0,26.5,16.1,53.0,1006.5,0.4,0,3.899838701928344,-0.687646783561044,5.006298635583086,-0.9731258764203784
b60168a1-f912-4690-b5f6-032c659a2ac0,2026-05-16 04:00:00+00:00,1350.0,26.3,15.3,51.0,1006.9,0.0,0,5.085732388394264,-4.911234679145111,7.370325310569959,-7.63219528159309
b60168a1-f912-4690-b5f6-032c659a2ac0,2026-05-16 05:00:00+00:00,1280.0,25.0,15.9,57.0,1007.1,0.0,0,2.7661785592973294,-4.426811061936544,4.689785488463863,-7.50522565098437
b60168a1-f912-4690-b5f6-032c659a2ac0,2026-05-16 06:00:00+00:00,1380.0,23.0,16.1,65.0,1007.5,0.4,0,0.3773825229557191,-5.396821511905649,0.45061258325174613,-8.59820029423688
b60168a1-f912-4690-b5f6-032c659a2ac0,2026-05-16 07:00:00+00:00,910.0,22.8,14.9,61.0,1007.1,0.0,0,2.5524543309441077,-7.412865632698644,4.061042978598811,-13.283073060326565
b60168a1-f912-4690-b5f6-032c659a2ac0,2026-05-16 08:00:00+00:00,410.0,22.7,13.4,56.0,1006.2,0.0,0,1.6591352927257195,-7.80561785385577,2.9107636714486302,-13.69406641027328
b60168a1-f912-4690-b5f6-032c659a2ac0,2026-05-16 09:00:00+00:00,300.0,22.6,13.3,56.0,1005.8,0.0,0,2.765809172915443,-6.212109111969685,4.747383211144676,-11.184133969447151
b60168a1-f912-4690-b5f6-032c659a2ac0,2026-05-16 10:00:00+00:00,600.0,22.6,14.4,60.0,1005.0,0.0,0,1.7793628398599737,-7.70726721245121,2.5625648079069987,-13.183253073702128
b60168a1-f912-4690-b5f6-032c659a2ac0,2026-05-16 11:00:00+00:00,300.0,23.2,12.2,50.0,1004.5,0.0,0,-1.4423257676709274,-9.10648650028717,-2.0364367283000115,-16.585446193926494
b60168a1-f912-4690-b5f6-032c659a2ac0,2026-05-16 12:00:00+00:00,810.0,22.8,14.3,59.0,1005.4,0.0,0,0.1343835295670825,-7.698827252704213,0.45753240176979,-13.102013742220345
b60168a1-f912-4690-b5f6-032c659a2ac0,2026-05-16 13:00:00+00:00,1250.0,23.4,17.1,68.0,1006.6,0.0,0,0.3302398838929754,-6.30135236430136,0.17277882372910605,-9.898492182048274
b60168a1-f912-4690-b5f6-032c659a2ac0,2026-05-16 14:00:00+00:00,1380.0,24.3,17.7,67.0,1006.9,0.0,0,-0.48201415699751027,-9.197378015089626,-0.7442172977746575,-14.20051198421004
b60168a1-f912-4690-b5f6-032c659a2ac0,2026-05-16 15:00:00+00:00,1380.0,25.2,17.9,64.0,1007.2,0.0,0,-1.8642038848288418,-9.590497582283676,-2.717120094161997,-13.978371092294735
b60168a1-f912-4690-b5f6-032c659a2ac0,2026-05-16 16:00:00+00:00,1017.5,26.1,16.6,56.0,1007.0,0.0,0,-2.203863922668251,-10.36836456777834,-3.5635095221831024,-14.292456048045429
b60168a1-f912-4690-b5f6-032c659a2ac0,2026-05-16 17:00:00+00:00,970.0,26.9,16.5,53.0,1006.3,0.0,0,-2.144693108032363,-11.033489541951743,-3.275287351246674,-14.186828143273026
b60168a1-f912-4690-b5f6-032c659a2ac0,2026-05-16 18:00:00+00:00,1057.5,27.7,16.6,51.0,1005.6,0.0,0,-2.188579176968968,-11.259263794144706,-3.122320634292846,-13.524256499219065
b60168a1-f912-4690-b5f6-032c659a2ac0,2026-05-16 19:00:00+00:00,1190.0,28.3,16.9,50.0,1005.2,0.0,0,-2.1771306372463752,-11.200366163137845,-2.585461887352181,-13.301048335715848
b60168a1-f912-4690-b5f6-032c659a2ac0,2026-05-16 20:00:00+00:00,1330.0,28.8,16.7,48.0,1004.5,0.0,0,-1.7411155958977682,-10.992971230823883,-1.4717607628085612,-14.002868286785288
b60168a1-f912-4690-b5f6-032c659a2ac0,2026-05-16 21:00:00+00:00,1470.0,28.9,16.8,48.0,1003.9,0.0,0,-0.9709149742089096,-11.097608936742047,-1.0142591282395814,-14.504581290777843
b60168a1-f912-4690-b5f6-032c659a2ac0,2026-05-16 22:00:00+00:00,1860.0,29.1,18.3,52.0,1003.4,0.0,0,-0.17452406437283635,-9.998476951563912,-0.47149220045078716,-13.501770073027984
b60168a1-f912-4690-b5f6-032c659a2ac0,2026-05-16 23:00:00+00:00,1870.0,28.0,18.4,56.0,1003.2,0.0,0,0.5191726859300025,-9.906404984765372,0.9577563845068435,-13.696554410067387
b60168a1-f912-4690-b5f6-032c659a2ac0,2026-05-17 00:00:00+00:00,1210.0,29.4,15.2,42.0,1003.7,0.0,0,0.4715469657489237,-8.99765210813871,0.488941948802041,-14.001465486537532
b60168a1-f912-4690-b5f6-032c659a2ac0,2026-05-17 01:00:00+00:00,1070.0,27.5,14.9,46.0,1003.7,0.0,0,0.851906975631378,-8.105353447251428,1.4079984002152959,-13.396209930610642
b60168a1-f912-4690-b5f6-032c659a2ac0,2026-05-17 02:00:00+00:00,950.0,26.1,15.5,52.0,1004.0,0.0,0,1.44475283818886,-8.193600505061571,2.171310374758406,-13.70911416746051
b60168a1-f912-4690-b5f6-032c659a2ac0,2026-05-17 03:00:00+00:00,780.0,25.2,15.2,54.0,1003.9,0.0,0,1.2219398264293735,-8.694553643550988,1.781729800583257,-14.511024736996127
b60168a1-f912-4690-b5f6-032c659a2ac0,2026-05-17 04:00:00+00:00,600.0,24.5,15.4,57.0,1003.9,0.0,0,0.8393098026599485,-9.59335494262351,1.1188938388557734,-16.00092736616758
b60168a1-f912-4690-b5f6-032c659a2ac0,2026-05-17 05:00:00+00:00,540.0,23.8,15.6,60.0,1004.2,0.0,0,0.335384163311036,-9.604145847653509,0.5657208415475435,-16.200125305979544
b60168a1-f912-4690-b5f6-032c659a2ac0,2026-05-17 06:00:00+00:00,590.0,23.2,16.0,64.0,1003.4,0.0,0,1.0287033112837768e-15,-8.4,1.7757378587636622e-15,-14.5
b60168a1-f912-4690-b5f6-032c659a2ac0,2026-05-17 07:00:00+00:00,700.0,22.8,16.6,68.0,1003.3,0.0,0,-0.16056213922300944,-9.1985987954388,1.83697019872103e-15,-15.0
b60168a1-f912-4690-b5f6-032c659a2ac0,2026-05-17 08:00:00+00:00,650.0,22.2,16.7,71.0,1003.5,0.0,0,-1.0675754482290905,-8.69470428837798,-1.5041645864215338,-14.311170074349453
b60168a1-f912-4690-b5f6-032c659a2ac0,2026-05-17 09:00:00+00:00,750.0,21.7,17.3,76.0,1003.8,0.0,0,-0.4453789876274497,-8.498337340761424,-0.971707679255665,-13.89606722011935
b60168a1-f912-4690-b5f6-032c659a2ac0,2026-05-17 10:00:00+00:00,830.0,21.3,17.7,80.0,1003.8,0.0,0,-0.2652361749390068,-7.595370285345127,-0.44706255275903656,-12.802196494114618
b60168a1-f912-4690-b5f6-032c659a2ac0,2026-05-17 11:00:00+00:00,780.0,20.9,17.7,82.0,1004.0,0.0,0,-0.10296919797997346,-5.899101401422709,-0.3594648160357593,-10.293725518296688
b60168a1-f912-4690-b5f6-032c659a2ac0,2026-05-17 12:00:00+00:00,810.0,20.8,18.0,84.0,1004.6,0.0,0,-0.7776917667113421,-7.399242901539954,-1.2606132670079013,-11.993934058141376
b60168a1-f912-4690-b5f6-032c659a2ac0,2026-05-17 13:00:00+00:00,1070.0,21.7,18.8,84.0,1005.2,0.0,0,-1.4251179765165018,-8.997840782821704,-2.2010329231160464,-13.896774952173589
b60168a1-f912-4690-b5f6-032c659a2ac0,2026-05-17 14:00:00+00:00,1320.0,22.8,19.2,80.0,1005.5,0.0,0,-2.1010428475716987,-9.100616405094097,-3.2527922458122878,-14.089391136794502
b60168a1-f912-4690-b5f6-032c659a2ac0,2026-05-17 15:00:00+00:00,1620.0,24.0,19.5,76.0,1005.3,0.0,0,-2.143783547897033,-9.285746717403292,-2.9814536463266714,-14.026636594522772
b60168a1-f912-4690-b5f6-032c659a2ac0,2026-05-17 16:00:00+00:00,1845.0,25.0,19.5,72.0,1005.2,0.0,0,-2.047930154554931,-9.634753867227985,-2.989770113959382,-14.065762498552125
b60168a1-f912-4690-b5f6-032c659a2ac0,2026-05-17 17:00:00+00:00,2015.0,26.6,19.8,66.0,1005.0,0.0,0,-1.2759720254518925,-10.391958207684644,-1.7378568369574006,-14.153708122405252
b60168a1-f912-4690-b5f6-032c659a2ac0,2026-05-17 18:00:00+00:00,2065.0,28.1,19.6,60.0,1004.3,0.0,0,-0.5856393503585384,-11.17466449390368,-0.504646722318163,-14.451191358696125
b60168a1-f912-4690-b5f6-032c659a2ac0,2026-05-17 19:00:00+00:00,2360.0,28.9,19.5,57.0,1004.0,0.0,0,1.432836755002403e-15,-11.7,0.5133715964937918,-14.7010390654509
b60168a1-f912-4690-b5f6-032c659a2ac0,2026-05-17 20:00:00+00:00,2430.0,28.0,19.8,61.0,1003.6,0.0,0,1.111235720032642,-12.701482400669756,0.5343112945152925,-15.300673561662357
b60168a1-f912-4690-b5f6-032c659a2ac0,2026-05-17 21:00:00+00:00,2490.0,27.0,20.1,66.0,1003.3,0.0,0,0.6599564082235214,-12.592718433255175,1.153772075727836,-16.49970939129749
b60168a1-f912-4690-b5f6-032c659a2ac0,2026-05-17 22:00:00+00:00,2730.0,25.7,20.5,73.0,1003.3,0.0,0,0.726862456413788,-10.394617403707368,1.879225275307375,-15.305061658309185
b60168a1-f912-4690-b5f6-032c659a2ac0,2026-05-17 23:00:00+00:00,2840.0,26.1,20.7,72.0,1003.5,0.0,0,0.8654565254842458,-9.892213352051034,1.6275081730773686,-15.484705910884015
b60168a1-f912-4690-b5f6-032c659a2ac0,2026-05-18 00:00:00+00:00,3020.0,29.7,19.7,55.0,1002.5,0.0,0,0.17277882372910605,-9.898492182048274,1.8737096026954504e-15,-15.3
b60168a1-f912-4690-b5f6-032c659a2ac0,2026-05-18 01:00:00+00:00,3660.0,27.8,20.8,66.0,1003.0,0.0,0,0.5454956246790617,-7.800950873031826,0.8810242633883054,-12.59923395478158
b60168a1-f912-4690-b5f6-032c659a2ac0,2026-05-18 02:00:00+00:00,3410.0,27.3,20.6,67.0,1003.9,0.0,0,0.7085761885384612,-8.099062895485892,1.1635291656812368,-13.299199219524803
b60168a1-f912-4690-b5f6-032c659a2ac0,2026-05-18 03:00:00+00:00,3060.0,26.3,19.9,68.0,1003.8,0.0,0,0.7355944687902352,-8.407883251894331,0.9793808913675223,-14.005799265647932
b60168a1-f912-4690-b5f6-032c659a2ac0,2026-05-18 04:00:00+00:00,2520.0,25.8,19.2,67.0,1004.7,0.0,0,0.6222277457975997,-8.898271328317632,0.7866094223314454,-15.009401907361244
b72ecf48-0c17-45b8-bac4-0e3ddbe0e034,2026-04-20 00:00:00+00:00,0.0,19.2,0.3,28.0,1023.5,0.0,0,-0.6018150231520483,0.7986355100472928,-0.9033263185844586,1.0032455143944823
b72ecf48-0c17-45b8-bac4-0e3ddbe0e034,2026-04-20 01:00:00+00:00,0.0,16.8,0.8,34.0,1023.4,0.0,0,-0.3046127571135054,-0.7935433625226215,-0.9945218953682734,0.10452846326765299
b72ecf48-0c17-45b8-bac4-0e3ddbe0e034,2026-04-20 02:00:00+00:00,0.0,14.1,4.1,51.0,1024.2,0.0,0,0.3004113473637894,-1.7037174127111199,-0.10467191248588713,-1.9972590695091477
b72ecf48-0c17-45b8-bac4-0e3ddbe0e034,2026-04-20 03:00:00+00:00,0.0,13.0,4.2,55.0,1024.7,0.0,0,0.10463471061618829,-1.4963460753897362,-1.494680307729489,-3.699463579721482
b72ecf48-0c17-45b8-bac4-0e3ddbe0e034,2026-04-20 04:00:00+00:00,0.0,12.0,4.3,59.0,1024.6,0.0,0,-0.4882468511124167,-1.5026692957463428,-2.529401516972977,-5.186041647146193
b72ecf48-0c17-45b8-bac4-0e3ddbe0e034,2026-04-20 05:00:00+00:00,0.0,11.3,3.8,60.0,1024.6,0.0,0,2.0818995585505003e-16,-1.7,-2.0282896022680865,-5.890580725983743
b72ecf48-0c17-45b8-bac4-0e3ddbe0e034,2026-04-20 06:00:00+00:00,0.0,10.7,3.9,63.0,1024.7,0.0,0,-0.2064934938531046,-1.303748609585582,-3.032971901829161,-4.174527690974729
b72ecf48-0c17-45b8-bac4-0e3ddbe0e034,2026-04-20 07:00:00+00:00,0.0,10.0,4.1,67.0,1024.5,0.0,0,1.7145055188062944e-16,-1.4,-0.8016370615299774,-5.703944075951444
b72ecf48-0c17-45b8-bac4-0e3ddbe0e034,2026-04-20 08:00:00+00:00,0.0,9.4,3.8,68.0,1024.6,0.0,0,-0.40243053949281854,-1.4034420760699455,-2.2663698901662674,-5.609462320129063
b72ecf48-0c17-45b8-bac4-0e3ddbe0e034,2026-04-20 09:00:00+00:00,0.0,8.7,3.6,70.0,1024.8,0.0,0,0.0951209015735649,-0.9050149247851287,-1.9966360665801879,-4.7037798011419705
b72ecf48-0c17-45b8-bac4-0e3ddbe0e034,2026-04-20 10:00:00+00:00,0.0,8.4,4.1,74.0,1025.3,0.0,0,-0.2950537114168737,-1.1011554419695377,-3.883488155597795,-3.6214112919318673
b72ecf48-0c17-45b8-bac4-0e3ddbe0e034,2026-04-20 11:00:00+00:00,0.0,8.3,4.5,77.0,1025.2,0.0,0,0.2064934938531049,-1.3037486095855817,-3.1018563747155934,-2.696402609150985
b72ecf48-0c17-45b8-bac4-0e3ddbe0e034,2026-04-20 12:00:00+00:00,0.0,8.6,5.3,80.0,1025.7,0.0,0,-0.2950537114168737,-1.1011554419695377,-3.8971234842575955,-1.8172585254850064
b72ecf48-0c17-45b8-bac4-0e3ddbe0e034,2026-04-20 13:00:00+00:00,0.0,11.7,7.4,75.0,1026.5,0.0,0,1.2246467991473532e-16,-1.0,-0.8049061246879036,-1.8962399981120273
b72ecf48-0c17-45b8-bac4-0e3ddbe0e034,2026-04-20 14:00:00+00:00,0.0,15.6,8.6,63.0,1026.5,0.0,0,-1.5964225293102148,-0.6128091937224642,-2.004499380270552,-0.6902044874491721
b72ecf48-0c17-45b8-bac4-0e3ddbe0e034,2026-04-20 15:00:00+00:00,0.0,18.9,8.3,50.0,1027.1,0.0,0,-2.4008292224011067,-0.2100453400218564,-3.0,-5.51091059616309e-16
b72ecf48-0c17-45b8-bac4-0e3ddbe0e034,2026-04-20 16:00:00+00:00,0.0,21.7,7.9,41.0,1027.2,0.0,0,-3.3945078386133214,-0.41679315444560333,-3.7990736403068044,-0.3992987296824358
b72ecf48-0c17-45b8-bac4-0e3ddbe0e034,2026-04-20 17:00:00+00:00,0.0,23.3,7.8,37.0,1027.0,0.0,0,-2.8982333983553774,-0.1012085404372522,-3.405326713513097,-0.1784656107884401
b72ecf48-0c17-45b8-bac4-0e3ddbe0e034,2026-04-20 18:00:00+00:00,0.0,24.2,7.8,35.0,1026.4,0.0,0,-2.5958236867358813,-1.101861782339752,-3.0915887223856386,-1.1252462715414495
b72ecf48-0c17-45b8-bac4-0e3ddbe0e034,2026-04-20 19:00:00+00:00,0.0,25.0,8.0,34.0,1025.7,0.0,0,-1.9971998106359212,-1.2000387145404268,-2.5101585594900664,-1.3914036101069869
b72ecf48-0c17-45b8-bac4-0e3ddbe0e034,2026-04-20 20:00:00+00:00,0.0,25.3,8.3,34.0,1024.9,0.0,0,-2.790887083734148,-1.0157998256772356,-3.005338591492685,-0.9764937022248343
b72ecf48-0c17-45b8-bac4-0e3ddbe0e034,2026-04-20 21:00:00+00:00,0.0,25.5,6.7,30.0,1024.1,0.0,0,-1.8172835103037046,-2.090545537217079,-2.080996185776049,-2.311180407234696
b72ecf48-0c17-45b8-bac4-0e3ddbe0e034,2026-04-20 22:00:00+00:00,0.0,25.0,6.2,30.0,1023.4,0.0,0,-2.618842243373019,-2.2765248305970602,-2.9952337725952036,-2.5132995538743694
b72ecf48-0c17-45b8-bac4-0e3ddbe0e034,2026-04-20 23:00:00+00:00,0.0,24.6,4.9,28.0,1023.2,0.0,0,-2.190669895026687,-1.7115389014053293,-2.5077155015484998,-1.8896991726974317
b72ecf48-0c17-45b8-bac4-0e3ddbe0e034,2026-04-21 00:00:00+00:00,0.0,23.2,4.7,30.0,1023.1,0.0,0,-1.3854524215080457,-2.305780038888682,-2.1885665612831358,-3.5024386371260396
b72ecf48-0c17-45b8-bac4-0e3ddbe0e034,2026-04-21 01:00:00+00:00,0.0,19.8,5.8,40.0,1022.8,0.0,0,0.19620964288228757,-1.5979993041425284,-1.2864355007800419,-4.207740926237356
b72ecf48-0c17-45b8-bac4-0e3ddbe0e034,2026-04-21 02:00:00+00:00,0.0,18.0,5.9,45.0,1023.4,0.0,0,-0.2950469740353389,-2.099368305732129,-1.9790762147660528,-6.901858976837129
b72ecf48-0c17-45b8-bac4-0e3ddbe0e034,2026-04-21 03:00:00+00:00,0.0,16.4,6.8,53.0,1024.0,0.0,0,-0.3889719179739243,-2.2059693667473463,-2.150758280849633,-6.61935335341427
b72ecf48-0c17-45b8-bac4-0e3ddbe0e034,2026-04-21 04:00:00+00:00,0.0,15.6,5.5,51.0,1024.1,0.0,0,2.0818995585505003e-16,-1.7,-2.1324714116943766,-6.1931466701755244
b72ecf48-0c17-45b8-bac4-0e3ddbe0e034,2026-04-21 05:00:00+00:00,0.0,14.5,5.3,54.0,1024.4,0.0,0,-0.19964936484121817,-1.899536820153402,-1.918435996486313,-6.6903814037307
b72ecf48-0c17-45b8-bac4-0e3ddbe0e034,2026-04-21 06:00:00+00:00,0.0,13.4,5.5,59.0,1024.6,0.0,0,-0.09765906324177538,-1.3965896703637537,-1.245982739808837,-6.410025507913246
b72ecf48-0c17-45b8-bac4-0e3ddbe0e034,2026-04-21 07:00:00+00:00,0.0,12.8,5.7,62.0,1024.1,0.0,0,0.09943831686159323,-1.8973961160336903,-0.6836161497704539,-6.504173195708507
b72ecf48-0c17-45b8-bac4-0e3ddbe0e034,2026-04-21 08:00:00+00:00,0.0,12.0,6.1,67.0,1023.8,0.0,0,-0.2973137178693961,-1.3987510690493419,-3.005417108275799,-5.8984631901269955
b72ecf48-0c17-45b8-bac4-0e3ddbe0e034,2026-04-21 09:00:00+00:00,0.0,11.2,6.2,71.0,1023.7,0.0,0,0.1962340723536921,-1.3962779769256142,-2.4975887140209396,-4.697281194009491
b72ecf48-0c17-45b8-bac4-0e3ddbe0e034,2026-04-21 10:00:00+00:00,0.0,11.1,6.5,73.0,1023.9,0.0,0,-0.19623407235369236,-1.396277976925614,-2.605567173461694,-4.900359140367044
b72ecf48-0c17-45b8-bac4-0e3ddbe0e034,2026-04-21 11:00:00+00:00,0.0,10.7,6.2,74.0,1024.1,0.0,0,0.48824685111241706,-1.5026692957463426,-2.493295622054655,-5.600033655349144
b72ecf48-0c17-45b8-bac4-0e3ddbe0e034,2026-04-21 12:00:00+00:00,0.0,11.0,6.6,74.0,1024.3,0.0,0,0.19620964288228757,-1.5979993041425284,-1.1677510517044538,-6.007558362699704
b72ecf48-0c17-45b8-bac4-0e3ddbe0e034,2026-04-21 13:00:00+00:00,0.0,14.5,8.9,69.0,1024.7,0.0,0,-0.11513910373447585,-2.1969849764600626,-0.46366855141754026,-5.299755793848086
b72ecf48-0c17-45b8-bac4-0e3ddbe0e034,2026-04-21 14:00:00+00:00,0.0,18.0,10.6,62.0,1025.3,0.0,0,-1.216694539301985,-2.387897484824826,-1.492919569659133,-2.8077733452913876
b72ecf48-0c17-45b8-bac4-0e3ddbe0e034,2026-04-21 15:00:00+00:00,0.0,21.2,10.0,49.0,1025.1,0.0,0,-1.80746551672568,-3.3993482325068687,-2.1337553487758694,-4.187730663685329
b72ecf48-0c17-45b8-bac4-0e3ddbe0e034,2026-04-21 16:00:00+00:00,0.0,23.3,10.0,43.0,1024.9,0.0,0,-2.5404024100908056,-4.583007265410434,-3.0233968643411373,-5.6861824980114895
b72ecf48-0c17-45b8-bac4-0e3ddbe0e034,2026-04-21 17:00:00+00:00,0.0,24.4,10.0,40.0,1024.5,0.0,0,-2.9350000000000005,-5.083569120214655,-3.6021354784302835,-6.4984244240457105
b72ecf48-0c17-45b8-bac4-0e3ddbe0e034,2026-04-21 18:00:00+00:00,0.0,25.8,9.2,35.0,1023.8,0.0,0,-3.181807620748549,-4.717223787838188,-3.9704185652595476,-6.113908440322142
b72ecf48-0c17-45b8-bac4-0e3ddbe0e034,2026-04-21 19:00:00+00:00,0.0,26.8,7.3,29.0,1022.8,0.0,0,-3.8117029584348456,-4.384862661094306,-4.8772330306362415,-6.022881201291524
b72ecf48-0c17-45b8-bac4-0e3ddbe0e034,2026-04-21 20:00:00+00:00,0.0,26.6,6.1,27.0,1022.2,0.0,0,-3.526636035671004,-4.680004088877136,-4.646011978733814,-6.1654661375651
b72ecf48-0c17-45b8-bac4-0e3ddbe0e034,2026-04-21 21:00:00+00:00,0.0,27.1,5.4,25.0,1021.5,0.0,0,-3.201439671693423,-4.097655918754954,-4.128451058823052,-5.478639598924429
b72ecf48-0c17-45b8-bac4-0e3ddbe0e034,2026-04-21 22:00:00+00:00,0.0,26.3,5.8,27.0,1021.3,0.0,0,-3.4784908338188396,-4.616113248073352,-4.584724967881289,-6.31033255612459
b72ecf48-0c17-45b8-bac4-0e3ddbe0e034,2026-04-21 23:00:00+00:00,0.0,25.6,5.8,28.0,1021.2,0.0,0,-2.563314732810964,-4.82089385700974,-3.752426460706648,-6.769556533258924
b72ecf48-0c17-45b8-bac4-0e3ddbe0e034,2026-04-22 00:00:00+00:00,0.0,24.5,3.7,26.0,1021.1,0.0,0,-1.9700000000000004,-3.412140090910688,-3.585000000000001,-6.209402145134424
b72ecf48-0c17-45b8-bac4-0e3ddbe0e034,2026-04-22 01:00:00+00:00,0.0,21.6,4.2,32.0,1021.1,0.0,0,-0.6819503458822511,-3.208324130406882,-3.2586976116005415,-7.6770104777933525
b72ecf48-0c17-45b8-bac4-0e3ddbe0e034,2026-04-22 02:00:00+00:00,0.0,19.9,5.9,40.0,1021.5,0.0,0,-1.0159009340721112,-2.393312618976345,-4.0756789666558575,-5.2166311888765
b72ecf48-0c17-45b8-bac4-0e3ddbe0e034,2026-04-22 03:00:00+00:00,0.0,17.5,7.2,51.0,1021.5,0.0,0,0.3159976193812666,-1.995130448002178,-3.1901139706838926,-5.105249538861685
b72ecf48-0c17-45b8-bac4-0e3ddbe0e034,2026-04-22 04:00:00+00:00,0.0,16.3,7.3,55.0,1021.5,0.0,0,-0.4033486801864534,-1.8976063454235828,-2.503037654437073,-7.703557781990744
b72ecf48-0c17-45b8-bac4-0e3ddbe0e034,2026-04-22 05:00:00+00:00,0.0,15.5,7.0,57.0,1021.5,0.0,0,-0.5072853284009408,-1.8932146195265738,-2.542687286310394,-7.384500075430664
b72ecf48-0c17-45b8-bac4-0e3ddbe0e034,2026-04-22 06:00:00+00:00,0.0,14.8,6.8,59.0,1021.4,0.0,0,-0.6902044874491724,-2.0044993802705515,-3.2097128331585947,-6.299416126011761
b72ecf48-0c17-45b8-bac4-0e3ddbe0e034,2026-04-22 07:00:00+00:00,0.0,13.5,7.0,65.0,1021.1,0.0,0,2.0818995585505003e-16,-1.7,-2.9614689307328113,-4.928711979037146
b72ecf48-0c17-45b8-bac4-0e3ddbe0e034,2026-04-22 08:00:00+00:00,0.0,12.7,7.6,71.0,1020.7,0.0,0,0.10463471061618829,-1.4963460753897362,-2.2663698901662674,-5.609462320129063
b72ecf48-0c17-45b8-bac4-0e3ddbe0e034,2026-04-22 09:00:00+00:00,0.0,12.4,7.1,70.0,1020.7,0.0,0,-0.31101866246376786,-1.600052309019692,-3.0252336077767397,-4.4850932675227755
b72ecf48-0c17-45b8-bac4-0e3ddbe0e034,2026-04-22 10:00:00+00:00,0.0,12.1,7.6,74.0,1021.1,0.0,0,2.2043642384652358e-16,-1.8,-2.7735968012149037,-4.112026359873007
b72ecf48-0c17-45b8-bac4-0e3ddbe0e034,2026-04-22 11:00:00+00:00,0.0,11.7,7.8,77.0,1021.6,0.0,0,0.4011695199089076,-1.4971850307480556,-0.2884855084947478,-3.2974044506836777
b72ecf48-0c17-45b8-bac4-0e3ddbe0e034,2026-04-22 12:00:00+00:00,0.0,12.6,8.3,75.0,1021.9,0.0,0,0.29918490227734074,-1.2959121861643628,-0.6876467835610447,-3.899838701928344
b72ecf48-0c17-45b8-bac4-0e3ddbe0e034,2026-04-22 13:00:00+00:00,0.0,15.5,10.7,73.0,1022.0,0.0,0,-0.4027650502718961,-0.4973734153324613,-0.9013854005489104,-1.6952593782891396
b72ecf48-0c17-45b8-bac4-0e3ddbe0e034,2026-04-22 14:00:00+00:00,10.0,19.1,13.3,69.0,1021.9,0.0,0,-0.404600253963948,-2.2946020645184446,-0.6154186048205681,-2.8953168981720645
b72ecf48-0c17-45b8-bac4-0e3ddbe0e034,2026-04-22 15:00:00+00:00,30.0,21.9,13.6,59.0,1021.8,0.0,0,-1.1018617823397514,-2.5958236867358817,-1.3829045864577207,-3.106054555984843
b72ecf48-0c17-45b8-bac4-0e3ddbe0e034,2026-04-22 16:00:00+00:00,180.0,23.9,14.9,57.0,1021.6,0.0,0,-1.7251638990102771,-3.3858247919157978,-1.9102345430679606,-4.096511197405658
b72ecf48-0c17-45b8-bac4-0e3ddbe0e034,2026-04-22 17:00:00+00:00,70.0,25.7,12.9,45.0,1020.9,0.0,0,-2.7212237209394092,-3.4830075309417112,-3.115261837150107,-4.287790070187222
b72ecf48-0c17-45b8-bac4-0e3ddbe0e034,2026-04-22 18:00:00+00:00,50.0,26.7,12.0,40.0,1020.0,0.0,0,-2.6920564554995265,-3.7052978342372596,-3.1975517724710536,-4.401052449399715
b72ecf48-0c17-45b8-bac4-0e3ddbe0e034,2026-04-22 19:00:00+00:00,90.0,27.5,12.3,39.0,1019.2,0.0,0,-2.322238080979954,-4.189428397197706,-2.821591989833681,-5.090286695551284
b72ecf48-0c17-45b8-bac4-0e3ddbe0e034,2026-04-22 20:00:00+00:00,50.0,27.8,11.4,36.0,1018.2,0.0,0,-3.10247999463186,-2.603289819230485,-3.7052978342372587,-2.6920564554995274
b72ecf48-0c17-45b8-bac4-0e3ddbe0e034,2026-04-22 21:00:00+00:00,60.0,27.5,9.8,33.0,1017.4,0.0,0,0.37839303702890653,-3.6001692612331495,0.3146016965860061,-4.499013866671807
b72ecf48-0c17-45b8-bac4-0e3ddbe0e034,2026-04-22 22:00:00+00:00,70.0,26.6,10.3,36.0,1016.4,0.0,0,-0.7193499125695736,-3.700734481597693,-0.6749895396563177,-4.802800133396615
b72ecf48-0c17-45b8-bac4-0e3ddbe0e034,2026-04-22 23:00:00+00:00,20.0,26.9,9.3,33.0,1016.1,0.0,0,-1.0395584540887977,-4.890738003669028,-1.422115965193475,-6.6905295890192304
b72ecf48-0c17-45b8-bac4-0e3ddbe0e034,2026-04-23 00:00:00+00:00,0.0,25.9,7.0,30.0,1015.9,0.0,0,-0.279769934219982,-3.1977849808745034,-0.19543718153400502,-5.596588631306936
b72ecf48-0c17-45b8-bac4-0e3ddbe0e034,2026-04-23 01:00:00+00:00,0.0,23.0,8.7,40.0,1015.7,0.0,0,0.1838986171975588,-2.101970812973583,7.225416114969384e-16,-5.9
b72ecf48-0c17-45b8-bac4-0e3ddbe0e034,2026-04-23 02:00:00+00:00,0.0,20.4,7.4,43.0,1016.5,0.0,0,0.39917112773945174,-1.6009879483553942,1.0112876754956883,-5.202624072272619
b72ecf48-0c17-45b8-bac4-0e3ddbe0e034,2026-04-23 03:00:00+00:00,0.0,18.7,7.5,48.0,1016.7,0.0,0,1.2989968774012044,-1.4943249688410887,1.0852990260687037,-5.1059304758304656
b72ecf48-0c17-45b8-bac4-0e3ddbe0e034,2026-04-23 04:00:00+00:00,0.0,18.6,6.5,45.0,1016.6,0.0,0,2.2043642384652358e-16,-1.8,0.11344064184234236,-6.499010018516543
b72ecf48-0c17-45b8-bac4-0e3ddbe0e034,2026-04-23 05:00:00+00:00,0.0,17.9,6.8,48.0,1016.5,0.0,0,-0.30896428413134547,-2.198395112606286,0.46107977450033494,-8.797926201187796
b72ecf48-0c17-45b8-bac4-0e3ddbe0e034,2026-04-23 06:00:00+00:00,0.0,17.6,8.5,55.0,1016.2,0.0,0,0.3192976797214866,-2.600470917300264,0.7881446130381091,-7.4986950910767805
b72ecf48-0c17-45b8-bac4-0e3ddbe0e034,2026-04-23 07:00:00+00:00,0.0,16.4,8.4,59.0,1015.9,0.0,0,-0.300354172877243,-1.8963616139426644,-0.6127048715160354,-7.003248727584971
b72ecf48-0c17-45b8-bac4-0e3ddbe0e034,2026-04-23 08:00:00+00:00,0.0,16.1,8.6,61.0,1015.6,0.0,0,0.3159976193812666,-1.995130448002178,0.3511742663901529,-6.700804178203191
b72ecf48-0c17-45b8-bac4-0e3ddbe0e034,2026-04-23 09:00:00+00:00,0.0,15.8,9.2,65.0,1015.5,0.0,0,0.21010221116798397,-1.9989890096902292,0.5385199773046491,-7.701194468005842
b72ecf48-0c17-45b8-bac4-0e3ddbe0e034,2026-04-23 10:00:00+00:00,0.0,16.2,10.1,67.0,1015.7,0.0,0,0.689093389542498,-2.4031542398457972,1.459688814630569,-7.50944795337463
b72ecf48-0c17-45b8-bac4-0e3ddbe0e034,2026-04-23 11:00:00+00:00,0.0,16.7,11.4,71.0,1015.8,0.0,0,0.5838755258522276,-3.003779181349852,0.8613145373254668,-8.194860417834573
b72ecf48-0c17-45b8-bac4-0e3ddbe0e034,2026-04-23 12:00:00+00:00,0.0,17.1,13.5,79.0,1015.9,0.0,0,0.6928492473791048,-3.0010597995385244,1.4787697141682234,-7.607610671719396
b72ecf48-0c17-45b8-bac4-0e3ddbe0e034,2026-04-23 13:00:00+00:00,30.0,19.0,15.5,80.0,1015.9,0.0,0,1.1232746557449411,-4.192118086094556,1.4221159651934736,-6.6905295890192304
b72ecf48-0c17-45b8-bac4-0e3ddbe0e034,2026-04-23 14:00:00+00:00,240.0,21.2,17.2,78.0,1015.8,0.0,0,0.07679058832404714,-4.399329858688122,0.10820491991115733,-6.199055709969626
b72ecf48-0c17-45b8-bac4-0e3ddbe0e034,2026-04-23 15:00:00+00:00,1020.0,23.8,18.9,74.0,1015.5,0.0,0,-0.7274202624370729,-4.592750783767391,-0.7877197514339709,-5.604917269077288
b72ecf48-0c17-45b8-bac4-0e3ddbe0e034,2026-04-23 16:00:00+00:00,1120.0,24.9,18.8,69.0,1015.4,0.0,0,-0.7598851312419578,-5.406863655328974,-0.9839538237876633,-7.001195246002902
b72ecf48-0c17-45b8-bac4-0e3ddbe0e034,2026-04-23 17:00:00+00:00,760.0,25.6,17.6,61.0,1015.0,0.0,0,-0.8072018396075906,-5.096471837470911,-0.86039756444034,-7.007375830587733
b72ecf48-0c17-45b8-bac4-0e3ddbe0e034,2026-04-23 18:00:00+00:00,630.0,25.2,16.3,58.0,1014.3,0.0,0,-0.8821327425480068,-5.002823385302017,-1.1231994589888565,-7.091602285473089
b72ecf48-0c17-45b8-bac4-0e3ddbe0e034,2026-04-23 19:00:00+00:00,730.0,27.9,16.6,50.0,1013.4,0.0,0,0.11169540119861401,-6.399025249000904,0.14660021407318088,-8.398720639313687
b72ecf48-0c17-45b8-bac4-0e3ddbe0e034,2026-04-23 20:00:00+00:00,550.0,27.8,15.5,47.0,1012.4,0.0,0,0.20241708087450663,-5.796466796710755,0.2655851699060337,-7.605364193615319
b72ecf48-0c17-45b8-bac4-0e3ddbe0e034,2026-04-23 21:00:00+00:00,400.0,28.1,14.7,44.0,1011.2,0.0,0,0.5247328856036217,-4.9924999147487314,0.44783656143728584,-6.404361202668071
b72ecf48-0c17-45b8-bac4-0e3ddbe0e034,2026-04-23 22:00:00+00:00,260.0,28.3,13.8,41.0,1010.9,0.0,0,-0.20241708087450522,-5.796466796710755,-0.4035102226330949,-7.699433712957764
b72ecf48-0c17-45b8-bac4-0e3ddbe0e034,2026-04-23 23:00:00+00:00,230.0,27.6,13.5,42.0,1010.9,0.0,0,0.5247328856036217,-4.9924999147487314,0.6292644626380921,-7.192525720222402
b72ecf48-0c17-45b8-bac4-0e3ddbe0e034,2026-04-24 00:00:00+00:00,150.0,26.2,12.7,43.0,1010.6,0.0,0,0.6610722295603103,-4.703773326522459,1.054932105277295,-7.506231961061103
b72ecf48-0c17-45b8-bac4-0e3ddbe0e034,2026-04-24 01:00:00+00:00,100.0,24.5,12.8,48.0,1010.4,0.0,0,1.0944644586421404,-3.007016386514907,1.796204173011496,-6.703525234446134
b72ecf48-0c17-45b8-bac4-0e3ddbe0e034,2026-04-24 02:00:00+00:00,0.0,24.0,12.0,47.0,1010.1,0.0,0,1.6994870572849243,-3.196270286149316,3.191648175903572,-7.899606440909028
b72ecf48-0c17-45b8-bac4-0e3ddbe0e034,2026-04-24 03:00:00+00:00,0.0,23.0,11.7,49.0,1009.9,0.0,0,1.5768189779993211,-4.107753876587688,2.6626568571922125,-9.28578798276416
b72ecf48-0c17-45b8-bac4-0e3ddbe0e034,2026-04-24 04:00:00+00:00,0.0,22.2,11.3,50.0,1010.2,0.0,0,1.6088221087159136,-3.298574149917943,2.790119083697832,-8.103094192886145
b72ecf48-0c17-45b8-bac4-0e3ddbe0e034,2026-04-24 05:00:00+00:00,0.0,21.8,11.2,51.0,1010.1,0.0,0,1.49468030772949,-3.6994635797214817,2.7255298903870373,-8.388318473723254
b72ecf48-0c17-45b8-bac4-0e3ddbe0e034,2026-04-24 06:00:00+00:00,0.0,21.0,11.9,56.0,1010.0,0.0,0,1.380408974898344,-4.008998760541104,2.1700394035290196,-8.703552664695689
b72ecf48-0c17-45b8-bac4-0e3ddbe0e034,2026-04-24 07:00:00+00:00,0.0,20.8,12.0,57.0,1009.5,0.0,0,0.711776815933051,-4.493981949707877,1.0086996705328586,-9.597136290303837
b72ecf48-0c17-45b8-bac4-0e3ddbe0e034,2026-04-24 08:00:00+00:00,0.0,20.8,12.2,58.0,1009.6,0.0,0,-0.08551679154268982,-4.899253706266317,-0.6850085721673103,-9.796078973551474
b72ecf48-0c17-45b8-bac4-0e3ddbe0e034,2026-04-24 09:00:00+00:00,0.0,20.2,13.0,63.0,1008.9,0.0,0,5.021051876504147e-16,-4.1,-0.4506125832517441,-8.59820029423688
b72ecf48-0c17-45b8-bac4-0e3ddbe0e034,2026-04-24 10:00:00+00:00,10.0,19.8,13.5,67.0,1008.7,0.0,0,0.12912813779925422,-3.6977460599706546,-0.5524712720534721,-7.900707278057808
b72ecf48-0c17-45b8-bac4-0e3ddbe0e034,2026-04-24 11:00:00+00:00,0.0,19.4,13.6,69.0,1008.5,0.0,0,0.5033203882632593,-4.099215606278659,0.15009069536063757,-8.598690178344965
b72ecf48-0c17-45b8-bac4-0e3ddbe0e034,2026-04-24 12:00:00+00:00,40.0,19.0,15.1,78.0,1010.0,0.0,0,-0.7002690130319191,-3.602571763252927,-1.253739842755238,-7.110311976748141
b72ecf48-0c17-45b8-bac4-0e3ddbe0e034,2026-04-24 13:00:00+00:00,160.0,19.9,16.6,81.0,1010.7,0.0,0,-0.46306109227570497,-4.4057319964814505,-1.4034039130198768,-6.6024963049531875
b72ecf48-0c17-45b8-bac4-0e3ddbe0e034,2026-04-24 14:00:00+00:00,530.0,20.7,17.7,83.0,1011.1,0.4,0,-2.7039498932777843,-4.50012832868609,-4.143968646303661,-6.631736111943252
b72ecf48-0c17-45b8-bac4-0e3ddbe0e034,2026-04-24 15:00:00+00:00,530.0,20.6,17.6,83.0,1012.1,0.0,0,-4.9969541350954785,-0.1744974835125038,-5.9911218158865,-0.8419972608083982
b72ecf48-0c17-45b8-bac4-0e3ddbe0e034,2026-04-24 16:00:00+00:00,0.0,18.2,16.0,87.0,1011.9,0.0,0,-2.311180407234697,2.0809961857760477,-2.6964026091509856,3.101856374715593
b72ecf48-0c17-45b8-bac4-0e3ddbe0e034,2026-04-24 17:00:00+00:00,190.0,19.8,18.4,92.0,1010.9,0.0,0,0.8953124247571809,2.6001760828981215,1.008682381293442,3.2992514080724726
b72ecf48-0c17-45b8-bac4-0e3ddbe0e034,2026-04-24 18:00:00+00:00,0.0,19.4,16.6,84.0,1010.7,2.5,0,1.2037753112603695,0.6950000000000001,2.408307010209636,1.6863147228720754
b72ecf48-0c17-45b8-bac4-0e3ddbe0e034,2026-04-24 19:00:00+00:00,10.0,17.8,16.2,90.0,1010.2,6.8,0,0.20429572488279604,0.40095293588476555,0.49812410837921256,0.7971652103870404
b72ecf48-0c17-45b8-bac4-0e3ddbe0e034,2026-04-24 20:00:00+00:00,10.0,17.6,15.8,89.0,1009.2,2.2,0,0.7993879431177635,1.1002631123499287,1.4935764085368717,1.6016646065459832
b72ecf48-0c17-45b8-bac4-0e3ddbe0e034,2026-04-24 21:00:00+00:00,30.0,19.8,16.8,83.0,1008.5,1.1,0,0.9994942341834707,-2.9027420270899027,1.4979780290993547,-3.902366182758303
b72ecf48-0c17-45b8-bac4-0e3ddbe0e034,2026-04-24 22:00:00+00:00,150.0,18.8,17.0,89.0,1007.7,0.0,0,1.5641886202666406,-5.11623044440224,2.834690480903325,-7.3846211735928655
b72ecf48-0c17-45b8-bac4-0e3ddbe0e034,2026-04-24 23:00:00+00:00,130.0,19.6,17.4,87.0,1008.1,0.0,0,-1.1917299418922842,-2.8075398030299428,-0.973125876420378,-5.006298635583086
b72ecf48-0c17-45b8-bac4-0e3ddbe0e034,2026-04-25 00:00:00+00:00,100.0,18.8,17.5,92.0,1008.2,0.0,0,-0.8029567276306298,0.8917737905728731,-1.2960201354624092,0.6043441142892004
b72ecf48-0c17-45b8-bac4-0e3ddbe0e034,2026-04-25 01:00:00+00:00,0.0,17.6,17.0,96.0,1008.5,0.0,0,-0.40500000000000036,0.7014805770653951,-0.48824685111241733,1.5026692957463426
b72ecf48-0c17-45b8-bac4-0e3ddbe0e034,2026-04-25 02:00:00+00:00,20.0,17.1,16.5,96.0,1009.5,0.0,0,-1.8995368201534022,0.1996493648412172,-3.496643390302027,0.30591665704427917
b72ecf48-0c17-45b8-bac4-0e3ddbe0e034,2026-04-25 03:00:00+00:00,0.0,16.9,15.7,93.0,1009.0,0.0,0,-0.09987790994270034,0.19602143532144092,-0.6060120253079211,1.0932746339242447
b72ecf48-0c17-45b8-bac4-0e3ddbe0e034,2026-04-25 04:00:00+00:00,0.0,16.3,15.5,95.0,1008.9,0.0,0,-0.798635510047293,0.6018150231520479,-0.5056438377478434,2.6013120361363096
b72ecf48-0c17-45b8-bac4-0e3ddbe0e034,2026-04-25 05:00:00+00:00,0.0,16.2,15.2,94.0,1009.4,0.0,0,-0.2022875604445925,-0.5006792814660652,0.6025945476447633,1.0028857418214714
b72ecf48-0c17-45b8-bac4-0e3ddbe0e034,2026-04-25 06:00:00+00:00,0.0,15.6,15.1,97.0,1009.7,0.0,0,-0.49812410837921267,0.7971652103870402,-0.21010221116798333,1.9989890096902292
b72ecf48-0c17-45b8-bac4-0e3ddbe0e034,2026-04-25 07:00:00+00:00,0.0,15.1,14.5,96.0,1008.8,0.0,0,0.7014805770653953,-0.40499999999999986,0.8952745484897489,-0.39860191021428426
b72ecf48-0c17-45b8-bac4-0e3ddbe0e034,2026-04-25 08:00:00+00:00,0.0,15.0,14.2,95.0,1008.3,0.0,1,0.5013743355555006,0.5975146656328029,-0.597514665632803,0.5013743355555006
b72ecf48-0c17-45b8-bac4-0e3ddbe0e034,2026-04-25 09:00:00+00:00,0.0,15.4,14.9,97.0,1008.8,0.0,1,0.40095293588476555,-0.20429572488279604,-0.09731258764203778,0.5006298635583086
b72ecf48-0c17-45b8-bac4-0e3ddbe0e034,2026-04-25 10:00:00+00:00,0.0,15.6,15.1,97.0,1008.9,0.0,1,-0.5969743712062066,0.30417363482549625,-1.3067624374312121,0.6948179129231178
b72ecf48-0c17-45b8-bac4-0e3ddbe0e034,2026-04-25 11:00:00+00:00,0.0,15.7,15.4,98.0,1009.1,0.0,1,-0.10458689129718998,1.1954336377100947,-0.2827368766999415,2.302707071807867
b72ecf48-0c17-45b8-bac4-0e3ddbe0e034,2026-04-25 12:00:00+00:00,0.0,15.9,15.7,99.0,1009.5,0.0,1,0.10463471061618795,1.4963460753897362,0.21004534002185618,2.4008292224011067
b72ecf48-0c17-45b8-bac4-0e3ddbe0e034,2026-04-25 13:00:00+00:00,0.0,17.0,16.4,96.0,1009.9,0.0,1,0.39366434510176374,1.7051476133741617,0.3938598757169852,2.8024586345386444
b72ecf48-0c17-45b8-bac4-0e3ddbe0e034,2026-04-25 14:00:00+00:00,150.0,18.6,17.6,94.0,1010.1,0.0,1,1.7977315079509222,2.300991400531628,2.4165903016313757,2.9842404919947683
b72ecf48-0c17-45b8-bac4-0e3ddbe0e034,2026-04-25 15:00:00+00:00,530.0,20.7,18.3,86.0,1010.2,0.0,1,0.8012711868593264,1.7996845515559237,1.1126476038025612,2.092585795075657
b72ecf48-0c17-45b8-bac4-0e3ddbe0e034,2026-04-25 16:00:00+00:00,690.0,22.3,17.9,76.0,1010.4,0.0,1,0.6043441142892002,1.2960201354624095,0.7015463144895611,1.504470926480839
b72ecf48-0c17-45b8-bac4-0e3ddbe0e034,2026-04-25 17:00:00+00:00,990.0,23.3,18.2,73.0,1010.3,0.0,1,0.40276505027189596,0.4973734153324614,0.6957546151624548,0.5054953169715269
b72ecf48-0c17-45b8-bac4-0e3ddbe0e034,2026-04-25 18:00:00+00:00,1140.0,23.8,17.8,69.0,1010.2,0.0,1,-0.3993177550236465,0.30090751157602397,-0.49715703440722514,0.2987220834478314
b72ecf48-0c17-45b8-bac4-0e3ddbe0e034,2026-04-25 19:00:00+00:00,1740.0,23.6,19.1,76.0,1010.0,0.0,1,-1.4899007702880926,-1.9069860237282672,-1.6991650558345617,-2.0982940959338214
b72ecf48-0c17-45b8-bac4-0e3ddbe0e034,2026-04-25 20:00:00+00:00,1800.0,25.2,18.6,67.0,1009.4,0.0,1,-2.1005559596187036,-0.8063278864769265,-2.305943653448088,-0.8851688353768928
b72ecf48-0c17-45b8-bac4-0e3ddbe0e034,2026-04-25 21:00:00+00:00,1250.0,25.6,17.0,59.0,1008.9,0.0,1,-1.4001420049710036,-0.5096100135552462,-1.5020378443981957,-0.606862681333778
b72ecf48-0c17-45b8-bac4-0e3ddbe0e034,2026-04-25 22:00:00+00:00,1920.0,25.1,18.5,67.0,1008.5,0.0,1,-1.6028109017356449,-1.0015474094007575,-1.9032463527769654,-0.8874983496554683
b72ecf48-0c17-45b8-bac4-0e3ddbe0e034,2026-04-25 23:00:00+00:00,1980.0,24.8,18.1,66.0,1008.3,0.0,1,-1.1127382865210296,-1.589154965920644,-1.2036300463040968,-1.5972710200945857
b72ecf48-0c17-45b8-bac4-0e3ddbe0e034,2026-04-26 00:00:00+00:00,2100.0,23.3,18.2,73.0,1008.2,0.0,1,-1.5972710200945857,-1.2036300463040965,-2.200526224699857,-1.5987758862355272
b72ecf48-0c17-45b8-bac4-0e3ddbe0e034,2026-04-26 01:00:00+00:00,1330.0,21.6,15.9,70.0,1008.5,0.0,1,-1.2037753112603695,-0.6950000000000006,-1.501889590674926,-0.29193776292611323
b72ecf48-0c17-45b8-bac4-0e3ddbe0e034,2026-04-26 02:00:00+00:00,1510.0,20.3,16.3,78.0,1009.3,0.0,1,-0.8052377809978752,-1.19381410447926,-1.2942602299766068,-0.9062507694346533
b72ecf48-0c17-45b8-bac4-0e3ddbe0e034,2026-04-26 03:00:00+00:00,1370.0,19.5,16.1,81.0,1010.1,0.0,1,0.30461275711350516,-0.7935433625226215,0.30433808521444916,0.09888543819998319
b72ecf48-0c17-45b8-bac4-0e3ddbe0e034,2026-04-26 04:00:00+00:00,1150.0,18.8,16.6,87.0,1010.7,0.0,1,-0.8980256121069153,-0.8980256121069156,-2.302707071807867,-0.2827368766999414
b72ecf48-0c17-45b8-bac4-0e3ddbe0e034,2026-04-26 05:00:00+00:00,1120.0,18.7,16.5,87.0,1010.6,0.0,1,0.4030508652763321,0.4030508652763321,-0.4911844639341984,1.6065919900178993
b72ecf48-0c17-45b8-bac4-0e3ddbe0e034,2026-04-26 06:00:00+00:00,820.0,18.0,15.8,87.0,1010.5,0.0,1,0.09587131702242402,-1.0958141679009201,-0.10458689129718998,1.1954336377100947
b72ecf48-0c17-45b8-bac4-0e3ddbe0e034,2026-04-26 07:00:00+00:00,380.0,18.3,15.6,84.0,1010.8,0.0,1,0.19468070645621685,0.5991656052659468,-0.10818843977775255,3.098111563759197
b72ecf48-0c17-45b8-bac4-0e3ddbe0e034,2026-04-26 08:00:00+00:00,810.0,17.7,15.7,88.0,1010.8,0.0,1,-0.4040515447681965,-0.7929958065276475,1.1002631123499287,0.7993879431177635
b72ecf48-0c17-45b8-bac4-0e3ddbe0e034,2026-04-26 09:00:00+00:00,720.0,17.6,16.3,92.0,1010.7,0.0,1,-0.49935390885372705,-0.9008582983535778,-1.881213388027877,-3.010570741355312
b72ecf48-0c17-45b8-bac4-0e3ddbe0e034,2026-04-26 10:00:00+00:00,550.0,17.4,16.4,94.0,1010.4,0.0,1,0.8952745484897489,-0.39860191021428426,0.3976255184229218,-1.3005744681097284
b72ecf48-0c17-45b8-bac4-0e3ddbe0e034,2026-04-26 11:00:00+00:00,300.0,16.9,15.7,93.0,1010.0,0.0,1,0.9947468306649228,0.805530100543792,0.8908669729555441,2.098751065871564
b72ecf48-0c17-45b8-bac4-0e3ddbe0e034,2026-04-26 12:00:00+00:00,130.0,17.4,16.9,97.0,1011.1,0.0,1,0.40499999999999997,-0.7014805770653953,0.795642495546317,-0.19837595439172756
b72ecf48-0c17-45b8-bac4-0e3ddbe0e034,2026-04-26 13:00:00+00:00,270.0,19.1,18.0,93.0,1011.9,0.0,1,-0.6083472696509925,-1.193948742412413,-0.8126429945337885,-1.5949016782971785
b72ecf48-0c17-45b8-bac4-0e3ddbe0e034,2026-04-26 14:00:00+00:00,1570.0,22.1,19.7,86.0,1011.9,0.0,1,1.501889590674926,-0.29193776292611356,1.8000846306165748,-0.18919651851445293
b72ecf48-0c17-45b8-bac4-0e3ddbe0e034,2026-04-26 15:00:00+00:00,1630.0,24.9,19.3,71.0,1012.2,0.0,1,1.7060700454553441,-0.9849999999999995,1.997199810635922,-1.2000387145404265
b72ecf48-0c17-45b8-bac4-0e3ddbe0e034,2026-04-26 16:00:00+00:00,1340.0,26.2,18.3,62.0,1012.2,0.0,1,1.3801311192082224,-2.708659833532638,1.5844268440910187,-3.109612769417404
b72ecf48-0c17-45b8-bac4-0e3ddbe0e034,2026-04-26 17:00:00+00:00,920.0,27.6,17.1,53.0,1011.9,0.0,1,1.902117241391813,-1.9021172413918126,2.184676566538389,-2.513182902141831
b72ecf48-0c17-45b8-bac4-0e3ddbe0e034,2026-04-26 18:00:00+00:00,1390.0,28.4,17.9,53.0,1011.3,0.0,1,1.016938719416585,-1.995854614181944,1.3854524215080462,-2.305780038888682
b72ecf48-0c17-45b8-bac4-0e3ddbe0e034,2026-04-26 19:00:00+00:00,1900.0,28.0,18.2,55.0,1010.8,0.0,1,0.5096100135552466,-1.4001420049710034,1.0065472262473445,-1.492267630599075
b72ecf48-0c17-45b8-bac4-0e3ddbe0e034,2026-04-26 20:00:00+00:00,1320.0,29.1,17.0,48.0,1010.4,0.0,1,-0.19964936484121817,-1.899536820153402,2.6942229581241775e-16,-2.2
b72ecf48-0c17-45b8-bac4-0e3ddbe0e034,2026-04-26 21:00:00+00:00,690.0,29.3,15.1,42.0,1009.8,0.0,1,-1.2964000055626654,-1.6009206806013598,-1.1923183445247107,-1.9081082163519587
b72ecf48-0c17-45b8-bac4-0e3ddbe0e034,2026-04-26 22:00:00+00:00,730.0,29.1,15.3,43.0,1009.6,0.0,1,1.0999999999999999,-1.9052558883257653,1.6110602010875839,-1.9894936613298455
b72ecf48-0c17-45b8-bac4-0e3ddbe0e034,2026-04-26 23:00:00+00:00,1190.0,28.6,15.9,46.0,1009.7,0.0,1,-1.0171588472529067,-3.7960884973160387,-0.9139750878536492,-4.701994208714311
b72ecf48-0c17-45b8-bac4-0e3ddbe0e034,2026-04-27 00:00:00+00:00,2070.0,25.8,17.4,60.0,1009.9,0.0,1,1.7115389014053302,-2.1906698950266867,2.8213692110038715,-3.883281572999747
b72ecf48-0c17-45b8-bac4-0e3ddbe0e034,2026-04-27 01:00:00+00:00,1290.0,24.3,16.8,63.0,1009.7,0.0,1,1.192318344524711,-1.9081082163519585,2.8199999999999994,-4.884383277344234
b72ecf48-0c17-45b8-bac4-0e3ddbe0e034,2026-04-27 02:00:00+00:00,910.0,22.8,17.1,70.0,1010.5,0.0,1,1.3968855700926157,-1.302616867719372,3.1901139706838935,-5.105249538861684
b72ecf48-0c17-45b8-bac4-0e3ddbe0e034,2026-04-27 03:00:00+00:00,600.0,22.0,16.7,72.0,1011.2,0.0,1,1.0932805692640002,-1.5047716095374022,4.031780834024085,-5.97736089812185
b72ecf48-0c17-45b8-bac4-0e3ddbe0e034,2026-04-27 04:00:00+00:00,390.0,21.7,15.8,69.0,1010.7,0.0,1,1.893639615995569,-2.1030998561010255,4.9256404142109265,-6.7795624128620595
b72ecf48-0c17-45b8-bac4-0e3ddbe0e034,2026-04-27 05:00:00+00:00,490.0,21.4,16.0,71.0,1010.9,0.0,1,1.6893248857049783,-2.811508746302928,4.691996862430595,-7.808794109396242
b72ecf48-0c17-45b8-bac4-0e3ddbe0e034,2026-04-27 06:00:00+00:00,800.0,21.4,17.0,76.0,1011.0,0.0,1,1.686314722872075,-2.408307010209636,4.346921352240859,-7.2344920179258265
b72ecf48-0c17-45b8-bac4-0e3ddbe0e034,2026-04-27 07:00:00+00:00,490.0,21.4,16.6,74.0,1010.4,0.0,1,1.928906121808866,-3.0868950700093905,4.666244958685093,-7.765935744361137
b72ecf48-0c17-45b8-bac4-0e3ddbe0e034,2026-04-27 08:00:00+00:00,260.0,21.2,16.2,73.0,1010.3,0.0,1,1.6799999999999997,-2.909845356715714,3.7792460804264203,-7.107728122514363
b72ecf48-0c17-45b8-bac4-0e3ddbe0e034,2026-04-27 09:00:00+00:00,560.0,21.2,17.2,78.0,1010.2,0.0,1,2.0859675041075545,-3.2121082752309738,4.355936351996944,-6.970955350405822
b72ecf48-0c17-45b8-bac4-0e3ddbe0e034,2026-04-27 10:00:00+00:00,520.0,21.1,16.3,74.0,1009.6,0.0,1,1.6920244351953297,-3.800349103793219,3.3005688153122152,-8.598275728039228
b72ecf48-0c17-45b8-bac4-0e3ddbe0e034,2026-04-27 11:00:00+00:00,800.0,21.3,17.1,77.0,1009.7,0.0,1,1.1292542928062033,-4.89133772522188,2.3176117598448167,-9.295433057724047
b72ecf48-0c17-45b8-bac4-0e3ddbe0e034,2026-04-27 12:00:00+00:00,960.0,21.6,18.6,83.0,1010.5,0.0,1,1.1163312910588468,-3.8931098685501913,1.959323683335066,-8.486763264279398
b72ecf48-0c17-45b8-bac4-0e3ddbe0e034,2026-04-27 13:00:00+00:00,1580.0,22.8,20.2,85.0,1010.7,0.0,1,0.9967182098706311,-3.9976183922571056,1.5489420965923069,-7.287199625466853
b72ecf48-0c17-45b8-bac4-0e3ddbe0e034,2026-04-27 14:00:00+00:00,2750.0,23.7,21.4,87.0,1011.4,0.0,1,0.09424299476133058,-5.399177553844513,0.1535811766480943,-8.798659717376244
b72ecf48-0c17-45b8-bac4-0e3ddbe0e034,2026-04-27 15:00:00+00:00,3130.0,25.1,22.0,83.0,1011.2,0.0,1,-0.7738703306226854,-6.302668062922395,-1.020197801492298,-9.706533698794347
b72ecf48-0c17-45b8-bac4-0e3ddbe0e034,2026-04-27 16:00:00+00:00,3260.0,25.4,22.5,84.0,1011.5,0.0,1,-0.9339137562901774,-5.896499393352972,-1.3221444591206224,-9.407546653044918
b72ecf48-0c17-45b8-bac4-0e3ddbe0e034,2026-04-27 17:00:00+00:00,3170.0,26.6,21.8,75.0,1011.3,0.0,1,-0.2586052705655317,-7.4054860282115,-0.811267789644177,-11.601669904521756
b72ecf48-0c17-45b8-bac4-0e3ddbe0e034,2026-04-27 18:00:00+00:00,3110.0,27.7,22.2,72.0,1010.4,0.0,1,0.13089304827962578,-7.498857713672934,-0.40518315671603544,-11.6029275016917
b72ecf48-0c17-45b8-bac4-0e3ddbe0e034,2026-04-27 19:00:00+00:00,3200.0,28.0,22.2,71.0,1009.4,0.0,1,-0.26209522023578175,-7.505425110913409,-0.6238445984158872,-11.90366405427452
b72ecf48-0c17-45b8-bac4-0e3ddbe0e034,2026-04-27 20:00:00+00:00,2780.0,28.1,21.4,67.0,1009.6,0.0,1,-0.7452879430983694,-7.090941113975789,-1.3746861936100616,-11.195920590514113
b72ecf48-0c17-45b8-bac4-0e3ddbe0e034,2026-04-27 21:00:00+00:00,2640.0,28.1,20.9,65.0,1009.5,0.0,1,0.6466956111876238,-7.391764659840752,0.20244791467248788,-11.598233263814139
b72ecf48-0c17-45b8-bac4-0e3ddbe0e034,2026-04-27 22:00:00+00:00,3130.0,28.0,21.8,69.0,1009.0,1.4,1,0.2865248679275344,-8.204998689826777,-0.20942887724740364,-11.998172341876696
b72ecf48-0c17-45b8-bac4-0e3ddbe0e034,2026-04-27 23:00:00+00:00,3210.0,26.0,20.5,72.0,1008.9,0.0,1,-0.8821327425480068,-5.002823385302017,-2.16627865333142,-9.383183723881816
b72ecf48-0c17-45b8-bac4-0e3ddbe0e034,2026-04-28 00:00:00+00:00,2910.0,25.9,20.9,74.0,1009.3,0.0,1,-1.3380944631800324,-4.993836521914483,-2.547437560664499,-10.217213997686242
b72ecf48-0c17-45b8-bac4-0e3ddbe0e034,2026-04-28 01:00:00+00:00,3440.0,25.4,21.9,81.0,1009.3,0.0,1,0.17100753384225562,-4.897015052393569,-0.1675431017979229,-9.598537873501355
b72ecf48-0c17-45b8-bac4-0e3ddbe0e034,2026-04-28 02:00:00+00:00,3550.0,25.4,21.7,80.0,1009.6,0.0,1,-0.7445760901363505,-5.297934167767401,-1.5309041105607206,-10.892948756157272
b72ecf48-0c17-45b8-bac4-0e3ddbe0e034,2026-04-28 03:00:00+00:00,3550.0,25.0,21.5,81.0,1010.0,0.0,1,-1.1292542928062022,-4.891337725221881,-2.761599211243897,-10.306428566504358
b72ecf48-0c17-45b8-bac4-0e3ddbe0e034,2026-04-28 04:00:00+00:00,3530.0,25.3,21.8,81.0,1010.7,0.0,1,-1.0753791404248165,-3.309676676707135,-3.1569584152030234,-6.770119169163776
b72ecf48-0c17-45b8-bac4-0e3ddbe0e034,2026-04-28 05:00:00+00:00,2510.0,24.9,20.4,76.0,1011.3,0.0,1,-0.47238412569230603,-5.3993752636572605,-3.1859652120057067,-9.805392683003035
b72ecf48-0c17-45b8-bac4-0e3ddbe0e034,2026-04-28 06:00:00+00:00,2550.0,24.9,20.6,77.0,1011.5,0.0,1,-2.5968256585102067,-5.096557318357464,-4.6686527133036755,-9.572156593086127
b72ecf48-0c17-45b8-bac4-0e3ddbe0e034,2026-04-28 07:00:00+00:00,1740.0,24.7,19.5,73.0,1011.6,0.0,1,-2.014509274331092,-2.086085420982088,-5.090220284852816,-7.006087171287045
b72ecf48-0c17-45b8-bac4-0e3ddbe0e034,2026-04-28 08:00:00+00:00,370.0,21.4,19.9,91.0,1011.9,9.4,1,1.2086882285784004,2.592040270924819,1.093851252774463,2.7073768553350193
b72ecf48-0c17-45b8-bac4-0e3ddbe0e034,2026-04-28 09:00:00+00:00,360.0,20.4,18.3,88.0,1013.4,2.9,1,0.2083965772228023,-1.6972539193066605,0.9849999999999999,-1.7060700454553441
b72ecf48-0c17-45b8-bac4-0e3ddbe0e034,2026-04-28 10:00:00+00:00,270.0,20.0,19.0,94.0,1013.7,10.8,1,-0.6997632523482767,0.9993654940325697,-1.0027486711110019,1.1950293312656053
b72ecf48-0c17-45b8-bac4-0e3ddbe0e034,2026-04-28 11:00:00+00:00,100.0,19.5,18.4,93.0,1013.1,0.0,1,0.8964204596024165,-0.20695496999635585,0.5006792814660652,0.20228756044459248
b72ecf48-0c17-45b8-bac4-0e3ddbe0e034,2026-04-28 12:00:00+00:00,440.0,19.7,18.7,94.0,1014.7,0.0,1,1.0065472262473445,-1.492267630599075,0.4775324885840583,-2.708221320783572
b72ecf48-0c17-45b8-bac4-0e3ddbe0e034,2026-04-28 13:00:00+00:00,1310.0,21.0,20.5,97.0,1015.0,0.0,1,-0.5154418553777882,-1.7975593714046565,-0.7209272488870092,-2.8914812643024694
b72ecf48-0c17-45b8-bac4-0e3ddbe0e034,2026-04-28 14:00:00+00:00,2450.0,22.9,21.9,94.0,1015.1,0.0,1,-1.1762647033259637,-2.9113573033397127,-1.7348462104923748,-4.087041549328836
b72ecf48-0c17-45b8-bac4-0e3ddbe0e034,2026-04-28 15:00:00+00:00,3220.0,24.6,23.0,91.0,1015.3,0.0,1,-1.3211123542420808,-2.5928289853881505,-1.6047198430153753,-2.8949912306314003
b72ecf48-0c17-45b8-bac4-0e3ddbe0e034,2026-04-28 16:00:00+00:00,3260.0,25.2,22.3,84.0,1015.1,0.0,1,-1.9116622224562612,-4.293663650920224,-2.5905473818838836,-6.102947178389679
b72ecf48-0c17-45b8-bac4-0e3ddbe0e034,2026-04-28 17:00:00+00:00,3450.0,25.3,22.6,85.0,1014.6,0.0,1,-0.7117768159330498,-4.493981949707877,-0.9824084404526491,-6.202682778937465
b72ecf48-0c17-45b8-bac4-0e3ddbe0e034,2026-04-28 18:00:00+00:00,3740.0,26.3,23.2,83.0,1014.4,0.0,1,-0.2972010827695136,-3.3970239204928525,-0.3852283829446481,-4.403180565565515
b72ecf48-0c17-45b8-bac4-0e3ddbe0e034,2026-04-28 19:00:00+00:00,5570.0,28.0,24.6,82.0,1013.4,0.0,1,-0.07330010703659127,-4.199360319656844,0.08900727283014553,-5.099223245297595
b72ecf48-0c17-45b8-bac4-0e3ddbe0e034,2026-04-28 20:00:00+00:00,5130.0,26.1,24.2,89.0,1012.0,0.0,1,0.8280799507123887,-5.892095009012344,0.6368766052838661,-9.107759778872195
b72ecf48-0c17-45b8-bac4-0e3ddbe0e034,2026-04-28 21:00:00+00:00,2360.0,22.6,22.3,98.0,1010.7,0.0,1,2.770363160937918,-7.611510228365857,6.031031675864434,-10.880269156814082
b72ecf48-0c17-45b8-bac4-0e3ddbe0e034,2026-04-28 22:00:00+00:00,1740.0,22.0,21.5,97.0,1010.7,0.0,0,2.8916730466649936,-3.100939694865283,3.3188878075399373,-3.685998334367875
b72ecf48-0c17-45b8-bac4-0e3ddbe0e034,2026-04-28 23:00:00+00:00,1460.0,22.3,20.8,91.0,1010.9,0.0,0,0.8920497012532604,-1.6093002611364882,-0.11167838944800289,-3.1980506464611067
b72ecf48-0c17-45b8-bac4-0e3ddbe0e034,2026-04-29 00:00:00+00:00,1430.0,22.2,21.3,95.0,1010.6,0.0,0,3.900706375950396,-0.47894651958222917,5.7032539358309275,-1.1086002631377252
b72ecf48-0c17-45b8-bac4-0e3ddbe0e034,2026-04-29 01:00:00+00:00,1170.0,21.5,20.8,96.0,1009.1,37.8,0,4.005038908466469,-0.7785007011363028,5.918189849349325,-2.759697249166767
b72ecf48-0c17-45b8-bac4-0e3ddbe0e034,2026-04-29 02:00:00+00:00,1190.0,21.1,21.0,99.0,1012.3,100.8,0,-0.11516833911825296,-3.297989729163016,0.6876467835610439,-3.899838701928344
b72ecf48-0c17-45b8-bac4-0e3ddbe0e034,2026-04-29 03:00:00+00:00,570.0,20.9,19.8,93.0,1011.3,0.0,0,-4.381844732768373,-2.4288961974341476,-6.705423659096691,-2.9854469601763727
b72ecf48-0c17-45b8-bac4-0e3ddbe0e034,2026-04-29 04:00:00+00:00,670.0,20.2,19.5,96.0,1011.5,0.0,0,-0.6068626813337781,1.5020378443981957,-4.653657836759942e-16,1.9
b72ecf48-0c17-45b8-bac4-0e3ddbe0e034,2026-04-29 05:00:00+00:00,450.0,19.9,18.6,92.0,1010.6,0.0,0,0.49267277739863125,-3.5055489633451593,1.2934685624772249,-5.602627872515102
b72ecf48-0c17-45b8-bac4-0e3ddbe0e034,2026-04-29 06:00:00+00:00,200.0,19.6,17.9,90.0,1010.9,0.0,0,-0.6025945476447633,-1.0028857418214714,0.11518588248607069,-6.598994788032182
b72ecf48-0c17-45b8-bac4-0e3ddbe0e034,2026-04-29 07:00:00+00:00,370.0,20.0,18.8,93.0,1010.9,0.0,0,-0.2101022111679835,-1.9989890096902292,-0.6995300311455456,-5.697214910421189
b72ecf48-0c17-45b8-bac4-0e3ddbe0e034,2026-04-29 08:00:00+00:00,770.0,20.2,19.5,96.0,1010.5,0.0,0,-0.6928492473791041,-3.0010597995385244,-1.4576828321482451,-6.313918019808325
b72ecf48-0c17-45b8-bac4-0e3ddbe0e034,2026-04-29 09:00:00+00:00,1080.0,20.3,20.0,98.0,1010.7,0.0,0,-1.207148613342533,-1.3886656276099008,-2.5404024100908056,-4.583007265410434
b72ecf48-0c17-45b8-bac4-0e3ddbe0e034,2026-04-29 10:00:00+00:00,860.0,20.4,20.1,98.0,1011.3,0.0,0,-2.499280409439629,0.7166571251241984,-3.9909231197223503,2.1220114637922243
b72ecf48-0c17-45b8-bac4-0e3ddbe0e034,2026-04-29 11:00:00+00:00,290.0,19.4,18.6,95.0,1011.2,0.0,0,-2.0140330043514716,3.7878451733647966,-3.5729052329502347,7.0122213453624544
b72ecf48-0c17-45b8-bac4-0e3ddbe0e034,2026-04-29 12:00:00+00:00,110.0,19.0,18.3,96.0,1011.8,0.0,0,-1.216694539301986,2.3878974848248258,-2.19623944541328,4.502958171958825
b72ecf48-0c17-45b8-bac4-0e3ddbe0e034,2026-04-29 13:00:00+00:00,50.0,18.5,17.5,94.0,1013.3,0.0,0,-2.085967504107553,3.212108275230974,-2.990068302232498,4.604301418020378
b72ecf48-0c17-45b8-bac4-0e3ddbe0e034,2026-04-29 14:00:00+00:00,30.0,18.2,17.3,94.0,1014.2,0.0,0,-1.2221137257410413,3.9973538799254875,-1.4733043442019773,5.909100973020818
b72ecf48-0c17-45b8-bac4-0e3ddbe0e034,2026-04-29 15:00:00+00:00,40.0,18.1,17.1,94.0,1015.0,0.0,0,-1.0145292550908327,4.39440899218141,-1.4576828321482476,6.313918019808324
b72ecf48-0c17-45b8-bac4-0e3ddbe0e034,2026-04-29 16:00:00+00:00,30.0,17.9,17.1,95.0,1015.1,0.0,0,0.08551679154268921,4.899253706266317,0.35117426639015314,6.700804178203191
b72ecf48-0c17-45b8-bac4-0e3ddbe0e034,2026-04-29 17:00:00+00:00,10.0,17.2,16.1,93.0,1016.0,0.0,0,-0.7879853081993099,3.707179406781123,-0.9922067759580323,5.104461353927853
b72ecf48-0c17-45b8-bac4-0e3ddbe0e034,2026-04-29 18:00:00+00:00,30.0,17.6,15.8,89.0,1015.6,0.0,0,-0.1784656107884403,3.405326713513097,-0.32855299133483173,4.698526676723772
b72ecf48-0c17-45b8-bac4-0e3ddbe0e034,2026-04-29 19:00:00+00:00,40.0,18.4,14.9,80.0,1014.8,0.0,0,1.1711744086810507,3.604504196758632,1.2864355007800419,4.207740926237356
b72ecf48-0c17-45b8-bac4-0e3ddbe0e034,2026-04-29 20:00:00+00:00,40.0,18.4,14.9,80.0,1014.4,0.0,0,1.2762271654720543,3.706432816349322,1.662511429737217,5.116684057667926
b72ecf48-0c17-45b8-bac4-0e3ddbe0e034,2026-04-29 21:00:00+00:00,20.0,19.2,14.3,73.0,1013.6,0.0,0,1.2757351346047443,3.5050534755314384,1.7306824615815135,4.283589408098558
b72ecf48-0c17-45b8-bac4-0e3ddbe0e034,2026-04-29 22:00:00+00:00,10.0,19.0,13.9,72.0,1013.0,0.0,0,1.4122668571779884,3.4954831317167887,1.9614702650161542,4.620934364331251
b72ecf48-0c17-45b8-bac4-0e3ddbe0e034,2026-04-29 23:00:00+00:00,20.0,18.5,13.6,73.0,1012.5,0.0,0,1.6047198430153757,2.8949912306314,2.4849999999999994,4.30414625680866
b72ecf48-0c17-45b8-bac4-0e3ddbe0e034,2026-04-30 00:00:00+00:00,0.0,18.8,13.2,70.0,1012.8,0.0,0,1.3974057317497803,1.6075314058745043,3.171679074140988,3.522506472762849
b72ecf48-0c17-45b8-bac4-0e3ddbe0e034,2026-04-30 01:00:00+00:00,0.0,17.8,13.3,75.0,1013.4,0.0,0,0.4009529358847655,0.20429572488279607,2.5865466932770995,1.6162537559112748
b72ecf48-0c17-45b8-bac4-0e3ddbe0e034,2026-04-30 02:00:00+00:00,30.0,17.4,14.3,82.0,1014.5,0.0,0,0.404575120889185,1.0013585629321304,2.000980038421047,2.3018642196794543
b72ecf48-0c17-45b8-bac4-0e3ddbe0e034,2026-04-30 03:00:00+00:00,0.0,17.1,12.8,76.0,1015.0,0.0,0,1.1762647033259637,2.9113573033397127,4.971640405246316,5.521566053297039
b72ecf48-0c17-45b8-bac4-0e3ddbe0e034,2026-04-30 04:00:00+00:00,0.0,16.1,11.3,73.0,1015.0,0.0,0,1.8070246910352288,2.8918440078934124,4.843350478889978,6.666300033649567
b72ecf48-0c17-45b8-bac4-0e3ddbe0e034,2026-04-30 05:00:00+00:00,0.0,15.1,9.7,70.0,1015.3,0.0,0,0.9764937022248338,3.005338591492685,3.1336636504839754,7.382448924688571
b72ecf48-0c17-45b8-bac4-0e3ddbe0e034,2026-04-30 06:00:00+00:00,0.0,14.3,9.6,73.0,1015.2,0.0,0,1.6162537559112748,2.586546693277099,4.6473919473252066,7.4373818032918555
b72ecf48-0c17-45b8-bac4-0e3ddbe0e034,2026-04-30 07:00:00+00:00,0.0,13.7,8.1,69.0,1014.9,0.0,0,1.9880469691528089,3.3086657807101534,5.544425376452976,8.537666381684417
b72ecf48-0c17-45b8-bac4-0e3ddbe0e034,2026-04-30 08:00:00+00:00,0.0,13.1,7.8,70.0,1014.6,0.0,0,0.9151160213124372,3.1913888305152187,3.513809846241255,8.696984555836467
b72ecf48-0c17-45b8-bac4-0e3ddbe0e034,2026-04-30 09:00:00+00:00,0.0,12.4,8.3,76.0,1015.3,0.0,0,0.7166571251241979,2.499280409439629,3.10923472535207,7.695625992904336
b72ecf48-0c17-45b8-bac4-0e3ddbe0e034,2026-04-30 10:00:00+00:00,0.0,12.3,8.4,77.0,1015.9,0.0,0,1.0999999999999999,1.9052558883257653,3.126680608154033,5.880430968440454
b72ecf48-0c17-45b8-bac4-0e3ddbe0e034,2026-04-30 11:00:00+00:00,0.0,11.4,8.5,82.0,1016.7,0.0,0,0.9987078177074543,1.8017165967071553,3.4868077671410664,5.8030226257533
b72ecf48-0c17-45b8-bac4-0e3ddbe0e034,2026-04-30 12:00:00+00:00,0.0,11.6,8.1,79.0,1016.8,0.0,0,0.8806984339686001,2.7105110714411875,2.8593586008228757,6.4222245672274845
b72ecf48-0c17-45b8-bac4-0e3ddbe0e034,2026-04-30 13:00:00+00:00,0.0,12.6,7.5,71.0,1017.1,0.0,0,2.6239135009429306,3.482050823806197,4.290832341735054,5.9058240589371165
b72ecf48-0c17-45b8-bac4-0e3ddbe0e034,2026-04-30 14:00:00+00:00,0.0,14.0,7.5,65.0,1016.8,0.0,0,3.0146738894298695,3.592748438228007,4.277504869018107,4.920706463052473
b72ecf48-0c17-45b8-bac4-0e3ddbe0e034,2026-04-30 15:00:00+00:00,0.0,15.5,7.3,58.0,1017.1,0.0,0,3.5819580588010407,3.225209522649697,5.109516435603584,4.2873933566092175
b72ecf48-0c17-45b8-bac4-0e3ddbe0e034,2026-04-30 16:00:00+00:00,0.0,16.6,7.0,53.0,1017.5,0.0,0,3.482050823806197,2.623913500942931,4.476360737992152,3.6248854524470637
b72ecf48-0c17-45b8-bac4-0e3ddbe0e034,2026-04-30 17:00:00+00:00,0.0,17.3,7.3,52.0,1017.2,0.0,0,2.9996469674121755,2.8967254048140183,4.071463269916766,3.9317663767979245
b72ecf48-0c17-45b8-bac4-0e3ddbe0e034,2026-04-30 18:00:00+00:00,0.0,17.6,7.6,52.0,1017.0,0.0,0,2.995233772595204,2.513299553874369,3.699994660264664,3.104664154785985
b72ecf48-0c17-45b8-bac4-0e3ddbe0e034,2026-04-30 19:00:00+00:00,0.0,18.2,7.6,50.0,1016.3,0.0,0,2.0849999999999995,3.611325933781109,2.7760552237651916,4.6201317507843855
b72ecf48-0c17-45b8-bac4-0e3ddbe0e034,2026-04-30 20:00:00+00:00,0.0,18.1,7.8,51.0,1015.6,0.0,0,2.783270349942715,3.3169724387051747,3.6060384903414855,4.297509325897467
b72ecf48-0c17-45b8-bac4-0e3ddbe0e034,2026-04-30 21:00:00+00:00,0.0,17.9,6.8,48.0,1015.1,0.0,0,2.415561488955478,2.682752819973393,3.184932341491868,3.415421786561526
b72ecf48-0c17-45b8-bac4-0e3ddbe0e034,2026-04-30 22:00:00+00:00,0.0,17.4,6.6,49.0,1014.6,0.0,0,2.092828302479718,2.4075235609106427,3.2031937187750605,3.2031937187750605
b72ecf48-0c17-45b8-bac4-0e3ddbe0e034,2026-04-30 23:00:00+00:00,0.0,16.4,7.1,54.0,1014.6,0.0,0,1.1127382865210294,1.589154965920644,2.190606684273456,2.907033256572146
b72ecf48-0c17-45b8-bac4-0e3ddbe0e034,2026-05-01 00:00:00+00:00,0.0,16.0,8.0,59.0,1014.7,0.0,0,1.3974057317497803,1.6075314058745043,2.8908333711070635,2.6029180587359586
b72ecf48-0c17-45b8-bac4-0e3ddbe0e034,2026-05-01 01:00:00+00:00,0.0,14.7,8.4,66.0,1015.3,0.0,0,1.1950293312656057,1.0027486711110014,2.1943482897974076,1.3184974717697386
b72ecf48-0c17-45b8-bac4-0e3ddbe0e034,2026-05-01 02:00:00+00:00,0.0,13.3,8.7,74.0,1015.8,0.0,0,1.0932805692640002,1.5047716095374024,2.190669895026687,1.71153890140533
b72ecf48-0c17-45b8-bac4-0e3ddbe0e034,2026-05-01 03:00:00+00:00,0.0,13.0,8.1,72.0,1016.2,0.0,0,1.3962779769256142,0.1962340723536923,2.100682172578001,0.4083312501058061
b72ecf48-0c17-45b8-bac4-0e3ddbe0e034,2026-05-01 04:00:00+00:00,0.0,12.5,8.9,79.0,1015.8,0.0,0,-3.6739403974420594e-16,1.5,0.9987078177074543,1.8017165967071553
b72ecf48-0c17-45b8-bac4-0e3ddbe0e034,2026-05-01 05:00:00+00:00,0.0,11.9,9.6,86.0,1015.9,0.0,0,-0.40334868018645414,1.8976063454235828,-0.6006193150981204,2.6015680729765776
b72ecf48-0c17-45b8-bac4-0e3ddbe0e034,2026-05-01 06:00:00+00:00,0.0,11.8,7.9,77.0,1015.8,0.0,0,1.6093002611364882,0.8920497012532603,1.1053659341616484,1.994132932277822
b72ecf48-0c17-45b8-bac4-0e3ddbe0e034,2026-05-01 07:00:00+00:00,0.0,11.2,8.4,83.0,1015.8,0.0,0,0.5084693597082924,0.9979273070909721,-0.2797699342199832,3.1977849808745034
b72ecf48-0c17-45b8-bac4-0e3ddbe0e034,2026-05-01 08:00:00+00:00,0.0,11.0,8.0,82.0,1015.4,0.0,0,0.40276505027189596,0.4973734153324614,-0.2029913385954056,2.9029113862560885
b72ecf48-0c17-45b8-bac4-0e3ddbe0e034,2026-05-01 09:00:00+00:00,0.0,10.8,8.1,83.0,1015.5,0.0,0,-3.429011037612589e-16,1.4,-0.4789465195822286,3.900706375950396
b72ecf48-0c17-45b8-bac4-0e3ddbe0e034,2026-05-01 10:00:00+00:00,0.0,10.9,8.0,82.0,1015.4,0.0,0,-0.40276505027189624,0.49737341533246116,-6.858022075225178e-16,2.8
b72ecf48-0c17-45b8-bac4-0e3ddbe0e034,2026-05-01 11:00:00+00:00,0.0,10.7,9.3,91.0,1016.1,0.0,0,-0.505495316971527,0.6957546151624547,-0.8066973603729083,3.7952126908471655
b72ecf48-0c17-45b8-bac4-0e3ddbe0e034,2026-05-01 12:00:00+00:00,0.0,11.2,9.8,91.0,1017.2,0.0,0,-0.19798989873223338,0.19798989873223327,0.12214823845875339,3.497867894566835
b72ecf48-0c17-45b8-bac4-0e3ddbe0e034,2026-05-01 13:00:00+00:00,0.0,13.2,10.0,81.0,1017.6,0.0,0,0.6231144205325061,2.6990050794551017,0.9920341496564447,4.296971985702887
b72ecf48-0c17-45b8-bac4-0e3ddbe0e034,2026-05-01 14:00:00+00:00,0.0,14.7,9.9,73.0,1017.8,0.0,0,1.785573863102763,4.010464559051018,2.6763271114387654,6.011129111288314
b72ecf48-0c17-45b8-bac4-0e3ddbe0e034,2026-05-01 15:00:00+00:00,0.0,15.8,10.2,69.0,1017.5,0.0,0,2.1392511963306977,4.386114945939935,2.987911110506745,6.407596054349115
b72ecf48-0c17-45b8-bac4-0e3ddbe0e034,2026-05-01 16:00:00+00:00,0.0,16.5,9.5,63.0,1017.7,0.0,0,1.7348462104923756,4.087041549328836,2.3525294066519273,5.822714606679425
b72ecf48-0c17-45b8-bac4-0e3ddbe0e034,2026-05-01 17:00:00+00:00,0.0,17.2,8.3,56.0,1016.4,0.0,0,1.7286307330721509,3.8825681949810535,2.3143314991013035,5.198073653986399
b72ecf48-0c17-45b8-bac4-0e3ddbe0e034,2026-05-01 18:00:00+00:00,0.0,17.8,7.6,51.0,1016.1,0.0,0,1.312748954205088,4.293808354274029,1.71037447262801,5.594382822383757
b72ecf48-0c17-45b8-bac4-0e3ddbe0e034,2026-05-01 19:00:00+00:00,0.0,18.2,7.3,49.0,1016.7,0.0,0,1.0915239290353167,3.8065963159157428,1.3122125586697801,4.897243939285577
b72ecf48-0c17-45b8-bac4-0e3ddbe0e034,2026-05-01 20:00:00+00:00,0.0,18.5,6.3,45.0,1017.2,0.0,0,1.5130603122419768,3.3983891024304755,1.6914967218538173,4.406499613066792
b72ecf48-0c17-45b8-bac4-0e3ddbe0e034,2026-05-01 21:00:00+00:00,0.0,18.3,5.9,44.0,1016.5,0.0,0,1.7052637610095112,3.49630884010376,2.094693711840371,4.704759106859394
b72ecf48-0c17-45b8-bac4-0e3ddbe0e034,2026-05-01 22:00:00+00:00,0.0,17.8,6.0,46.0,1015.6,0.0,0,2.3981638293532903,3.300789337049786,3.2120280435658577,4.587251448018354
b72ecf48-0c17-45b8-bac4-0e3ddbe0e034,2026-05-01 23:00:00+00:00,0.0,16.5,5.5,48.0,1014.5,0.0,0,2.6049688892212397,2.6975242512699418,4.001960076842094,4.603728439358909
b72ecf48-0c17-45b8-bac4-0e3ddbe0e034,2026-05-02 00:00:00+00:00,20.0,15.1,7.4,60.0,1014.6,0.0,0,2.190669895026687,1.71153890140533,4.47429355810641,4.3207750642549625
b72ecf48-0c17-45b8-bac4-0e3ddbe0e034,2026-05-02 01:00:00+00:00,0.0,13.3,6.4,63.0,1015.2,0.0,0,1.9161466982422266,1.786835703363746,4.84019070093964,5.768314656685905
b72ecf48-0c17-45b8-bac4-0e3ddbe0e034,2026-05-02 02:00:00+00:00,0.0,12.4,6.4,67.0,1016.1,0.0,0,1.3871731954102364,1.909280106724876,4.057856521461841,7.320566948756742
b72ecf48-0c17-45b8-bac4-0e3ddbe0e034,2026-05-02 03:00:00+00:00,0.0,11.6,5.0,64.0,1016.6,0.0,0,1.189781592490397,3.0994870159707095,3.3794097642121814,8.803663421868611
b72ecf48-0c17-45b8-bac4-0e3ddbe0e034,2026-05-02 04:00:00+00:00,0.0,10.9,5.7,70.0,1017.1,0.0,0,0.8096245252623622,2.4917680726933025,3.075520131944638,7.612179445993325
b72ecf48-0c17-45b8-bac4-0e3ddbe0e034,2026-05-02 05:00:00+00:00,0.0,10.4,5.9,74.0,1017.2,0.0,0,0.804906124687904,1.8962399981120273,3.0220532580531954,6.787642750284524
b72ecf48-0c17-45b8-bac4-0e3ddbe0e034,2026-05-02 06:00:00+00:00,0.0,9.8,5.2,73.0,1017.4,0.0,0,1.2071486133425335,1.3886656276099005,3.7182147772642553,6.992944935442702
b72ecf48-0c17-45b8-bac4-0e3ddbe0e034,2026-05-02 07:00:00+00:00,0.0,9.5,4.5,71.0,1017.4,0.0,0,1.1950293312656057,1.0027486711110014,4.208542406414108,5.792561679724624
b72ecf48-0c17-45b8-bac4-0e3ddbe0e034,2026-05-02 08:00:00+00:00,0.0,8.8,4.4,74.0,1017.4,0.0,0,1.8962399981120273,0.8049061246879039,5.610636565679861,4.383509704318687
b72ecf48-0c17-45b8-bac4-0e3ddbe0e034,2026-05-02 09:00:00+00:00,0.0,8.3,4.1,75.0,1017.3,0.0,0,2.2023108839390755,0.5901074228337473,6.610820883061194,2.6709450110554522
b72ecf48-0c17-45b8-bac4-0e3ddbe0e034,2026-05-02 10:00:00+00:00,0.0,7.9,3.8,75.0,1017.3,0.0,0,1.7,1.0409497792752501e-16,5.896499393352972,0.9339137562901786
b72ecf48-0c17-45b8-bac4-0e3ddbe0e034,2026-05-02 11:00:00+00:00,0.0,7.7,3.0,72.0,1017.7,0.0,0,1.8981790939875351,-0.6908806895178508,5.793068202138186,-0.8141626406163823
b72ecf48-0c17-45b8-bac4-0e3ddbe0e034,2026-05-02 12:00:00+00:00,0.0,8.3,4.3,76.0,1018.7,0.0,0,1.5949016782971785,-0.8126429945337887,5.773722276740624,-2.9418584383122632
b72ecf48-0c17-45b8-bac4-0e3ddbe0e034,2026-05-02 13:00:00+00:00,0.0,11.4,5.9,69.0,1019.1,0.0,0,1.6075314058745045,-1.3974057317497801,3.590414341931206,-2.9074602066502484
b72ecf48-0c17-45b8-bac4-0e3ddbe0e034,2026-05-02 14:00:00+00:00,70.0,13.5,7.9,69.0,1019.4,0.0,0,0.10458689129718983,-1.1954336377100947,0.09765906324177573,-1.3965896703637537
b72ecf48-0c17-45b8-bac4-0e3ddbe0e034,2026-05-02 15:00:00+00:00,150.0,15.0,7.3,60.0,1019.6,0.0,0,-1.800084630616575,0.1891965185144519,-2.101970812973583,0.18389861719755812
b72ecf48-0c17-45b8-bac4-0e3ddbe0e034,2026-05-02 16:00:00+00:00,30.0,15.4,3.5,45.0,1019.7,0.0,0,-2.302707071807867,-0.2827368766999414,-3.1977849808745034,-0.279769934219983
b72ecf48-0c17-45b8-bac4-0e3ddbe0e034,2026-05-02 17:00:00+00:00,50.0,18.0,3.1,37.0,1019.2,0.0,0,-3.299105972590897,0.5817213951842154,-4.201364345156001,0.8166625002116131
b72ecf48-0c17-45b8-bac4-0e3ddbe0e034,2026-05-02 18:00:00+00:00,110.0,18.8,3.8,37.0,1018.4,0.0,0,-4.688708625335107,1.5234537822684897,-5.982145487496516,1.943716894618418
b72ecf48-0c17-45b8-bac4-0e3ddbe0e034,2026-05-02 19:00:00+00:00,160.0,19.4,4.7,38.0,1018.2,0.0,0,-5.9200635109512225,2.1547269029517144,-7.575092091810653,3.060535868208001
b72ecf48-0c17-45b8-bac4-0e3ddbe0e034,2026-05-02 20:00:00+00:00,160.0,19.8,4.7,37.0,1017.9,0.0,0,-5.800369837034559,2.7047568751404776,-7.6757011553948855,3.7436895935787207
b72ecf48-0c17-45b8-bac4-0e3ddbe0e034,2026-05-02 21:00:00+00:00,90.0,20.0,3.2,33.0,1018.2,0.0,0,-5.612584366197631,3.785735956496957,-7.4788581643584955,5.236752863885051
b72ecf48-0c17-45b8-bac4-0e3ddbe0e034,2026-05-02 22:00:00+00:00,70.0,20.0,2.8,32.0,1018.1,0.0,0,-4.822625812073137,3.76784822899303,-6.411454182020009,5.1918932261611594
b72ecf48-0c17-45b8-bac4-0e3ddbe0e034,2026-05-02 23:00:00+00:00,20.0,19.2,1.7,31.0,1018.2,0.0,0,-4.29304622850453,4.003330373566866,-6.157548690898854,5.9462756511290165
b72ecf48-0c17-45b8-bac4-0e3ddbe0e034,2026-05-03 00:00:00+00:00,20.0,18.0,1.9,34.0,1017.2,0.0,0,-1.8228841721262266,3.2885700988441284,-2.9418584383122646,5.7737222767406235
b72ecf48-0c17-45b8-bac4-0e3ddbe0e034,2026-05-03 01:00:00+00:00,0.0,15.7,1.4,38.0,1017.8,0.0,0,-1.2989968774012046,1.4943249688410885,-3.025233607776739,4.485093267522776
b72ecf48-0c17-45b8-bac4-0e3ddbe0e034,2026-05-03 02:00:00+00:00,0.0,13.7,4.3,53.0,1018.4,0.0,0,0.7016920913345682,2.295131414311285,1.4733043442019764,5.909100973020818
b72ecf48-0c17-45b8-bac4-0e3ddbe0e034,2026-05-03 03:00:00+00:00,0.0,12.6,6.0,64.0,1019.3,0.0,0,1.0958774260796718,1.402659141419965,3.1780893282900595,6.815434558515607
b72ecf48-0c17-45b8-bac4-0e3ddbe0e034,2026-05-03 04:00:00+00:00,0.0,11.4,6.7,73.0,1019.6,0.0,0,2.4917680726933025,0.8096245252623624,7.217152845925779,3.677323047890329
b72ecf48-0c17-45b8-bac4-0e3ddbe0e034,2026-05-03 05:00:00+00:00,0.0,10.7,6.4,75.0,1020.1,0.0,0,2.6013120361363096,0.505643837747844,7.6959571182296855,1.495942523752112
b72ecf48-0c17-45b8-bac4-0e3ddbe0e034,2026-05-03 06:00:00+00:00,0.0,10.1,7.0,81.0,1020.7,0.0,0,1.998676939962744,0.6110568628705199,6.401215317776819,0.33547347951727086
b72ecf48-0c17-45b8-bac4-0e3ddbe0e034,2026-05-03 07:00:00+00:00,0.0,9.7,6.6,81.0,1020.5,0.0,0,0.6,3.6739403974420595e-17,4.799268936750678,-0.08377155089896068
b72ecf48-0c17-45b8-bac4-0e3ddbe0e034,2026-05-03 08:00:00+00:00,0.0,9.0,5.7,80.0,1020.5,0.0,0,1.1029846833736732,-0.19448595898696197,4.704889959529605,-1.0000552328334225
b72ecf48-0c17-45b8-bac4-0e3ddbe0e034,2026-05-03 09:00:00+00:00,0.0,8.3,5.9,85.0,1021.0,0.0,0,0.7929958065276473,0.40405154476819666,4.6,2.816687638038912e-16
b72ecf48-0c17-45b8-bac4-0e3ddbe0e034,2026-05-03 10:00:00+00:00,0.0,7.9,5.7,86.0,1020.8,0.0,0,0.6995836886238546,-0.2969556576518481,3.6071049924058673,-1.6820206817279832
b72ecf48-0c17-45b8-bac4-0e3ddbe0e034,2026-05-03 11:00:00+00:00,0.0,7.4,5.2,86.0,1020.8,0.0,0,0.5013743355555008,-0.5975146656328028,2.5092397738457186,-2.786793095540228
b72ecf48-0c17-45b8-bac4-0e3ddbe0e034,2026-05-03 12:00:00+00:00,0.0,8.5,6.3,86.0,1021.6,0.0,0,0.507950467036056,-1.1966563094881726,2.985949081645764,-4.109806331424733
b72ecf48-0c17-45b8-bac4-0e3ddbe0e034,2026-05-03 13:00:00+00:00,0.0,11.4,7.5,77.0,1021.9,0.0,0,1.1762647033259646,-2.911357303339712,1.964537986056116,-4.412424560413761
b72ecf48-0c17-45b8-bac4-0e3ddbe0e034,2026-05-03 14:00:00+00:00,0.0,13.7,7.3,65.0,1022.1,0.0,0,1.3128565917239599,-3.0928963076001996,1.49468030772949,-3.6994635797214817
b72ecf48-0c17-45b8-bac4-0e3ddbe0e034,2026-05-03 15:00:00+00:00,0.0,16.3,7.2,55.0,1022.2,0.0,0,1.1109406435904308,-2.8940993221413254,1.3044593363448929,-3.3982327524498146
b72ecf48-0c17-45b8-bac4-0e3ddbe0e034,2026-05-03 16:00:00+00:00,0.0,18.0,7.1,49.0,1021.7,0.0,0,0.7741500659189368,-3.1049463240831887,0.8733380431148005,-3.502767571856347
b72ecf48-0c17-45b8-bac4-0e3ddbe0e034,2026-05-03 17:00:00+00:00,0.0,19.5,7.0,44.0,1021.2,0.0,0,-0.9217224222347332,-3.6968267171115468,-1.0973927512346882,-4.09552550346565
b72ecf48-0c17-45b8-bac4-0e3ddbe0e034,2026-05-03 18:00:00+00:00,0.0,21.3,7.5,41.0,1020.4,0.0,0,-2.9952337725952036,-2.5132995538743694,-3.4184661971960137,-3.0780007892507473
b72ecf48-0c17-45b8-bac4-0e3ddbe0e034,2026-05-03 19:00:00+00:00,0.0,22.6,6.8,36.0,1019.4,0.0,0,-3.7056687666194383,-2.7924217074255036,-4.381339790053374,-3.4230778028106585
b72ecf48-0c17-45b8-bac4-0e3ddbe0e034,2026-05-03 20:00:00+00:00,0.0,23.6,7.2,35.0,1018.3,0.0,0,-3.3966158001789677,-2.205788091810859,-4.004251475440852,-2.700901723763706
b72ecf48-0c17-45b8-bac4-0e3ddbe0e034,2026-05-03 21:00:00+00:00,0.0,23.9,6.7,33.0,1017.2,0.0,0,-2.0859675041075536,-3.212108275230974,-2.6728661933958753,-3.817248526386702
b72ecf48-0c17-45b8-bac4-0e3ddbe0e034,2026-05-03 22:00:00+00:00,0.0,24.1,6.4,32.0,1016.2,0.0,0,-2.186561138528,-3.009543219074805,-2.8074163274850013,-3.593329036446652
b72ecf48-0c17-45b8-bac4-0e3ddbe0e034,2026-05-03 23:00:00+00:00,0.0,23.7,5.6,31.0,1015.6,0.0,0,-2.1734606761204285,-3.6172460089629137,-2.9022111690131753,-4.302705001560667
b72ecf48-0c17-45b8-bac4-0e3ddbe0e034,2026-05-04 00:00:00+00:00,0.0,22.1,7.1,38.0,1014.8,0.0,0,-1.200490703073097,-3.2983210989585383,-1.9329700220261061,-4.784268689564623
b72ecf48-0c17-45b8-bac4-0e3ddbe0e034,2026-05-04 01:00:00+00:00,0.0,19.1,9.0,52.0,1014.6,0.0,0,-0.2947702664147828,-2.8045517449385304,-1.6900883645194609,-6.307495645667617
b72ecf48-0c17-45b8-bac4-0e3ddbe0e034,2026-05-04 02:00:00+00:00,0.0,17.4,10.3,63.0,1014.8,0.0,0,0.10120854043725332,-2.8982333983553774,-1.2502668792018994,-7.090615821687898
b72ecf48-0c17-45b8-bac4-0e3ddbe0e034,2026-05-04 03:00:00+00:00,0.0,16.4,10.5,68.0,1015.1,0.0,0,0.39241928576457513,-3.195998608285057,-0.1483454547169109,-8.498705408829325
b72ecf48-0c17-45b8-bac4-0e3ddbe0e034,2026-05-04 04:00:00+00:00,0.0,15.9,10.5,70.0,1015.0,0.0,0,0.3233478055938119,-3.695882329920376,-0.16579786115419454,-9.498553103985717
b72ecf48-0c17-45b8-bac4-0e3ddbe0e034,2026-05-04 05:00:00+00:00,0.0,15.6,9.9,69.0,1014.1,0.0,0,0.2145774205960696,-4.0943810924937525,-0.3458540123217839,-9.90396309575924
b72ecf48-0c17-45b8-bac4-0e3ddbe0e034,2026-05-04 06:00:00+00:00,0.0,15.2,9.5,69.0,1014.3,0.0,0,-0.4026595314941797,-4.602419505183865,-1.4599258290710873,-10.387912041099073
b72ecf48-0c17-45b8-bac4-0e3ddbe0e034,2026-05-04 07:00:00+00:00,0.0,14.8,9.2,69.0,1014.5,0.0,0,-0.6664108210713828,-4.207552330935287,-2.3124968386549316,-10.016524265992217
b72ecf48-0c17-45b8-bac4-0e3ddbe0e034,2026-05-04 08:00:00+00:00,0.0,14.7,9.5,71.0,1014.2,0.0,0,-0.9127323226899642,-4.294067967221406,-2.6321896886926366,-9.823465653359825
b72ecf48-0c17-45b8-bac4-0e3ddbe0e034,2026-05-04 09:00:00+00:00,0.0,14.4,9.6,73.0,1013.4,0.0,0,-0.9749452392666601,-3.910291776892266,-3.128709964333276,-9.086433511509433
b72ecf48-0c17-45b8-bac4-0e3ddbe0e034,2026-05-04 10:00:00+00:00,0.0,14.0,9.6,75.0,1013.1,0.0,0,-1.1711744086810503,-3.6045041967586324,-3.4426345934922313,-8.520819623468777
b72ecf48-0c17-45b8-bac4-0e3ddbe0e034,2026-05-04 11:00:00+00:00,0.0,13.6,9.9,78.0,1013.4,0.0,0,-1.1711744086810503,-3.6045041967586324,-3.820469086135921,-8.193022394811315
b72ecf48-0c17-45b8-bac4-0e3ddbe0e034,2026-05-04 12:00:00+00:00,0.0,14.2,10.6,79.0,1013.2,0.0,0,-1.1711744086810503,-3.6045041967586324,-3.44099200042127,-7.728594571656404
b72ecf48-0c17-45b8-bac4-0e3ddbe0e034,2026-05-04 13:00:00+00:00,0.0,16.7,11.6,72.0,1013.6,0.0,0,-2.6920564554995265,-3.7052978342372596,-4.513612673640363,-5.989766325354696
b72ecf48-0c17-45b8-bac4-0e3ddbe0e034,2026-05-04 14:00:00+00:00,0.0,19.2,12.3,64.0,1014.0,0.0,0,-3.7117933697474403,-3.584437191568426,-5.3950485025398836,-5.209937778442479
b72ecf48-0c17-45b8-bac4-0e3ddbe0e034,2026-05-04 15:00:00+00:00,100.0,21.6,12.5,56.0,1014.3,0.0,0,-3.985877673824479,-3.7168910623406175,-5.625606328863875,-5.065318690136556
b72ecf48-0c17-45b8-bac4-0e3ddbe0e034,2026-05-04 16:00:00+00:00,150.0,24.1,11.8,46.0,1013.7,0.0,0,-4.78585267607442,-4.309201104951047,-6.420771292124687,-5.781288438940535
b72ecf48-0c17-45b8-bac4-0e3ddbe0e034,2026-05-04 17:00:00+00:00,110.0,26.3,10.4,37.0,1012.8,0.0,0,-4.81398250728085,-4.985024816346852,-6.335284338586054,-6.560378979088497
b72ecf48-0c17-45b8-bac4-0e3ddbe0e034,2026-05-04 18:00:00+00:00,0.0,26.9,8.4,31.0,1012.5,0.0,0,-4.646011978733814,-6.1654661375651,-6.066295433372647,-8.050245941276712
b72ecf48-0c17-45b8-bac4-0e3ddbe0e034,2026-05-04 19:00:00+00:00,0.0,27.6,6.4,26.0,1011.6,0.0,0,-4.19166138008465,-6.708060440597331,-5.61714420087197,-8.989309819258116
b72ecf48-0c17-45b8-bac4-0e3ddbe0e034,2026-05-04 20:00:00+00:00,0.0,28.1,5.6,24.0,1010.7,0.0,0,-3.9503420345601152,-6.574473196385202,-5.263689125580754,-8.760249813175589
b72ecf48-0c17-45b8-bac4-0e3ddbe0e034,2026-05-04 21:00:00+00:00,0.0,28.1,4.4,22.0,1010.2,0.0,0,-3.5726785928006297,-6.719231181656434,-4.648862717332958,-9.123906807688888
b72ecf48-0c17-45b8-bac4-0e3ddbe0e034,2026-05-04 22:00:00+00:00,0.0,27.6,4.0,22.0,1009.6,0.0,0,-3.610236317823501,-6.789866989085148,-4.894017587192312,-9.605050330750606
b72ecf48-0c17-45b8-bac4-0e3ddbe0e034,2026-05-04 23:00:00+00:00,0.0,26.8,5.7,26.0,1009.2,0.0,0,-2.852337237971697,-6.719685430202815,-4.11439878299205,-9.692916106854197
b72ecf48-0c17-45b8-bac4-0e3ddbe0e034,2026-05-07 00:00:00+00:00,10.0,12.1,10.9,92.0,1014.4,0.0,0,0.6159893273439994,2.2989034665679826,0.9912769427426544,3.6994959146871316
b72ecf48-0c17-45b8-bac4-0e3ddbe0e034,2026-05-07 01:00:00+00:00,0.0,11.6,10.2,91.0,1015.7,0.0,0,1.6016646065459832,1.4935764085368717,2.880099137268327,3.313175057177969
b72ecf48-0c17-45b8-bac4-0e3ddbe0e034,2026-05-07 02:00:00+00:00,0.0,12.1,11.1,94.0,1014.3,0.7,0,1.015799825677236,2.790887083734148,1.9638563635082456,5.116020737204666
b72ecf48-0c17-45b8-bac4-0e3ddbe0e034,2026-05-07 03:00:00+00:00,0.0,11.8,10.7,93.0,1015.1,0.0,0,-4.898587196589413e-16,2.0,1.8721988995112984,4.014943496572359
b72ecf48-0c17-45b8-bac4-0e3ddbe0e034,2026-05-07 04:00:00+00:00,0.0,11.8,10.7,93.0,1015.6,0.0,0,-0.09765906324177588,1.3965896703637537,0.6006193150981195,2.601568072976578
b72ecf48-0c17-45b8-bac4-0e3ddbe0e034,2026-05-07 05:00:00+00:00,0.0,11.9,11.1,95.0,1015.2,0.0,0,0.5939113153036961,1.3991673772477093,1.0993176097574902,3.595705882421013
b72ecf48-0c17-45b8-bac4-0e3ddbe0e034,2026-05-07 06:00:00+00:00,0.0,11.9,10.9,94.0,1015.7,0.0,0,-1.0032455143944827,0.9033263185844581,-1.3298534066264889,3.291502683712095
b72ecf48-0c17-45b8-bac4-0e3ddbe0e034,2026-05-07 07:00:00+00:00,0.0,11.9,10.8,93.0,1015.6,0.0,0,0.19468070645621685,0.5991656052659468,-0.3250835207624021,3.09296309459533
b72ecf48-0c17-45b8-bac4-0e3ddbe0e034,2026-05-07 08:00:00+00:00,0.0,11.0,9.4,90.0,1015.3,0.0,0,-0.40276505027189624,0.49737341533246116,0.1732320151641441,3.3054637600376395
b72ecf48-0c17-45b8-bac4-0e3ddbe0e034,2026-05-07 09:00:00+00:00,0.0,10.3,9.4,94.0,1015.4,0.0,0,-0.6128091937224643,1.5964225293102146,-0.08028106961150437,4.5992993977194
b72ecf48-0c17-45b8-bac4-0e3ddbe0e034,2026-05-07 10:00:00+00:00,0.0,9.8,8.9,94.0,1015.6,0.0,0,-0.7016920913345691,2.295131414311285,-0.4401633493254327,6.29462915713949
b72ecf48-0c17-45b8-bac4-0e3ddbe0e034,2026-05-07 11:00:00+00:00,0.0,9.6,8.7,94.0,1015.9,0.0,0,-0.8012711868593263,1.7996845515559239,-0.31453909702009564,6.001763503874988
b72ecf48-0c17-45b8-bac4-0e3ddbe0e034,2026-05-07 12:00:00+00:00,0.0,10.4,9.5,94.0,1016.4,0.0,0,-2.2043642384652358e-16,0.9,0.5780424018701237,5.4997060813865515
b72ecf48-0c17-45b8-bac4-0e3ddbe0e034,2026-05-07 13:00:00+00:00,0.0,12.9,9.6,80.0,1017.6,0.0,0,0.6231144205325061,2.6990050794551017,1.0209103994305977,4.094647964884705
b72ecf48-0c17-45b8-bac4-0e3ddbe0e034,2026-05-07 14:00:00+00:00,0.0,14.7,10.3,75.0,1017.8,0.0,0,0.7741500659189368,3.1049463240831887,1.12327465574494,4.192118086094556
b72ecf48-0c17-45b8-bac4-0e3ddbe0e034,2026-05-07 15:00:00+00:00,0.0,16.3,9.5,64.0,1018.3,0.0,0,1.3801311192082222,2.7086598335326384,1.4195108843345428,3.1882736471726774
b72ecf48-0c17-45b8-bac4-0e3ddbe0e034,2026-05-07 16:00:00+00:00,0.0,17.2,8.4,56.0,1017.7,0.0,0,1.693827398896734,2.608265466310269,2.0859675041075536,3.212108275230974
b72ecf48-0c17-45b8-bac4-0e3ddbe0e034,2026-05-07 17:00:00+00:00,10.0,17.9,8.7,55.0,1017.8,0.0,0,0.6890933895424979,2.4031542398457972,1.015799825677236,2.790887083734148
b72ecf48-0c17-45b8-bac4-0e3ddbe0e034,2026-05-07 18:00:00+00:00,0.0,18.8,8.1,50.0,1017.1,0.0,0,-1.216694539301986,2.3878974848248258,-1.1018617823397523,2.5958236867358813
b72ecf48-0c17-45b8-bac4-0e3ddbe0e034,2026-05-07 19:00:00+00:00,10.0,19.2,8.3,49.0,1016.4,0.0,0,-1.5987758862355277,2.200526224699857,-1.6172195552175712,2.6915053242046323
b72ecf48-0c17-45b8-bac4-0e3ddbe0e034,2026-05-07 20:00:00+00:00,0.0,19.2,8.9,51.0,1016.1,0.0,0,-1.3845048603096433,1.7097211152053353,-1.7868357033637454,1.9161466982422273
b72ecf48-0c17-45b8-bac4-0e3ddbe0e034,2026-05-07 21:00:00+00:00,10.0,19.7,8.7,49.0,1015.5,0.0,0,-1.7966645182233256,1.4037081637425013,-2.007036440971723,1.684103537378733
b72ecf48-0c17-45b8-bac4-0e3ddbe0e034,2026-05-07 22:00:00+00:00,0.0,19.4,8.4,49.0,1015.3,0.0,0,-1.1116573269018721,1.1921065336392482,-1.4000714267493644,1.4000714267493637
b72ecf48-0c17-45b8-bac4-0e3ddbe0e034,2026-05-07 23:00:00+00:00,0.0,19.3,7.4,46.0,1015.1,0.0,0,-0.597514665632803,0.5013743355555006,-0.6035743066712668,0.6943328138049502
b72ecf48-0c17-45b8-bac4-0e3ddbe0e034,2026-05-08 00:00:00+00:00,20.0,18.1,8.9,55.0,1015.2,0.0,0,-0.1979898987322333,-0.19798989873223338,-1.1954336377100947,-0.1045868912971899
b72ecf48-0c17-45b8-bac4-0e3ddbe0e034,2026-05-08 01:00:00+00:00,20.0,15.8,10.4,70.0,1015.5,0.0,0,-0.5072853284009408,-1.8932146195265738,-1.7062830462150884,-1.8950193049673552
b72ecf48-0c17-45b8-bac4-0e3ddbe0e034,2026-05-08 02:00:00+00:00,0.0,14.9,9.1,68.0,1015.8,0.0,0,-0.09881290168164651,-0.7030903288065149,-0.7030903288065149,0.09881290168164647
b72ecf48-0c17-45b8-bac4-0e3ddbe0e034,2026-05-08 03:00:00+00:00,0.0,13.6,8.5,71.0,1016.2,0.0,0,1.4963460753897362,0.10463471061618784,-0.40457512088918535,1.0013585629321304
b72ecf48-0c17-45b8-bac4-0e3ddbe0e034,2026-05-08 04:00:00+00:00,0.0,12.8,8.7,76.0,1016.4,0.0,0,1.1939487424124129,0.6083472696509927,-1.9594348786357652e-16,0.8
b72ecf48-0c17-45b8-bac4-0e3ddbe0e034,2026-05-08 05:00:00+00:00,0.0,11.6,9.9,89.0,1016.3,0.0,0,0.8055301005437919,-0.9947468306649228,0.9062507694346527,-1.2942602299766073
b72ecf48-0c17-45b8-bac4-0e3ddbe0e034,2026-05-08 06:00:00+00:00,0.0,11.4,9.1,86.0,1016.3,0.0,0,0.6957546151624548,-0.5054953169715268,-0.5079504670360556,-1.1966563094881726
b72ecf48-0c17-45b8-bac4-0e3ddbe0e034,2026-05-08 07:00:00+00:00,0.0,10.9,9.0,88.0,1016.2,0.0,0,1.2968332653377714,-0.09068341586736293,-0.8964204596024163,-0.20695496999635604
b72ecf48-0c17-45b8-bac4-0e3ddbe0e034,2026-05-08 08:00:00+00:00,0.0,10.5,8.7,89.0,1015.7,0.0,0,0.7999921550361385,-0.6954225707299376,1.192106533639248,-1.1116573269018724
b72ecf48-0c17-45b8-bac4-0e3ddbe0e034,2026-05-08 09:00:00+00:00,0.0,10.3,8.4,88.0,1015.7,0.0,0,0.40261889049893773,-0.5969070522396299,1.3010764773832475,-1.3010764773832473
b72ecf48-0c17-45b8-bac4-0e3ddbe0e034,2026-05-08 10:00:00+00:00,0.0,9.9,7.9,87.0,1016.0,0.0,0,0.8917737905728731,-0.8029567276306299,1.2071370973106224,-1.2944960518659316
b72ecf48-0c17-45b8-bac4-0e3ddbe0e034,2026-05-08 11:00:00+00:00,0.0,9.7,7.5,86.0,1015.8,0.0,0,1.5000427762286965,-0.901316631092595,1.3914036101069878,-2.510158559490066
b72ecf48-0c17-45b8-bac4-0e3ddbe0e034,2026-05-08 12:00:00+00:00,0.0,10.7,8.8,88.0,1016.7,0.0,0,0.5084693597082925,-0.997927307090972,2.3057772741312044,-3.292991218041747
b72ecf48-0c17-45b8-bac4-0e3ddbe0e034,2026-05-08 13:00:00+00:00,0.0,13.9,10.7,81.0,1017.0,0.0,0,1.0932805692640002,-1.5047716095374022,2.191754852159344,-2.80531828283993
b72ecf48-0c17-45b8-bac4-0e3ddbe0e034,2026-05-08 14:00:00+00:00,0.0,17.1,10.3,64.0,1016.4,0.0,0,1.3211123542420815,-2.5928289853881505,1.6088221087159136,-3.298574149917943
b72ecf48-0c17-45b8-bac4-0e3ddbe0e034,2026-05-08 15:00:00+00:00,0.0,18.7,10.8,60.0,1016.2,0.0,0,0.7741500659189368,-3.1049463240831887,0.9217224222347341,-3.6968267171115468
b72ecf48-0c17-45b8-bac4-0e3ddbe0e034,2026-05-08 16:00:00+00:00,0.0,20.0,9.0,49.0,1016.0,0.0,0,0.2827368766999423,-2.302707071807867,0.37994256562097833,-2.703431827664487
b72ecf48-0c17-45b8-bac4-0e3ddbe0e034,2026-05-08 17:00:00+00:00,0.0,21.1,9.3,47.0,1015.1,0.0,0,0.39366434510176407,-1.7051476133741614,0.7138292570061288,-2.196940552641805
b72ecf48-0c17-45b8-bac4-0e3ddbe0e034,2026-05-08 18:00:00+00:00,0.0,21.7,11.2,51.0,1014.0,0.0,0,-0.19601569122099202,-2.803154981230106,-0.21694263334422959,-3.102424196308053
b72ecf48-0c17-45b8-bac4-0e3ddbe0e034,2026-05-08 19:00:00+00:00,0.0,22.2,10.7,48.0,1012.6,0.0,0,3.429011037612589e-16,-2.8,-0.12214823845875315,-3.497867894566835
b72ecf48-0c17-45b8-bac4-0e3ddbe0e034,2026-05-08 20:00:00+00:00,0.0,22.8,11.5,49.0,1011.5,0.0,0,0.2099669859698178,-3.0026677912820707,0.18893280203702714,-3.6050526204640114
b72ecf48-0c17-45b8-bac4-0e3ddbe0e034,2026-05-08 21:00:00+00:00,0.0,23.1,12.7,52.0,1011.2,0.0,0,4.1637991171010006e-16,-3.4,-0.07504534768031963,-4.2993450891724825
b72ecf48-0c17-45b8-bac4-0e3ddbe0e034,2026-05-08 22:00:00+00:00,0.0,23.2,11.9,49.0,1010.6,0.0,0,-0.7214535671376255,-3.3941721745463056,-0.5776606877403982,-4.704668758779867
b72ecf48-0c17-45b8-bac4-0e3ddbe0e034,2026-05-08 23:00:00+00:00,0.0,21.9,12.2,54.0,1010.3,0.0,0,-0.17846561078843756,-3.405326713513097,-0.30407190577150206,-5.802037596924073
b72ecf48-0c17-45b8-bac4-0e3ddbe0e034,2026-05-09 00:00:00+00:00,0.0,20.9,10.9,53.0,1010.0,0.0,0,0.21694263334423036,-3.102424196308053,-0.11867636377352872,-6.7989643270634605
b72ecf48-0c17-45b8-bac4-0e3ddbe0e034,2026-05-09 01:00:00+00:00,0.0,18.4,11.2,63.0,1010.2,0.0,0,0.10469849010750343,-2.998172481057287,-1.1245186557573295,-8.001365995431888
b72ecf48-0c17-45b8-bac4-0e3ddbe0e034,2026-05-09 02:00:00+00:00,0.0,17.1,12.5,74.0,1010.2,0.0,0,0.20299133859540527,-2.9029113862560885,-1.5570014022726049,-8.010077816932938
b72ecf48-0c17-45b8-bac4-0e3ddbe0e034,2026-05-09 03:00:00+00:00,0.0,16.5,12.8,79.0,1010.8,0.0,0,0.7221051358360336,-2.6949330553465005,9.062386313690414e-16,-7.4
b72ecf48-0c17-45b8-bac4-0e3ddbe0e034,2026-05-09 04:00:00+00:00,0.0,16.0,12.9,82.0,1010.8,0.0,0,3.3065463576978537e-16,-2.7,-0.9566743457304063,-7.791487290384378
b72ecf48-0c17-45b8-bac4-0e3ddbe0e034,2026-05-09 05:00:00+00:00,0.0,15.7,12.7,82.0,1010.9,0.0,0,4.286263797015736e-16,-3.5,-1.3328216421427657,-8.415104661870574
b72ecf48-0c17-45b8-bac4-0e3ddbe0e034,2026-05-09 06:00:00+00:00,0.0,15.9,12.6,81.0,1009.8,0.0,0,-0.7879853081993086,-3.707179406781123,-3.0508196784649644,-8.382058177410302
b72ecf48-0c17-45b8-bac4-0e3ddbe0e034,2026-05-09 07:00:00+00:00,0.0,15.3,13.5,89.0,1009.0,0.0,0,0.4775324885840583,-2.708221320783572,-0.7557407894251348,-7.190393303512616
b72ecf48-0c17-45b8-bac4-0e3ddbe0e034,2026-05-09 08:00:00+00:00,0.0,14.9,12.6,86.0,1009.2,0.0,0,2.816687638038912e-16,-2.3,-1.7133820785786877,-6.3944289700336325
b72ecf48-0c17-45b8-bac4-0e3ddbe0e034,2026-05-09 09:00:00+00:00,0.0,14.3,12.7,90.0,1009.4,0.0,0,-0.7018540818712503,-0.898332259111663,-3.1152470651478303,-3.987334413250013
b72ecf48-0c17-45b8-bac4-0e3ddbe0e034,2026-05-09 10:00:00+00:00,0.0,14.1,13.0,93.0,1009.7,0.0,0,2.326828918379971e-16,-1.9,-1.6920244351953289,-3.8003491037932196
b72ecf48-0c17-45b8-bac4-0e3ddbe0e034,2026-05-09 11:00:00+00:00,0.0,14.0,12.8,92.0,1009.4,0.0,0,-0.40833125010580573,-2.100682172578001,-1.7856412571959803,-4.206707180277653
b72ecf48-0c17-45b8-bac4-0e3ddbe0e034,2026-05-09 12:00:00+00:00,0.0,14.9,14.3,96.0,1010.1,0.0,0,-0.3892503505681512,-2.0025194542332345,-1.7286307330721509,-3.8825681949810535
b72ecf48-0c17-45b8-bac4-0e3ddbe0e034,2026-05-09 13:00:00+00:00,0.0,17.4,16.1,92.0,1010.4,0.0,0,-1.2975135871193317,-0.8107764742768037,-1.9052558883257649,-1.100000000000001
b72ecf48-0c17-45b8-bac4-0e3ddbe0e034,2026-05-09 14:00:00+00:00,0.0,19.3,17.1,87.0,1011.1,0.0,0,-1.7907211567188905,-1.2078566714968126,-2.004422657389564,-1.3016872936859145
b72ecf48-0c17-45b8-bac4-0e3ddbe0e034,2026-05-09 15:00:00+00:00,0.0,21.4,16.2,72.0,1011.0,0.0,0,-1.1954336377100947,0.10458689129718947,-1.396589670363754,0.0976590632417753
b72ecf48-0c17-45b8-bac4-0e3ddbe0e034,2026-05-09 16:00:00+00:00,0.0,23.0,16.1,65.0,1011.1,0.0,0,-0.8126429945337891,1.5949016782971783,-0.8920497012532599,1.6093002611364884
b72ecf48-0c17-45b8-bac4-0e3ddbe0e034,2026-05-09 17:00:00+00:00,0.0,24.3,14.9,56.0,1011.4,0.0,0,-0.19448595898696205,1.1029846833736732,-0.29505371141687353,1.1011554419695377
b72ecf48-0c17-45b8-bac4-0e3ddbe0e034,2026-05-09 18:00:00+00:00,0.0,25.2,12.8,46.0,1011.4,0.0,0,0.6888950435031664,1.1024625250033537,0.6060120253079213,1.0932746339242447
b72ecf48-0c17-45b8-bac4-0e3ddbe0e034,2026-05-09 19:00:00+00:00,0.0,25.8,12.0,42.0,1011.0,0.0,0,1.5979993041425287,-0.19620964288228726,1.600052309019692,-0.311018662463768
b72ecf48-0c17-45b8-bac4-0e3ddbe0e034,2026-05-09 20:00:00+00:00,0.0,26.4,12.8,43.0,1010.6,0.0,0,0.8920497012532604,-1.6093002611364882,0.887498349655469,-1.903246352776965
b72ecf48-0c17-45b8-bac4-0e3ddbe0e034,2026-05-09 21:00:00+00:00,50.0,26.9,12.6,41.0,1010.2,0.0,0,1.193948742412413,-0.6083472696509927,1.2037753112603697,-0.6949999999999996
b72ecf48-0c17-45b8-bac4-0e3ddbe0e034,2026-05-09 22:00:00+00:00,0.0,26.8,10.1,35.0,1009.8,0.0,0,0.5006792814660652,0.20228756044459248,0.298453526119815,0.20130944524946884
b72ecf48-0c17-45b8-bac4-0e3ddbe0e034,2026-05-09 23:00:00+00:00,0.0,26.4,8.8,33.0,1009.8,0.0,0,0.9945218953682733,0.10452846326765346,1.1,6.735557395310444e-17
b72ecf48-0c17-45b8-bac4-0e3ddbe0e034,2026-05-10 00:00:00+00:00,60.0,25.4,12.6,45.0,1010.3,0.0,0,1.5920408388915593e-16,-1.3,0.08897112561300446,-1.6976702090827755
b72ecf48-0c17-45b8-bac4-0e3ddbe0e034,2026-05-10 01:00:00+00:00,0.0,23.3,6.5,34.0,1010.8,0.0,0,-2.407550622520739,-1.3900000000000012,-2.0905455372170785,-1.8172835103037053
b72ecf48-0c17-45b8-bac4-0e3ddbe0e034,2026-05-10 02:00:00+00:00,0.0,20.1,9.4,50.0,1011.8,0.0,0,-1.3886656276099005,-1.2071486133425335,-2.213405530968272,-1.383089279648665
b72ecf48-0c17-45b8-bac4-0e3ddbe0e034,2026-05-10 03:00:00+00:00,0.0,18.3,12.7,70.0,1012.1,0.0,0,0.29918490227734074,-1.2959121861643628,-1.8137571800155428,-1.6913559329549965
b72ecf48-0c17-45b8-bac4-0e3ddbe0e034,2026-05-10 04:00:00+00:00,0.0,18.9,10.5,58.0,1012.2,0.0,0,0.09899494936611666,-0.09899494936611665,-2.39853798484583,0.08375879208600308
b72ecf48-0c17-45b8-bac4-0e3ddbe0e034,2026-05-10 05:00:00+00:00,0.0,17.7,11.3,66.0,1012.4,0.0,0,0.09765906324177573,-1.3965896703637537,-1.9934452873185926,-0.8054041758442114
b72ecf48-0c17-45b8-bac4-0e3ddbe0e034,2026-05-10 06:00:00+00:00,0.0,17.2,12.3,73.0,1012.5,0.0,0,0.28471072637322037,-1.7975927798831506,-0.4981314498679676,-1.2976767928311104
b72ecf48-0c17-45b8-bac4-0e3ddbe0e034,2026-05-10 07:00:00+00:00,20.0,16.7,12.6,77.0,1012.9,0.0,0,0.6997632523482761,-0.9993654940325701,2.6942229581241775e-16,-2.2
b72ecf48-0c17-45b8-bac4-0e3ddbe0e034,2026-05-10 08:00:00+00:00,220.0,16.4,12.8,79.0,1012.8,0.0,0,1.2960201354624095,-0.6043441142892,-0.2064934938531046,-1.303748609585582
b72ecf48-0c17-45b8-bac4-0e3ddbe0e034,2026-05-10 09:00:00+00:00,10.0,16.1,12.9,81.0,1013.2,0.0,0,0.9970046034746989,-1.1072857899613173,-0.6010407640085653,-0.6010407640085655
b72ecf48-0c17-45b8-bac4-0e3ddbe0e034,2026-05-10 10:00:00+00:00,300.0,15.8,13.3,85.0,1013.8,0.0,0,-0.09587131702242374,-1.0958141679009201,-2.389965891832836,-0.9174219508359699
b72ecf48-0c17-45b8-bac4-0e3ddbe0e034,2026-05-10 11:00:00+00:00,640.0,15.5,13.9,90.0,1014.5,0.0,0,-0.4033486801864534,-1.8976063454235828,-2.9046812688540786,-1.480009029150923
b72ecf48-0c17-45b8-bac4-0e3ddbe0e034,2026-05-10 12:00:00+00:00,860.0,17.5,17.3,99.0,1015.2,0.0,0,1.3471114790620887e-16,-1.1,-2.0928283024797176,-2.407523560910643
b72ecf48-0c17-45b8-bac4-0e3ddbe0e034,2026-05-10 13:00:00+00:00,720.0,19.8,19.2,96.0,1015.5,0.0,0,-0.8953605783594453,-0.6039283357484063,-1.8086230044814564,-1.0867303380602147
b72ecf48-0c17-45b8-bac4-0e3ddbe0e034,2026-05-10 14:00:00+00:00,1460.0,21.7,20.2,91.0,1015.9,0.0,0,-0.5975146656328028,-0.5013743355555008,-0.700035713374682,-0.7000357133746822
b72ecf48-0c17-45b8-bac4-0e3ddbe0e034,2026-05-10 15:00:00+00:00,1300.0,23.9,19.4,76.0,1016.3,0.0,0,-1.2960201354624092,0.6043441142892004,-1.3988802429757379,0.7127650845910882
b72ecf48-0c17-45b8-bac4-0e3ddbe0e034,2026-05-10 16:00:00+00:00,2080.0,25.0,20.7,77.0,1016.5,0.0,0,-0.49715703440722514,0.2987220834478314,-0.5006298635583086,0.09731258764203801
b72ecf48-0c17-45b8-bac4-0e3ddbe0e034,2026-05-10 17:00:00+00:00,2260.0,25.4,20.8,76.0,1016.3,0.0,0,1.3471114790620887e-16,-1.1,0.2083965772228023,-1.6972539193066605
b72ecf48-0c17-45b8-bac4-0e3ddbe0e034,2026-05-10 18:00:00+00:00,1760.0,26.4,19.3,65.0,1015.7,0.0,0,0.6943328138049504,-0.6035743066712667,0.7000357133746821,-0.700035713374682
b72ecf48-0c17-45b8-bac4-0e3ddbe0e034,2026-05-10 19:00:00+00:00,1100.0,26.6,18.0,59.0,1015.6,0.0,0,2.1969849764600626,0.11513910373447674,2.598416150249649,-0.09073869142650248
b72ecf48-0c17-45b8-bac4-0e3ddbe0e034,2026-05-10 20:00:00+00:00,1930.0,25.6,19.2,68.0,1015.1,0.0,0,8.572527594031472e-17,-0.7,-0.49812410837921245,-0.7971652103870405
b72ecf48-0c17-45b8-bac4-0e3ddbe0e034,2026-05-10 21:00:00+00:00,1290.0,25.8,18.2,63.0,1014.9,0.0,0,0.2935661446562001,-0.9035036904803958,0.6043441142892002,-1.2960201354624095
b72ecf48-0c17-45b8-bac4-0e3ddbe0e034,2026-05-10 22:00:00+00:00,1520.0,24.3,17.5,66.0,1015.2,0.0,0,-1.3037486095855817,-0.20649349385310498,-1.1939487424124129,-0.608347269650993
b72ecf48-0c17-45b8-bac4-0e3ddbe0e034,2026-05-10 23:00:00+00:00,20.0,21.8,15.2,66.0,1015.9,0.0,0,-1.609300261136488,0.8920497012532607,-4.112026359873006,2.773596801214905
b72ecf48-0c17-45b8-bac4-0e3ddbe0e034,2026-05-11 00:00:00+00:00,230.0,19.9,17.1,84.0,1016.5,0.0,0,2.5865466932770995,1.6162537559112748,2.7073768553350193,1.0938512527744628
b72ecf48-0c17-45b8-bac4-0e3ddbe0e034,2026-05-11 01:00:00+00:00,150.0,18.9,16.7,87.0,1017.4,0.0,0,2.8908333711070635,2.6029180587359586,4.971768044855614,5.331568484803753
b72ecf48-0c17-45b8-bac4-0e3ddbe0e034,2026-05-11 02:00:00+00:00,180.0,18.8,16.8,88.0,1017.5,0.0,0,0.5975146656328029,0.5013743355555007,2.138448404407939,4.585917402405449
b72ecf48-0c17-45b8-bac4-0e3ddbe0e034,2026-05-11 03:00:00+00:00,170.0,18.6,16.7,89.0,1018.4,0.0,0,2.4061729862267383,0.781812995768617,5.284947971030689,2.135257582470698
b72ecf48-0c17-45b8-bac4-0e3ddbe0e034,2026-05-11 04:00:00+00:00,110.0,18.2,16.0,87.0,1019.0,0.0,0,1.596102480415719,0.11161035799060037,4.5992993977194,-0.08028106961150398
b72ecf48-0c17-45b8-bac4-0e3ddbe0e034,2026-05-11 05:00:00+00:00,60.0,18.0,15.8,87.0,1019.5,0.0,0,-0.4114226430558078,2.597620335765212,-0.16053768483150377,4.59719780428784
b72ecf48-0c17-45b8-bac4-0e3ddbe0e034,2026-05-11 06:00:00+00:00,10.0,17.8,15.0,84.0,1019.5,0.0,0,0.08375879208600233,2.39853798484583,0.9533284953914476,5.4065945640370225
b72ecf48-0c17-45b8-bac4-0e3ddbe0e034,2026-05-11 07:00:00+00:00,0.0,17.3,13.5,78.0,1019.3,0.0,0,-0.5105256423407754,2.8953347938558913,-0.29350476726803193,8.404876855230595
b72ecf48-0c17-45b8-bac4-0e3ddbe0e034,2026-05-11 08:00:00+00:00,0.0,16.3,11.1,71.0,1019.2,0.0,0,1.1917299418922849,2.8075398030299428,2.910591419701441,7.9967842028880805
b72ecf48-0c17-45b8-bac4-0e3ddbe0e034,2026-05-11 09:00:00+00:00,0.0,15.7,11.5,76.0,1019.6,0.0,0,1.4874531232321868,2.2052399429964114,5.110161497007987,6.0900533227958755
b72ecf48-0c17-45b8-bac4-0e3ddbe0e034,2026-05-11 10:00:00+00:00,0.0,15.4,11.4,77.0,1019.9,0.0,0,2.2868342655046203,1.2159313476154572,6.477870020307601,3.740000000000001
b72ecf48-0c17-45b8-bac4-0e3ddbe0e034,2026-05-11 11:00:00+00:00,0.0,14.6,11.2,80.0,1020.4,0.0,0,1.697056274847714,1.697056274847714,5.191335022532566,4.2038602122129145
b72ecf48-0c17-45b8-bac4-0e3ddbe0e034,2026-05-11 12:00:00+00:00,0.0,14.9,11.7,81.0,1021.0,0.0,0,0.6962232313257808,2.598340472717594,2.3365590310353577,6.086944380761755
b72ecf48-0c17-45b8-bac4-0e3ddbe0e034,2026-05-11 13:00:00+00:00,0.0,16.4,12.0,75.0,1022.3,0.0,0,2.3842130672784956,2.2233146538037447,3.6713955821282354,3.423631767513742
b72ecf48-0c17-45b8-bac4-0e3ddbe0e034,2026-05-11 14:00:00+00:00,0.0,17.8,11.8,68.0,1023.1,0.0,0,2.497304884567868,2.0954876075781184,3.310641795806696,2.6809048658723076
b72ecf48-0c17-45b8-bac4-0e3ddbe0e034,2026-05-11 15:00:00+00:00,0.0,19.1,11.2,60.0,1023.3,0.0,0,2.190606684273456,2.907033256572146,2.9036591463248174,3.9965439522122406
b72ecf48-0c17-45b8-bac4-0e3ddbe0e034,2026-05-11 16:00:00+00:00,0.0,20.4,10.5,53.0,1022.7,0.0,0,2.2818960143872142,2.7194577730723717,2.9246836240737535,3.48550221619135
b72ecf48-0c17-45b8-bac4-0e3ddbe0e034,2026-05-11 17:00:00+00:00,0.0,21.1,9.7,48.0,1022.3,0.0,0,2.407260092608193,3.1945420401891713,3.0329719018291614,4.174527690974729
b72ecf48-0c17-45b8-bac4-0e3ddbe0e034,2026-05-11 18:00:00+00:00,0.0,22.1,9.0,43.0,1022.3,0.0,0,2.315873894032344,3.187526957837293,2.879353710482251,4.112143262330738
b72ecf48-0c17-45b8-bac4-0e3ddbe0e034,2026-05-11 19:00:00+00:00,0.0,22.7,8.0,39.0,1021.9,0.0,0,2.191905749031099,2.612211551035715,2.680904865872307,3.310641795806696
b72ecf48-0c17-45b8-bac4-0e3ddbe0e034,2026-05-11 20:00:00+00:00,0.0,23.4,5.8,32.0,1021.4,0.0,0,3.4096706536052066,3.2926806759756473,4.473599905755942,4.632548314180914
b72ecf48-0c17-45b8-bac4-0e3ddbe0e034,2026-05-11 21:00:00+00:00,0.0,23.6,4.6,29.0,1021.2,0.0,0,2.692056455499527,3.7052978342372596,3.74328944400574,4.9675128724941615
b72ecf48-0c17-45b8-bac4-0e3ddbe0e034,2026-05-11 22:00:00+00:00,0.0,23.4,5.3,31.0,1020.8,0.0,0,2.305777274131205,3.2929912180417467,3.2120280435658577,4.587251448018354
b72ecf48-0c17-45b8-bac4-0e3ddbe0e034,2026-05-11 23:00:00+00:00,0.0,22.2,6.0,35.0,1020.6,0.0,0,2.584675271830048,2.019369639068159,4.128979548411292,3.464625216210447
b72ecf48-0c17-45b8-bac4-0e3ddbe0e034,2026-05-12 00:00:00+00:00,0.0,20.2,7.9,45.0,1020.8,0.0,0,1.697056274847714,1.697056274847714,4.3982041789803255,4.3982041789803255
b72ecf48-0c17-45b8-bac4-0e3ddbe0e034,2026-05-12 01:00:00+00:00,0.0,17.9,10.5,62.0,1020.4,0.0,0,1.998676939962744,0.6110568628705199,4.7903406552246,0.9311478974375391
b72ecf48-0c17-45b8-bac4-0e3ddbe0e034,2026-05-12 02:00:00+00:00,0.0,16.6,10.9,69.0,1021.0,0.0,0,1.6952593782891396,0.9013854005489104,4.49052185145154,1.7237498373128948
b72ecf48-0c17-45b8-bac4-0e3ddbe0e034,2026-05-12 03:00:00+00:00,0.0,15.6,9.5,67.0,1021.9,0.0,0,1.699165055834561,-2.0982940959338214,4.905739107540767,-2.1841757733170475
b72ecf48-0c17-45b8-bac4-0e3ddbe0e034,2026-05-12 04:00:00+00:00,0.0,14.7,9.1,69.0,1021.9,0.0,0,2.4008292224011067,0.21004534002185613,4.9969541350954785,-0.17449748351250477
b72ecf48-0c17-45b8-bac4-0e3ddbe0e034,2026-05-12 05:00:00+00:00,0.0,14.0,8.9,71.0,1021.2,0.0,0,2.5012163021361316,0.30711074538097166,5.59861420327561,0.48981527424183874
b72ecf48-0c17-45b8-bac4-0e3ddbe0e034,2026-05-12 06:00:00+00:00,0.0,13.2,8.7,74.0,1020.7,0.0,0,2.2989034665679826,0.6159893273439994,5.787758184824297,1.3362092628025577
b72ecf48-0c17-45b8-bac4-0e3ddbe0e034,2026-05-12 07:00:00+00:00,0.0,12.9,7.5,70.0,1021.0,0.0,0,2.307065324462333,-0.7943862968754623,5.79785314289396,-0.507246422791371
b72ecf48-0c17-45b8-bac4-0e3ddbe0e034,2026-05-12 08:00:00+00:00,0.0,12.5,7.0,69.0,1020.9,0.0,0,1.9989890096902292,0.21010221116798342,5.9,3.612708057484692e-16
b72ecf48-0c17-45b8-bac4-0e3ddbe0e034,2026-05-12 09:00:00+00:00,0.0,11.5,7.3,75.0,1021.0,0.0,0,0.5006298635583086,0.09731258764203791,4.501214350507058,-1.206096750177747
b72ecf48-0c17-45b8-bac4-0e3ddbe0e034,2026-05-12 10:00:00+00:00,0.0,11.1,7.3,77.0,1020.4,0.0,0,0.8126429945337887,1.5949016782971785,4.499314628203761,-0.07853582896777564
b72ecf48-0c17-45b8-bac4-0e3ddbe0e034,2026-05-12 11:00:00+00:00,0.0,10.9,6.2,73.0,1021.2,0.0,0,1.1029846833736732,0.19448595898696208,4.689772134972611,-1.614818046107497
b72ecf48-0c17-45b8-bac4-0e3ddbe0e034,2026-05-12 12:00:00+00:00,0.0,12.0,7.3,73.0,1022.0,0.0,0,1.0994403663195127,-0.4001635676910324,5.291722206106886,-3.705303778827758
b72ecf48-0c17-45b8-bac4-0e3ddbe0e034,2026-05-12 13:00:00+00:00,0.0,16.1,10.0,67.0,1022.2,0.0,0,1.3022755533022625,-1.092738936467117,4.490522002325494,-3.9035512224935176
b72ecf48-0c17-45b8-bac4-0e3ddbe0e034,2026-05-12 14:00:00+00:00,0.0,19.5,9.4,52.0,1022.0,0.0,0,1.7907211567188903,-1.2078566714968129,2.896280839862312,-2.1042712032070536
b72ecf48-0c17-45b8-bac4-0e3ddbe0e034,2026-05-12 15:00:00+00:00,0.0,21.7,8.3,42.0,1021.6,0.0,0,2.5126383982111973,-1.2802532092655217,3.2885700988441284,-1.822884172126227
b72ecf48-0c17-45b8-bac4-0e3ddbe0e034,2026-05-12 16:00:00+00:00,0.0,22.6,6.4,35.0,1021.7,0.0,0,2.710511071441188,-0.8806984339685999,3.4133220579135335,-1.1753010375903354
b72ecf48-0c17-45b8-bac4-0e3ddbe0e034,2026-05-12 17:00:00+00:00,0.0,23.4,6.7,34.0,1021.3,0.0,0,2.5012163021361316,-0.3071107453809714,2.8024586345386444,-0.39385987571698494
b72ecf48-0c17-45b8-bac4-0e3ddbe0e034,2026-05-12 18:00:00+00:00,0.0,24.3,6.1,31.0,1020.4,0.0,0,1.9972590695091477,0.10467191248588793,2.29859890214392,0.08026884241575248
b72ecf48-0c17-45b8-bac4-0e3ddbe0e034,2026-05-12 19:00:00+00:00,0.0,25.3,6.0,29.0,1019.6,0.0,0,1.6972539193066605,0.2083965772228022,1.8973961160336903,0.09943831686159353
b72ecf48-0c17-45b8-bac4-0e3ddbe0e034,2026-05-12 20:00:00+00:00,0.0,26.0,6.1,28.0,1019.0,0.0,0,1.6,9.797174393178826e-17,1.8,1.1021821192326179e-16
b72ecf48-0c17-45b8-bac4-0e3ddbe0e034,2026-05-12 21:00:00+00:00,0.0,26.2,6.3,28.0,1018.5,0.0,0,1.2968332653377714,0.09068341586736281,1.3965896703637537,0.09765906324177533
b72ecf48-0c17-45b8-bac4-0e3ddbe0e034,2026-05-12 22:00:00+00:00,0.0,26.2,6.8,29.0,1017.9,0.0,0,0.59690705223963,-0.4026188904989376,0.6957546151624548,-0.5054953169715268
b72ecf48-0c17-45b8-bac4-0e3ddbe0e034,2026-05-12 23:00:00+00:00,0.0,25.6,6.7,30.0,1017.4,0.0,0,-0.9850000000000002,-1.706070045455344,-1.1053659341616482,-1.9941329322778223
b72ecf48-0c17-45b8-bac4-0e3ddbe0e034,2026-05-13 00:00:00+00:00,0.0,24.3,7.4,34.0,1017.6,0.0,0,1.0013585629321304,-0.40457512088918507,1.1983312105318935,-0.38936141291243365
b72ecf48-0c17-45b8-bac4-0e3ddbe0e034,2026-05-13 01:00:00+00:00,0.0,21.5,9.1,45.0,1017.6,0.0,0,1.5949016782971785,-0.8126429945337887,1.7060182924028888,-0.6892761318852783
b72ecf48-0c17-45b8-bac4-0e3ddbe0e034,2026-05-13 02:00:00+00:00,0.0,19.2,10.5,57.0,1017.8,0.0,0,2.4031542398457972,-0.6890933895424977,2.601148936219457,-0.7952510368458438
b72ecf48-0c17-45b8-bac4-0e3ddbe0e034,2026-05-13 03:00:00+00:00,0.0,17.7,10.4,62.0,1017.9,0.0,0,1.9941329322778223,-1.1053659341616482,2.4908515867979095,-1.6175779339946306
b72ecf48-0c17-45b8-bac4-0e3ddbe0e034,2026-05-13 04:00:00+00:00,0.0,17.0,9.7,62.0,1018.3,0.0,0,1.095877426079672,-1.402659141419965,0.6128091937224633,-1.596422529310215
b72ecf48-0c17-45b8-bac4-0e3ddbe0e034,2026-05-13 05:00:00+00:00,0.0,16.5,9.2,62.0,1018.1,0.0,0,0.794522332072515,-1.7038586396289017,-0.6043441142892,-1.2960201354624095
b72ecf48-0c17-45b8-bac4-0e3ddbe0e034,2026-05-13 06:00:00+00:00,0.0,16.3,6.7,53.0,1018.0,0.0,0,-0.6043441142892,-1.2960201354624095,-2.6983552329515588,-0.09422864109675207
b72ecf48-0c17-45b8-bac4-0e3ddbe0e034,2026-05-13 07:00:00+00:00,0.0,15.8,5.4,50.0,1017.9,0.0,0,-0.5072853284009408,-1.8932146195265738,-2.4988515017056985,0.39577919655178356
b72ecf48-0c17-45b8-bac4-0e3ddbe0e034,2026-05-13 08:00:00+00:00,0.0,15.3,4.9,50.0,1017.6,0.0,0,-0.6006193150981195,-2.601568072976578,-2.6001760828981215,-0.8953124247571808
b72ecf48-0c17-45b8-bac4-0e3ddbe0e034,2026-05-13 09:00:00+00:00,0.0,14.1,6.4,60.0,1017.6,0.0,0,-0.319297679721486,-2.600470917300264,-2.4075235609106427,-2.092828302479718
b72ecf48-0c17-45b8-bac4-0e3ddbe0e034,2026-05-13 10:00:00+00:00,0.0,13.5,6.8,64.0,1017.3,0.0,0,-0.7138292570061282,-2.196940552641805,-3.100939694865283,-2.891673046664994
b72ecf48-0c17-45b8-bac4-0e3ddbe0e034,2026-05-13 11:00:00+00:00,0.0,14.1,7.8,66.0,1017.8,0.0,0,-0.48859247342173484,-2.298646861724443,-3.5225064727628492,-3.1716790741409877
b72ecf48-0c17-45b8-bac4-0e3ddbe0e034,2026-05-13 12:00:00+00:00,0.0,15.1,9.4,69.0,1018.4,0.0,0,-0.5154418553777882,-1.7975593714046565,-4.17354397863193,-3.6280064303175052
b72ecf48-0c17-45b8-bac4-0e3ddbe0e034,2026-05-13 13:00:00+00:00,0.0,17.3,10.9,66.0,1018.4,0.0,0,-1.489253995808451,-1.7131907471056926,-4.604301418020379,-2.990068302232498
b72ecf48-0c17-45b8-bac4-0e3ddbe0e034,2026-05-13 14:00:00+00:00,0.0,21.0,10.2,50.0,1018.2,0.0,0,-2.6001760828981215,-0.8953124247571808,-3.5997971444839467,-0.8975302326747675
b72ecf48-0c17-45b8-bac4-0e3ddbe0e034,2026-05-13 15:00:00+00:00,0.0,23.3,10.0,43.0,1017.6,0.0,0,-3.296357414472925,-0.7006623980558505,-4.402090655964569,-0.7762073541711786
b72ecf48-0c17-45b8-bac4-0e3ddbe0e034,2026-05-13 16:00:00+00:00,0.0,22.8,12.3,52.0,1017.6,0.0,0,-2.6915053242046327,1.61721955521757,-3.438549328576239,2.233020043561609
b72ecf48-0c17-45b8-bac4-0e3ddbe0e034,2026-05-13 17:00:00+00:00,0.0,24.5,12.4,47.0,1017.5,0.0,0,-1.8070246910352292,2.8918440078934124,-2.0985378856529318,3.9467757400794032
b72ecf48-0c17-45b8-bac4-0e3ddbe0e034,2026-05-13 18:00:00+00:00,0.0,25.6,12.1,43.0,1017.0,0.0,0,-0.6077686218342564,3.446827135542728,-0.7680932233475347,4.849549752322126
b72ecf48-0c17-45b8-bac4-0e3ddbe0e034,2026-05-13 19:00:00+00:00,0.0,26.2,11.6,40.0,1016.6,0.0,0,-0.7002690130319189,3.602571763252927,-1.0284604850795758,5.290970518782909
b72ecf48-0c17-45b8-bac4-0e3ddbe0e034,2026-05-13 20:00:00+00:00,10.0,26.5,10.2,36.0,1016.2,0.0,0,-1.2045352449202853,4.200713611250453,-2.0117006333809093,6.1913779210814495
b72ecf48-0c17-45b8-bac4-0e3ddbe0e034,2026-05-13 21:00:00+00:00,10.0,26.2,9.1,34.0,1015.8,0.0,0,-1.6148180461074972,4.689772134972611,-2.723596416544286,7.095211241378731
b72ecf48-0c17-45b8-bac4-0e3ddbe0e034,2026-05-13 22:00:00+00:00,10.0,25.8,8.8,34.0,1015.6,0.0,0,-1.6145544176225821,3.996162413182853,-2.586845049962089,5.810149110606942
b72ecf48-0c17-45b8-bac4-0e3ddbe0e034,2026-05-13 23:00:00+00:00,0.0,25.0,8.9,36.0,1015.5,0.0,0,-1.3044593363448949,3.3982327524498137,-2.3525294066519296,5.822714606679424
b72ecf48-0c17-45b8-bac4-0e3ddbe0e034,2026-05-14 00:00:00+00:00,0.0,24.2,3.5,26.0,1016.2,0.0,0,-1.0171588472529063,3.7960884973160387,-2.155484122488932,7.517066462237654
b72ecf48-0c17-45b8-bac4-0e3ddbe0e034,2026-05-14 01:00:00+00:00,0.0,20.6,5.0,36.0,1016.6,0.0,0,-0.30522311274154795,2.904003934475358,-1.1370442348437382,8.090490121618629
b72ecf48-0c17-45b8-bac4-0e3ddbe0e034,2026-05-14 02:00:00+00:00,0.0,18.3,5.2,42.0,1016.8,0.0,0,0.1960156912209921,2.803154981230106,-0.5291165176161675,10.096144596368742
b72ecf48-0c17-45b8-bac4-0e3ddbe0e034,2026-05-14 03:00:00+00:00,0.0,16.8,6.0,49.0,1016.7,0.0,0,0.39577919655178406,2.4988515017056985,0.4610797745003352,8.797926201187796
b72ecf48-0c17-45b8-bac4-0e3ddbe0e034,2026-05-14 04:00:00+00:00,0.0,15.6,5.8,52.0,1017.1,0.0,0,0.9174219508359687,2.3899658918328366,2.5674849274170057,9.581984196787557
b72ecf48-0c17-45b8-bac4-0e3ddbe0e034,2026-05-14 05:00:00+00:00,0.0,14.5,5.6,55.0,1017.3,0.0,0,0.9843026762434365,2.210780007495094,2.7482940243937257,8.989264706052534
b72ecf48-0c17-45b8-bac4-0e3ddbe0e034,2026-05-14 06:00:00+00:00,0.0,13.8,4.9,55.0,1017.2,0.0,0,1.0999999999999999,1.9052558883257653,2.4338778518641027,8.487940775135355
b72ecf48-0c17-45b8-bac4-0e3ddbe0e034,2026-05-14 07:00:00+00:00,0.0,12.9,5.6,61.0,1017.5,0.0,0,1.5041230066665017,1.7925439968984085,3.930349834188505,8.428662419440846
b72ecf48-0c17-45b8-bac4-0e3ddbe0e034,2026-05-14 08:00:00+00:00,0.0,12.2,5.8,65.0,1017.6,0.0,0,1.3974057317497803,1.6075314058745043,3.8362197227991697,7.529005129391708
b72ecf48-0c17-45b8-bac4-0e3ddbe0e034,2026-05-14 09:00:00+00:00,0.0,11.6,5.9,68.0,1017.7,0.0,0,1.5980613254815974,1.5980613254815974,4.838162882449161,7.742679117908169
b72ecf48-0c17-45b8-bac4-0e3ddbe0e034,2026-05-14 10:00:00+00:00,0.0,11.0,5.8,70.0,1017.9,0.0,0,1.905255888325765,1.1000000000000003,5.640771011605175,6.264710878774434
b72ecf48-0c17-45b8-bac4-0e3ddbe0e034,2026-05-14 11:00:00+00:00,0.0,10.5,5.8,73.0,1018.7,0.0,0,2.392652557776756,1.1157122109954465,6.980164754502575,4.030000000000001
b72ecf48-0c17-45b8-bac4-0e3ddbe0e034,2026-05-14 12:00:00+00:00,0.0,11.7,7.6,76.0,1019.8,0.0,0,2.2020763464146316,0.5083893828171346,6.893654271085456,1.2155372436685128
b72ecf48-0c17-45b8-bac4-0e3ddbe0e034,2026-05-14 13:00:00+00:00,0.0,14.7,8.8,68.0,1020.1,0.0,0,3.297989729163016,-0.11516833911825315,4.897015052393569,-0.1710075338422547
b72ecf48-0c17-45b8-bac4-0e3ddbe0e034,2026-05-14 14:00:00+00:00,0.0,17.0,9.7,62.0,1020.1,0.0,0,3.1977849808745034,-0.2797699342199829,4.303561095756341,-0.3765128086698836
b72ecf48-0c17-45b8-bac4-0e3ddbe0e034,2026-05-14 15:00:00+00:00,0.0,19.1,9.3,53.0,1020.3,0.0,0,2.6036421711781412,-0.1820643964721671,3.1977849808745034,-0.2797699342199829
b72ecf48-0c17-45b8-bac4-0e3ddbe0e034,2026-05-14 16:00:00+00:00,0.0,20.3,7.5,44.0,1020.4,0.0,0,2.9014854414128015,0.4077771858129918,3.493762453777453,0.42898008878611915
b72ecf48-0c17-45b8-bac4-0e3ddbe0e034,2026-05-14 17:00:00+00:00,0.0,21.3,6.7,39.0,1019.8,0.0,0,2.4456688626109404,0.5646271464031009,3.245625915867123,0.3985127529348323
b72ecf48-0c17-45b8-bac4-0e3ddbe0e034,2026-05-14 18:00:00+00:00,0.0,22.0,6.2,36.0,1019.1,0.0,0,1.9245740922468746,0.9806194794374211,3.100621902387909,0.8308091347790916
b72ecf48-0c17-45b8-bac4-0e3ddbe0e034,2026-05-14 19:00:00+00:00,0.0,22.4,7.0,37.0,1017.8,0.0,0,1.5980613254815974,1.5980613254815974,3.9902608960043566,0.6319952387625329
b72ecf48-0c17-45b8-bac4-0e3ddbe0e034,2026-05-14 20:00:00+00:00,0.0,22.8,7.0,36.0,1017.2,0.0,0,2.4917680726933025,0.8096245252623624,1.899536820153402,-0.19964936484121829
b72ecf48-0c17-45b8-bac4-0e3ddbe0e034,2026-05-14 21:00:00+00:00,0.0,23.4,7.1,35.0,1016.7,0.0,0,1.1116573269018724,1.1921065336392478,1.0994403663195127,0.4001635676910325
b72ecf48-0c17-45b8-bac4-0e3ddbe0e034,2026-05-14 22:00:00+00:00,0.0,23.0,7.2,36.0,1016.1,0.0,0,1.5010109078601757,0.7981016567360144,1.792840919204833,0.4139099399927115
b72ecf48-0c17-45b8-bac4-0e3ddbe0e034,2026-05-14 23:00:00+00:00,0.0,22.3,8.1,40.0,1015.6,0.0,0,2.0044993802705515,0.6902044874491724,3.7955017997295504,0.33206337986857754
b72ecf48-0c17-45b8-bac4-0e3ddbe0e034,2026-05-15 00:00:00+00:00,0.0,23.5,5.4,31.0,1015.6,0.0,0,2.500448692210281,-0.21876091429662214,3.3970239204928525,-0.29720108276951457
b72ecf48-0c17-45b8-bac4-0e3ddbe0e034,2026-05-15 01:00:00+00:00,0.0,20.2,7.2,43.0,1015.4,0.0,0,2.5012163021361316,-0.3071107453809714,5.505890462203131,-0.7738024413379633
b72ecf48-0c17-45b8-bac4-0e3ddbe0e034,2026-05-15 02:00:00+00:00,0.0,18.4,8.1,51.0,1015.5,0.0,0,2.5041310664980543,-0.5781242096637331,6.2097505557615404,-1.7806173185778138
b72ecf48-0c17-45b8-bac4-0e3ddbe0e034,2026-05-15 03:00:00+00:00,0.0,17.1,9.1,59.0,1015.3,0.0,0,2.499280409439629,-0.7166571251241975,6.669051823539818,-3.2527139091749553
b72ecf48-0c17-45b8-bac4-0e3ddbe0e034,2026-05-15 04:00:00+00:00,0.0,16.3,8.8,61.0,1015.7,0.0,0,3.0100508707894797,-1.2776907901599255,7.2802317750232515,-3.5508062889915277
b72ecf48-0c17-45b8-bac4-0e3ddbe0e034,2026-05-15 05:00:00+00:00,0.0,15.7,7.9,60.0,1015.2,0.0,0,3.0961537632734615,-1.716226055672033,7.62395238444627,-4.763974185456511
b72ecf48-0c17-45b8-bac4-0e3ddbe0e034,2026-05-15 06:00:00+00:00,0.0,15.3,7.3,59.0,1014.9,0.0,0,2.48660258550518,-2.3187944242124945,6.3839104245181835,-6.610732765112205
b72ecf48-0c17-45b8-bac4-0e3ddbe0e034,2026-05-15 07:00:00+00:00,0.0,14.8,7.1,60.0,1015.1,0.0,0,1.8839241144965146,-2.411312906036569,4.965632982820233,-7.36185364428877
b72ecf48-0c17-45b8-bac4-0e3ddbe0e034,2026-05-15 08:00:00+00:00,0.0,14.5,7.1,61.0,1015.0,0.0,0,2.018989055955682,-2.8834151958972516,4.6008432961377395,-8.300141020752866
b72ecf48-0c17-45b8-bac4-0e3ddbe0e034,2026-05-15 09:00:00+00:00,0.0,14.5,7.3,62.0,1015.0,0.0,0,1.6799999999999997,-2.909845356715714,3.9134451037188773,-8.392410107959378
b72ecf48-0c17-45b8-bac4-0e3ddbe0e034,2026-05-15 10:00:00+00:00,0.0,14.6,7.6,63.0,1014.4,0.0,0,1.5238514011081676,-3.5899689284645175,3.0499977344807316,-9.386927815833165
b72ecf48-0c17-45b8-bac4-0e3ddbe0e034,2026-05-15 11:00:00+00:00,0.0,14.3,8.3,67.0,1014.7,0.0,0,0.9757562395921773,-3.402866403621649,2.170777674418299,-9.40267112517752
b72ecf48-0c17-45b8-bac4-0e3ddbe0e034,2026-05-15 12:00:00+00:00,0.0,15.4,9.6,68.0,1015.0,0.0,0,1.412266857177989,-3.4954831317167883,2.574452903330773,-8.978184240063898
b72ecf48-0c17-45b8-bac4-0e3ddbe0e034,2026-05-15 13:00:00+00:00,0.0,18.2,11.3,64.0,1015.2,0.0,0,0.38522838294464923,-4.403180565565515,0.44014539200315744,-8.398474387285965
b72ecf48-0c17-45b8-bac4-0e3ddbe0e034,2026-05-15 14:00:00+00:00,0.0,18.7,11.5,63.0,1015.1,0.0,0,0.4026595314941809,-4.602419505183865,0.6438522526582786,-9.207516183898178
b72ecf48-0c17-45b8-bac4-0e3ddbe0e034,2026-05-15 15:00:00+00:00,0.0,22.4,13.2,56.0,1014.9,0.0,0,0.19543718153400638,-5.596588631306936,0.15881689857927928,-9.09861402592316
b72ecf48-0c17-45b8-bac4-0e3ddbe0e034,2026-05-15 16:00:00+00:00,15.0,25.2,13.7,49.0,1015.2,0.0,0,-0.5414574397264451,-5.151623418007655,-1.0424065261908908,-7.417107834874361
b72ecf48-0c17-45b8-bac4-0e3ddbe0e034,2026-05-15 17:00:00+00:00,85.0,26.8,14.6,47.0,1014.4,0.0,0,-0.5728159787067412,-5.449979986618138,-1.9307900764648052,-7.20580666411645
b72ecf48-0c17-45b8-bac4-0e3ddbe0e034,2026-05-15 18:00:00+00:00,322.5,27.7,15.6,48.0,1013.4,0.0,0,-1.5435691925751942,-5.383065497254585,-2.702215681994401,-7.8478041774743295
b72ecf48-0c17-45b8-bac4-0e3ddbe0e034,2026-05-15 19:00:00+00:00,790.0,28.1,16.4,49.0,1012.5,0.0,0,-1.6197392441639618,-5.297928348035216,-3.427650329755595,-8.483732269286106
b72ecf48-0c17-45b8-bac4-0e3ddbe0e034,2026-05-15 20:00:00+00:00,1350.0,28.8,17.1,49.0,1011.8,0.0,0,-1.5794020488314044,-5.508029517726568,-3.606448315955995,-8.496259797366026
b72ecf48-0c17-45b8-bac4-0e3ddbe0e034,2026-05-15 21:00:00+00:00,1860.0,29.8,17.6,48.0,1011.5,0.0,0,-1.4326213531414103,-4.685893304218874,-4.7587316085360545,-7.055109742443405
b72ecf48-0c17-45b8-bac4-0e3ddbe0e034,2026-05-15 22:00:00+00:00,2120.0,28.1,18.2,55.0,1010.9,0.0,0,0.6820542675754071,-4.3063211649948006,-3.0477028022163335,-7.179937856929035
b72ecf48-0c17-45b8-bac4-0e3ddbe0e034,2026-05-15 23:00:00+00:00,2100.0,27.8,18.8,58.0,1010.0,0.0,0,1.296701360414219,-5.200785092839341,-1.0400582095131523,-9.895492858914318
b72ecf48-0c17-45b8-bac4-0e3ddbe0e034,2026-05-16 00:00:00+00:00,1370.0,28.5,16.1,47.0,1012.7,0.0,0,0.7028241598483299,-5.00085374714493,1.0931680103441737,-8.903138980222659
b72ecf48-0c17-45b8-bac4-0e3ddbe0e034,2026-05-16 01:00:00+00:00,1210.0,26.3,16.2,54.0,1012.4,0.0,0,1.0973927512346893,-4.095525503465649,2.0088129152907164,-8.70112467853215
b72ecf48-0c17-45b8-bac4-0e3ddbe0e034,2026-05-16 02:00:00+00:00,1130.0,24.9,16.4,59.0,1013.1,0.0,0,0.6889068497523234,-4.901826940270773,1.275972025451895,-10.391958207684642
b72ecf48-0c17-45b8-bac4-0e3ddbe0e034,2026-05-16 03:00:00+00:00,1180.0,24.4,16.7,62.0,1013.2,0.0,0,0.7482777685076059,-6.094233371077717,1.2919718059882002,-12.292290626751857
b72ecf48-0c17-45b8-bac4-0e3ddbe0e034,2026-05-16 04:00:00+00:00,1280.0,24.1,17.3,66.0,1013.7,0.0,0,0.3459406707658586,-6.600941224727733,0.2199003211097713,-12.59808095897053
b72ecf48-0c17-45b8-bac4-0e3ddbe0e034,2026-05-16 05:00:00+00:00,1390.0,23.3,17.8,71.0,1013.3,0.0,0,-0.589847622080913,-4.803923373943999,-1.4627092910902886,-10.407717402473903
b72ecf48-0c17-45b8-bac4-0e3ddbe0e034,2026-05-16 06:00:00+00:00,1480.0,22.7,18.2,76.0,1012.9,0.0,0,0.08202631025523216,-4.699284167235039,-0.5291165176161594,-10.096144596368742
b72ecf48-0c17-45b8-bac4-0e3ddbe0e034,2026-05-16 07:00:00+00:00,1470.0,22.2,18.4,79.0,1013.3,0.0,0,-0.589847622080913,-4.803923373943999,-1.2406299158643996,-10.10411982370866
b72ecf48-0c17-45b8-bac4-0e3ddbe0e034,2026-05-16 08:00:00+00:00,1550.0,22.1,18.9,82.0,1013.6,0.0,0,-0.16751758417200432,-4.79707596969166,-0.8924748057360173,-10.201033708459475
b72ecf48-0c17-45b8-bac4-0e3ddbe0e034,2026-05-16 09:00:00+00:00,1600.0,22.1,19.1,83.0,1013.7,0.0,0,-0.7167414699443375,-5.099880554019087,-1.6331758150200086,-10.311466275813238
b72ecf48-0c17-45b8-bac4-0e3ddbe0e034,2026-05-16 10:00:00+00:00,1650.0,21.8,19.2,85.0,1013.8,0.0,0,-0.7167414699443375,-5.099880554019087,-1.6003245773615604,-10.10405172428826
b72ecf48-0c17-45b8-bac4-0e3ddbe0e034,2026-05-16 11:00:00+00:00,1670.0,21.7,19.4,87.0,1014.8,0.0,0,-1.2923927472848966,-3.1987842982554167,-3.149292895623545,-7.41926911882667
b72ecf48-0c17-45b8-bac4-0e3ddbe0e034,2026-05-16 12:00:00+00:00,1610.0,21.7,19.5,87.0,1015.6,0.0,0,-0.6811881134942647,-3.50440904490816,-1.8434448444694664,-7.3936534342230935
b72ecf48-0c17-45b8-bac4-0e3ddbe0e034,2026-05-16 13:00:00+00:00,1660.0,22.7,19.7,83.0,1015.9,0.0,0,-1.9764752793286005,-3.7172093659360823,-3.350449888077854,-6.575628148510155
b72ecf48-0c17-45b8-bac4-0e3ddbe0e034,2026-05-16 14:00:00+00:00,1320.0,24.6,19.0,71.0,1016.7,0.0,0,-3.1975517724710536,-4.401052449399715,-4.79632765870658,-6.601578674099572
b72ecf48-0c17-45b8-bac4-0e3ddbe0e034,2026-05-16 15:00:00+00:00,1070.0,25.9,18.0,62.0,1016.8,0.0,0,-3.4646252162104463,-4.128979548411292,-5.025412162067284,-5.781075384506434
b72ecf48-0c17-45b8-bac4-0e3ddbe0e034,2026-05-16 16:00:00+00:00,1115.0,26.8,17.8,58.0,1016.5,0.0,0,-1.7169411194948565,-4.71725695634526,-3.5245659391908695,-6.358485270903407
b72ecf48-0c17-45b8-bac4-0e3ddbe0e034,2026-05-16 17:00:00+00:00,1195.0,28.6,17.6,52.0,1015.6,0.0,0,-1.5291040156999134,-5.001473873686676,-3.4718994825694933,-7.118448846689402
b72ecf48-0c17-45b8-bac4-0e3ddbe0e034,2026-05-16 18:00:00+00:00,1695.0,28.9,18.2,52.0,1015.0,0.0,0,-2.221417098956358,-5.49820025758105,-2.595932887841825,-7.132266991765045
b72ecf48-0c17-45b8-bac4-0e3ddbe0e034,2026-05-16 19:00:00+00:00,2180.0,27.5,18.5,58.0,1014.3,0.0,0,-1.52345378226849,-4.688708625335107,-3.2956903707569536,-6.198292101869666
b72ecf48-0c17-45b8-bac4-0e3ddbe0e034,2026-05-16 20:00:00+00:00,2190.0,29.0,18.5,53.0,1013.5,0.0,0,-1.0187672850070217,-4.792923243595648,-1.473304344201975,-5.909100973020818
b72ecf48-0c17-45b8-bac4-0e3ddbe0e034,2026-05-16 21:00:00+00:00,2190.0,29.6,18.4,51.0,1012.9,0.0,0,0.2726703320257372,-5.202859876071329,1.550326080164101,-5.785895699471519
b72ecf48-0c17-45b8-bac4-0e3ddbe0e034,2026-05-16 22:00:00+00:00,2050.0,29.3,18.5,52.0,1012.0,0.0,0,0.5780424018701252,-5.4997060813865515,3.9168738728199584,-8.797442757098246
b72ecf48-0c17-45b8-bac4-0e3ddbe0e034,2026-05-16 23:00:00+00:00,1790.0,28.9,18.4,53.0,1012.7,0.0,0,0.45495297714277577,-5.200136324038912,1.0293387799647198,-6.498989281116006
b72ecf48-0c17-45b8-bac4-0e3ddbe0e034,2026-05-17 00:00:00+00:00,1780.0,28.3,17.2,51.0,1013.8,0.0,0,0.9757562395921773,-3.402866403621649,1.4779284270391944,-6.401611325638995
b72ecf48-0c17-45b8-bac4-0e3ddbe0e034,2026-05-17 01:00:00+00:00,1250.0,26.3,16.3,54.0,1013.7,0.0,0,0.7785007011363035,-4.005038908466469,1.2219398264293735,-8.694553643550988
b72ecf48-0c17-45b8-bac4-0e3ddbe0e034,2026-05-17 02:00:00+00:00,900.0,24.7,15.6,57.0,1013.8,0.0,0,-0.12912813779925333,-3.6977460599706546,-0.48201415699751027,-9.197378015089626
b72ecf48-0c17-45b8-bac4-0e3ddbe0e034,2026-05-17 03:00:00+00:00,850.0,23.7,16.5,64.0,1013.3,0.0,0,1.1802148456674957,-4.404621767878151,1.504899553687022,-9.501561836525223
b72ecf48-0c17-45b8-bac4-0e3ddbe0e034,2026-05-17 04:00:00+00:00,350.0,22.9,15.5,63.0,1013.4,0.0,0,0.974945239266661,-3.910291776892266,2.166278653331422,-9.383183723881816
b72ecf48-0c17-45b8-bac4-0e3ddbe0e034,2026-05-17 05:00:00+00:00,40.0,21.5,13.9,62.0,1013.2,0.0,0,0.8338353097955016,-4.289710791666292,1.4195656297926662,-10.100734301164017
b72ecf48-0c17-45b8-bac4-0e3ddbe0e034,2026-05-17 06:00:00+00:00,30.0,20.5,14.4,68.0,1012.9,0.0,0,0.974945239266661,-3.910291776892266,1.336061769216627,-9.506573459919075
b72ecf48-0c17-45b8-bac4-0e3ddbe0e034,2026-05-17 07:00:00+00:00,60.0,20.1,15.3,74.0,1013.0,0.0,0,0.1784656107884384,-3.405326713513097,-0.153581176648096,-8.798659717376244
b72ecf48-0c17-45b8-bac4-0e3ddbe0e034,2026-05-17 08:00:00+00:00,90.0,19.5,15.8,79.0,1013.3,0.0,0,0.9994942341834707,-2.9027420270899027,0.7260073370879928,-8.29830183510424
b72ecf48-0c17-45b8-bac4-0e3ddbe0e034,2026-05-17 09:00:00+00:00,130.0,19.8,16.1,79.0,1014.0,0.0,0,0.5224911132343715,-3.29887905758776,0.4296782007545687,-8.198748480335052
b72ecf48-0c17-45b8-bac4-0e3ddbe0e034,2026-05-17 10:00:00+00:00,110.0,19.8,16.2,80.0,1014.2,0.0,0,0.3059166570442802,-3.496643390302027,-0.1431097327857258,-8.198751100282408
b72ecf48-0c17-45b8-bac4-0e3ddbe0e034,2026-05-17 11:00:00+00:00,60.0,19.8,15.8,78.0,1014.9,0.0,0,0.4667595852417151,-3.8014517607862635,0.2725650692465339,-7.805242359019138
b72ecf48-0c17-45b8-bac4-0e3ddbe0e034,2026-05-17 12:00:00+00:00,60.0,20.1,16.1,78.0,1015.8,0.0,0,0.5033203882632593,-4.099215606278659,0.40351022263309677,-7.699433712957764
b72ecf48-0c17-45b8-bac4-0e3ddbe0e034,2026-05-17 13:00:00+00:00,150.0,20.8,17.5,81.0,1016.4,0.0,0,-0.11167838944800289,-3.1980506464611067,-0.3197726926443852,-6.101626457350447
b72ecf48-0c17-45b8-bac4-0e3ddbe0e034,2026-05-17 14:00:00+00:00,400.0,22.7,18.4,77.0,1016.5,0.0,0,-0.6179161369089115,-3.9013689453507943,-1.0227877664582203,-5.800517665241905
b72ecf48-0c17-45b8-bac4-0e3ddbe0e034,2026-05-17 15:00:00+00:00,710.0,25.4,19.1,68.0,1016.1,0.0,0,-0.7618358447459237,-4.810042218698321,-1.0465465711191437,-6.607634998581472
b72ecf48-0c17-45b8-bac4-0e3ddbe0e034,2026-05-17 16:00:00+00:00,587.5,26.9,17.9,58.0,1015.9,0.0,0,-0.5072464227913692,-5.79785314289396,-0.6955028271263104,-7.94963369077213
b72ecf48-0c17-45b8-bac4-0e3ddbe0e034,2026-05-17 17:00:00+00:00,325.0,28.2,15.8,47.0,1015.2,0.0,0,-0.3983094650789553,-5.696090726983596,-0.2791959736200072,-7.995126616152766
b72ecf48-0c17-45b8-bac4-0e3ddbe0e034,2026-05-17 18:00:00+00:00,242.5,29.3,14.5,40.0,1014.5,0.0,0,-0.30302518664664324,-5.782065006228983,-0.7565118470496709,-8.646969979436351
b72ecf48-0c17-45b8-bac4-0e3ddbe0e034,2026-05-17 19:00:00+00:00,200.0,29.8,14.0,38.0,1013.9,0.0,0,-0.3773825229557177,-5.396821511905649,-0.9041712072652028,-8.602614394935564
b72ecf48-0c17-45b8-bac4-0e3ddbe0e034,2026-05-17 20:00:00+00:00,130.0,30.3,14.0,37.0,1013.5,0.0,0,-0.37110444031874645,-5.307040747382265,-1.0444202729821124,-8.50612051956613
b72ecf48-0c17-45b8-bac4-0e3ddbe0e034,2026-05-17 21:00:00+00:00,160.0,30.3,13.6,36.0,1013.1,0.0,0,-0.7445760901363505,-5.297934167767401,-1.3140495063379383,-8.296582060999157
b72ecf48-0c17-45b8-bac4-0e3ddbe0e034,2026-05-17 22:00:00+00:00,70.0,30.1,13.4,36.0,1012.8,0.0,0,-0.7915583931035675,-4.997703003411397,-1.1676623170549498,-8.308349096741775
b72ecf48-0c17-45b8-bac4-0e3ddbe0e034,2026-05-17 23:00:00+00:00,80.0,29.4,13.6,38.0,1012.8,0.0,0,-1.014529255090831,-4.394408992181411,-1.4177108356477273,-7.293489973016143
b72ecf48-0c17-45b8-bac4-0e3ddbe0e034,2026-05-18 00:00:00+00:00,1060.0,29.4,16.9,47.0,1013.3,0.0,0,0.42020442233596794,-3.9979780193804584,0.8348050023252607,-6.798941138743055
b72ecf48-0c17-45b8-bac4-0e3ddbe0e034,2026-05-18 01:00:00+00:00,940.0,26.9,17.1,55.0,1013.5,0.0,0,1.2099792967333964,-2.994803850250723,2.2921941650262547,-7.497429286750198
b72ecf48-0c17-45b8-bac4-0e3ddbe0e034,2026-05-18 02:00:00+00:00,720.0,25.0,17.5,63.0,1014.1,0.0,0,0.7221051358360336,-2.6949330553465005,1.0688494153733017,-7.60525876793526
b72ecf48-0c17-45b8-bac4-0e3ddbe0e034,2026-05-18 03:00:00+00:00,420.0,23.8,17.1,66.0,1014.2,0.0,0,1.4800090291509227,-2.9046812688540786,3.4696924209847513,-8.174083098657672
b72ecf48-0c17-45b8-bac4-0e3ddbe0e034,2026-05-18 04:00:00+00:00,50.0,22.9,15.5,63.0,1015.1,0.0,0,1.5768189779993211,-4.107753876587688,3.4086985771664295,-9.899579486524848
c536e9c4-0e73-4e79-8198-228468de0a95,2026-04-20 00:00:00+00:00,0.0,21.2,1.9,28.0,1023.8,0.0,0,3.2988790575877602,0.5224911132343713,4.099988246567878,0.2866991070883547
c536e9c4-0e73-4e79-8198-228468de0a95,2026-04-20 01:00:00+00:00,0.0,18.8,4.2,38.0,1023.3,0.0,0,1.3,7.960204194457797e-17,2.5041310664980543,-0.5781242096637331
c536e9c4-0e73-4e79-8198-228468de0a95,2026-04-20 02:00:00+00:00,0.0,16.8,2.4,38.0,1023.4,0.0,0,1.2960201354624095,0.6043441142892002,3.2,1.9594348786357652e-16
c536e9c4-0e73-4e79-8198-228468de0a95,2026-04-20 03:00:00+00:00,0.0,15.5,3.3,44.0,1024.2,0.0,0,1.204979775526068,-0.1908500473490816,3.299005469338388,-0.8225344450388704
c536e9c4-0e73-4e79-8198-228468de0a95,2026-04-20 04:00:00+00:00,0.0,13.5,5.6,59.0,1024.5,0.0,0,0.59690705223963,-0.4026188904989376,3.1992664882393744,-1.4918424639446686
c536e9c4-0e73-4e79-8198-228468de0a95,2026-04-20 05:00:00+00:00,0.0,13.0,5.1,59.0,1024.4,0.0,0,0.6025945476447633,1.0028857418214714,3.999390780625565,-0.06980962574913391
c536e9c4-0e73-4e79-8198-228468de0a95,2026-04-20 06:00:00+00:00,0.0,12.3,5.5,63.0,1024.5,0.0,0,1.3965896703637537,-0.09765906324177545,5.797730559293459,-0.9182703097861549
c536e9c4-0e73-4e79-8198-228468de0a95,2026-04-20 07:00:00+00:00,0.0,11.5,5.4,66.0,1024.6,0.0,0,1.105390003747547,-0.4921513381217183,4.303128959125828,-2.385263331611978
c536e9c4-0e73-4e79-8198-228468de0a95,2026-04-20 08:00:00+00:00,0.0,10.9,6.2,73.0,1024.3,0.0,0,0.6018150231520482,-0.7986355100472929,2.907460206650249,-3.5904143419312056
c536e9c4-0e73-4e79-8198-228468de0a95,2026-04-20 09:00:00+00:00,0.0,10.8,4.9,67.0,1023.9,0.0,0,0.8964204596024165,-0.20695496999635585,3.194542040189171,-2.4072600926081935
c536e9c4-0e73-4e79-8198-228468de0a95,2026-04-20 10:00:00+00:00,0.0,10.8,5.3,69.0,1024.3,0.0,0,0.9035036904803959,-0.29356614465619996,2.3860779752203514,-3.4076725042422065
c536e9c4-0e73-4e79-8198-228468de0a95,2026-04-20 11:00:00+00:00,0.0,10.7,4.6,66.0,1024.8,0.0,0,1.102462525003354,-0.6888950435031662,2.8961606584119153,-2.7007135058474936
c536e9c4-0e73-4e79-8198-228468de0a95,2026-04-20 12:00:00+00:00,0.0,10.6,4.9,68.0,1024.7,0.0,0,1.193948742412413,-0.6083472696509927,2.7952242851655247,-2.1063525810321693
c536e9c4-0e73-4e79-8198-228468de0a95,2026-04-20 13:00:00+00:00,0.0,12.0,6.5,69.0,1025.2,0.0,0,1.7996845515559237,-0.8012711868593265,3.3758918823093675,-3.620200823014894
c536e9c4-0e73-4e79-8198-228468de0a95,2026-04-20 14:00:00+00:00,0.0,13.7,8.7,72.0,1025.6,0.0,0,1.9052558883257653,-1.0999999999999996,2.6949967773349894,-2.1055622456137515
c536e9c4-0e73-4e79-8198-228468de0a95,2026-04-20 15:00:00+00:00,0.0,16.1,8.8,62.0,1025.7,0.0,0,2.7052734267389993,-1.6904424529039233,3.1024799946318606,-2.6032898192304845
c536e9c4-0e73-4e79-8198-228468de0a95,2026-04-20 16:00:00+00:00,0.0,18.4,8.1,51.0,1025.6,0.0,0,2.8001428534987283,-2.800142853498728,3.525931521523117,-3.781098637371111
c536e9c4-0e73-4e79-8198-228468de0a95,2026-04-20 17:00:00+00:00,0.0,20.4,7.4,43.0,1025.9,0.0,0,2.631844562790378,-4.380124906587794,3.0699999999999994,-5.317395979236453
c536e9c4-0e73-4e79-8198-228468de0a95,2026-04-20 18:00:00+00:00,0.0,21.6,5.9,36.0,1025.7,0.0,0,2.521678732119576,-3.8830447295873127,2.9138188373303957,-4.486887538508018
c536e9c4-0e73-4e79-8198-228468de0a95,2026-04-20 19:00:00+00:00,0.0,21.9,7.3,39.0,1024.8,0.0,0,1.6088221087159136,-3.298574149917943,1.822180160979586,-4.092683650238852
c536e9c4-0e73-4e79-8198-228468de0a95,2026-04-20 20:00:00+00:00,0.0,21.8,9.0,44.0,1023.8,0.0,0,1.6810658215564733,-2.313788603912349,2.2781398156004116,-2.8132683804742347
c536e9c4-0e73-4e79-8198-228468de0a95,2026-04-20 21:00:00+00:00,0.0,22.3,5.7,34.0,1023.1,0.0,0,1.893639615995569,-2.1030998561010255,2.1906066842734555,-2.9070332565721464
c536e9c4-0e73-4e79-8198-228468de0a95,2026-04-20 22:00:00+00:00,0.0,21.4,7.9,42.0,1022.8,0.0,0,1.0786875281313535,-2.810077083756577,1.030883710755577,-3.595118742809313
c536e9c4-0e73-4e79-8198-228468de0a95,2026-04-20 23:00:00+00:00,0.0,22.4,5.8,34.0,1022.7,0.0,0,1.2923927472848973,-3.198784298255416,1.5768189779993211,-4.107753876587688
c536e9c4-0e73-4e79-8198-228468de0a95,2026-04-21 00:00:00+00:00,0.0,21.0,5.8,37.0,1022.2,0.0,0,1.3974057317497803,-1.6075314058745043,1.2798973974503303,-2.3089960268480048
c536e9c4-0e73-4e79-8198-228468de0a95,2026-04-21 01:00:00+00:00,0.0,20.0,7.4,44.0,1021.8,0.0,0,0.4083312501058063,-2.100682172578001,0.5654737533998846,-4.605414143615734
c536e9c4-0e73-4e79-8198-228468de0a95,2026-04-21 02:00:00+00:00,0.0,18.4,8.4,52.0,1022.1,0.0,0,0.4921513381217185,-1.1053900037475468,0.2099669859698178,-3.0026677912820707
c536e9c4-0e73-4e79-8198-228468de0a95,2026-04-21 03:00:00+00:00,0.0,17.2,7.8,54.0,1022.3,0.0,0,0.4011695199089076,-1.4971850307480556,-0.37651280866988235,-4.303561095756341
c536e9c4-0e73-4e79-8198-228468de0a95,2026-04-21 04:00:00+00:00,0.0,16.0,8.7,62.0,1022.8,0.0,0,-0.8851688353768922,-2.3059436534480886,-2.877860679877511,-5.4124687442252215
c536e9c4-0e73-4e79-8198-228468de0a95,2026-04-21 05:00:00+00:00,0.0,16.3,8.2,59.0,1023.3,0.0,0,-0.3892503505681512,-2.0025194542332345,-1.272509170854251,-5.103755520211741
c536e9c4-0e73-4e79-8198-228468de0a95,2026-04-21 06:00:00+00:00,0.0,15.4,9.1,66.0,1023.3,0.0,0,0.10458689129718983,-1.1954336377100947,-1.664849629134674,-5.806020643467446
c536e9c4-0e73-4e79-8198-228468de0a95,2026-04-21 07:00:00+00:00,0.0,15.7,10.0,69.0,1022.8,0.0,0,0.49737341533246143,-0.40276505027189585,-0.2093969802150054,-5.996344962114574
c536e9c4-0e73-4e79-8198-228468de0a95,2026-04-21 08:00:00+00:00,0.0,16.0,8.9,63.0,1022.3,0.0,0,-0.09068341586736287,-1.2968332653377714,0.39929872968243724,-3.799073640306804
c536e9c4-0e73-4e79-8198-228468de0a95,2026-04-21 09:00:00+00:00,0.0,15.5,10.2,71.0,1022.1,0.0,0,0.49715703440722514,-0.29872208344783147,2.816687638038912e-16,-2.3
c536e9c4-0e73-4e79-8198-228468de0a95,2026-04-21 10:00:00+00:00,0.0,15.5,11.5,77.0,1022.0,0.0,0,0.6888950435031664,-1.1024625250033537,0.37839303702890653,-3.6001692612331495
c536e9c4-0e73-4e79-8198-228468de0a95,2026-04-21 11:00:00+00:00,0.0,15.0,11.3,79.0,1022.1,0.4,0,0.8049999999999999,-1.3943009000929465,1.0867303380602147,-1.8086230044814566
c536e9c4-0e73-4e79-8198-228468de0a95,2026-04-21 12:00:00+00:00,0.0,15.1,11.2,78.0,1022.1,0.0,0,1.1002631123499287,-0.7993879431177634,1.7909790294005203,-1.6126047613248484
c536e9c4-0e73-4e79-8198-228468de0a95,2026-04-21 13:00:00+00:00,0.0,14.3,12.2,87.0,1023.0,0.4,0,0.8,4.898587196589413e-17,2.095550497145535,-0.600889435681058
c536e9c4-0e73-4e79-8198-228468de0a95,2026-04-21 14:00:00+00:00,0.0,14.0,12.8,93.0,1023.0,1.1,0,2.8004910619432484,-1.305890428778761,3.589968928464517,-1.5238514011081679
c536e9c4-0e73-4e79-8198-228468de0a95,2026-04-21 15:00:00+00:00,10.0,14.0,13.5,97.0,1023.0,0.4,0,1.3016872936859154,-2.004422657389563,1.6162537559112748,-2.586546693277099
c536e9c4-0e73-4e79-8198-228468de0a95,2026-04-21 16:00:00+00:00,10.0,14.5,14.2,98.0,1023.5,2.2,0,1.4899007702880933,-1.906986023728267,2.0859675041075545,-3.2121082752309738
c536e9c4-0e73-4e79-8198-228468de0a95,2026-04-21 17:00:00+00:00,0.0,15.0,13.7,92.0,1023.5,0.4,0,2.513182902141831,-2.1846765665383887,2.993972800674368,-3.2106427501081582
c536e9c4-0e73-4e79-8198-228468de0a95,2026-04-21 18:00:00+00:00,0.0,14.9,14.1,95.0,1022.5,0.7,0,3.7198546943761763,-4.279203319863117,4.898774288457672,-6.500893051784965
c536e9c4-0e73-4e79-8198-228468de0a95,2026-04-21 19:00:00+00:00,20.0,15.2,14.9,98.0,1021.5,0.7,0,3.1716790741409886,-3.5225064727628483,4.16187157320145,-5.32695269438144
c536e9c4-0e73-4e79-8198-228468de0a95,2026-04-21 20:00:00+00:00,20.0,16.0,14.9,93.0,1021.5,0.4,0,2.501218927180727,-4.00278701385833,3.7359308128440945,-5.9787390779028025
c536e9c4-0e73-4e79-8198-228468de0a95,2026-04-21 21:00:00+00:00,30.0,16.9,15.3,90.0,1020.8,0.0,0,2.7011479041326116,-2.701147904132611,3.6207571541216352,-4.983544685349676
c536e9c4-0e73-4e79-8198-228468de0a95,2026-04-21 22:00:00+00:00,20.0,16.9,14.7,87.0,1020.2,0.0,0,2.7961932762562434,-2.9985501766385987,3.887648822944967,-4.31767143602366
c536e9c4-0e73-4e79-8198-228468de0a95,2026-04-21 23:00:00+00:00,20.0,16.7,14.3,86.0,1019.9,0.0,0,2.605034721887331,-1.8926685123817633,4.021733326374634,-3.3746349508543316
c536e9c4-0e73-4e79-8198-228468de0a95,2026-04-22 00:00:00+00:00,20.0,16.7,14.3,86.0,1020.1,0.0,0,2.4917723426748384,-1.810378577060817,3.881368578829843,-2.9248210125189553
c536e9c4-0e73-4e79-8198-228468de0a95,2026-04-22 01:00:00+00:00,10.0,16.7,14.7,88.0,1020.0,0.0,0,2.497304884567868,-2.0954876075781184,4.421711711590496,-3.981327107835207
c536e9c4-0e73-4e79-8198-228468de0a95,2026-04-22 02:00:00+00:00,0.0,16.5,14.6,89.0,1019.9,0.0,0,1.786835703363746,-1.9161466982422266,3.2876322782390157,-4.207977424259895
c536e9c4-0e73-4e79-8198-228468de0a95,2026-04-22 03:00:00+00:00,0.0,16.3,15.0,92.0,1020.2,0.0,0,1.8086230044814569,-1.0867303380602145,3.4242186607418317,-2.8732606152988307
c536e9c4-0e73-4e79-8198-228468de0a95,2026-04-22 04:00:00+00:00,0.0,16.2,14.9,92.0,1019.9,0.0,0,2.0872638454873647,-1.5164859509145805,3.593859795212817,-2.7081676041842178
c536e9c4-0e73-4e79-8198-228468de0a95,2026-04-22 05:00:00+00:00,0.0,16.3,14.9,92.0,1019.3,0.0,0,2.092828302479718,-2.4075235609106427,3.562744937060125,-4.727922219479974
c536e9c4-0e73-4e79-8198-228468de0a95,2026-04-22 06:00:00+00:00,0.0,16.2,15.2,94.0,1019.2,0.0,0,1.1930389876101757,-1.7038362521211032,2.328578951418018,-4.379420060580278
c536e9c4-0e73-4e79-8198-228468de0a95,2026-04-22 07:00:00+00:00,0.0,16.1,15.1,94.0,1018.8,0.0,0,1.9986769399627442,-0.6110568628705195,3.5811233251269603,-2.3256086795141653
c536e9c4-0e73-4e79-8198-228468de0a95,2026-04-22 08:00:00+00:00,0.0,15.9,14.6,92.0,1018.1,0.0,0,2.210780007495094,-0.9843026762434366,3.592035455024767,-2.6097665201785807
c536e9c4-0e73-4e79-8198-228468de0a95,2026-04-22 09:00:00+00:00,0.0,15.9,14.9,94.0,1017.7,0.0,0,2.0044226573895636,-1.3016872936859147,2.784878351022029,-2.4208578169749715
c536e9c4-0e73-4e79-8198-228468de0a95,2026-04-22 10:00:00+00:00,0.0,15.9,15.2,96.0,1017.7,0.0,0,2.1943482897974076,-1.3184974717697389,3.292991218041746,-2.3057772741312053
c536e9c4-0e73-4e79-8198-228468de0a95,2026-04-22 11:00:00+00:00,0.0,16.0,15.5,97.0,1017.8,0.1,0,1.504470926480839,-0.7015463144895608,1.9081082163519587,-1.1923183445247107
c536e9c4-0e73-4e79-8198-228468de0a95,2026-04-22 12:00:00+00:00,10.0,16.1,15.3,95.0,1017.7,0.0,0,1.8070073809607918,-0.5871322893123999,2.8075398030299428,-1.191729941892285
c536e9c4-0e73-4e79-8198-228468de0a95,2026-04-22 13:00:00+00:00,10.0,15.9,15.6,98.0,1018.0,0.4,0,1.6065919900178998,-0.49118446393419757,2.5928289853881505,-1.321112354242081
c536e9c4-0e73-4e79-8198-228468de0a95,2026-04-22 14:00:00+00:00,10.0,16.3,15.9,98.0,1017.8,2.9,0,0.6957546151624548,-0.5054953169715268,1.2942602299766068,-0.906250769434653
c536e9c4-0e73-4e79-8198-228468de0a95,2026-04-22 15:00:00+00:00,10.0,16.6,16.3,98.0,1017.9,0.0,0,1.3974057317497803,-1.6075314058745043,2.318794424212495,-2.4866025855051794
c536e9c4-0e73-4e79-8198-228468de0a95,2026-04-22 16:00:00+00:00,30.0,17.8,17.5,98.0,1017.8,0.0,0,1.494324968841089,-1.2989968774012042,1.9091317743623764,-2.196204878448267
c536e9c4-0e73-4e79-8198-228468de0a95,2026-04-22 17:00:00+00:00,170.0,18.4,18.0,98.0,1017.5,0.0,0,2.4113129060365694,-1.8839241144965144,3.4011836175072934,-3.401183617507293
c536e9c4-0e73-4e79-8198-228468de0a95,2026-04-22 18:00:00+00:00,700.0,20.1,19.1,94.0,1016.6,0.0,0,1.516485950914581,-2.087263845487364,2.7187523083039578,-3.8827806899298216
c536e9c4-0e73-4e79-8198-228468de0a95,2026-04-22 19:00:00+00:00,1310.0,21.3,19.8,91.0,1015.9,0.0,0,1.6913559329549963,-1.8137571800155428,2.1063525810321684,-2.795224285165525
c536e9c4-0e73-4e79-8198-228468de0a95,2026-04-22 20:00:00+00:00,1680.0,22.0,20.2,90.0,1015.1,0.0,0,1.3968855700926157,-1.302616867719372,1.8997902189350655,-1.5941132720226177
c536e9c4-0e73-4e79-8198-228468de0a95,2026-04-22 21:00:00+00:00,2150.0,23.9,20.4,81.0,1013.9,0.0,0,0.6008894356810583,-2.095550497145535,0.2947702664147835,-2.8045517449385304
c536e9c4-0e73-4e79-8198-228468de0a95,2026-04-22 22:00:00+00:00,2480.0,24.4,20.7,80.0,1012.8,0.0,0,1.8031222920256962,-1.803122292025696,2.0219812678861078,-2.783018460649819
c536e9c4-0e73-4e79-8198-228468de0a95,2026-04-22 23:00:00+00:00,2700.0,24.3,20.0,77.0,1012.1,0.0,0,2.0220984777908817,-2.6834153137589043,2.672866193395874,-3.8172485263867024
c536e9c4-0e73-4e79-8198-228468de0a95,2026-04-23 00:00:00+00:00,2550.0,24.2,20.1,78.0,1011.7,0.0,0,1.6110602010875839,-1.9894936613298455,2.7990530093931043,-3.9974619761302805
c536e9c4-0e73-4e79-8198-228468de0a95,2026-04-23 01:00:00+00:00,2190.0,22.9,19.3,80.0,1011.1,0.0,0,2.213405530968272,-1.3830892796486645,4.58516117259613,-3.71299030719404
c536e9c4-0e73-4e79-8198-228468de0a95,2026-04-23 02:00:00+00:00,1800.0,22.8,19.3,81.0,1011.6,0.0,0,2.1943482897974076,-1.3184974717697389,4.920706463052474,-4.277504869018107
c536e9c4-0e73-4e79-8198-228468de0a95,2026-04-23 03:00:00+00:00,1630.0,22.3,18.4,79.0,1011.9,0.0,0,1.9873179008858095,-2.207140131667861,5.399883993315987,-5.997178741602571
c536e9c4-0e73-4e79-8198-228468de0a95,2026-04-23 04:00:00+00:00,1520.0,22.2,19.2,83.0,1011.9,0.0,0,1.893639615995569,-2.1030998561010255,4.279999999999999,-7.413177456394796
c536e9c4-0e73-4e79-8198-228468de0a95,2026-04-23 05:00:00+00:00,1340.0,21.5,18.8,85.0,1011.4,0.0,0,1.488685599544133,-3.5071234916537977,2.494518070143843,-8.699418348241787
c536e9c4-0e73-4e79-8198-228468de0a95,2026-04-23 06:00:00+00:00,940.0,21.0,18.2,84.0,1011.3,0.0,1,0.7935721719378714,-4.500571431265791,0.6989598669161378,-9.995591783603437
c536e9c4-0e73-4e79-8198-228468de0a95,2026-04-23 07:00:00+00:00,970.0,20.6,18.0,85.0,1010.8,0.0,1,1.5138919182257782,-4.396661376536824,2.0624839729121724,-9.703224199279353
c536e9c4-0e73-4e79-8198-228468de0a95,2026-04-23 08:00:00+00:00,870.0,20.9,18.8,88.0,1010.2,0.0,1,0.6264084251024583,-5.1016872194363945,0.7136087264024041,-10.205080234158002
c536e9c4-0e73-4e79-8198-228468de0a95,2026-04-23 09:00:00+00:00,800.0,21.0,18.7,87.0,1009.9,0.0,1,0.6976977140794302,-4.405089999054314,0.9365750308781775,-8.91091618249973
c536e9c4-0e73-4e79-8198-228468de0a95,2026-04-23 10:00:00+00:00,600.0,20.8,18.2,85.0,1010.1,0.0,1,0.7050116013277369,-3.9983194772295643,0.8195031520184053,-7.797051659687263
c536e9c4-0e73-4e79-8198-228468de0a95,2026-04-23 11:00:00+00:00,660.0,20.9,18.2,85.0,1010.1,0.0,1,1.0033199751738773,-3.4989925732154807,1.3986299361100747,-7.195327254671377
c536e9c4-0e73-4e79-8198-228468de0a95,2026-04-23 12:00:00+00:00,650.0,20.8,18.3,86.0,1010.4,0.0,1,0.4787554673026247,-3.406522156471002,0.23033667823650752,-6.595979458326032
c536e9c4-0e73-4e79-8198-228468de0a95,2026-04-23 13:00:00+00:00,550.0,20.9,18.0,84.0,1010.6,0.0,1,1.1897815924903967,-3.0994870159707095,1.363203389323823,-5.904682592598524
c536e9c4-0e73-4e79-8198-228468de0a95,2026-04-23 14:00:00+00:00,720.0,21.2,18.5,85.0,1010.9,0.0,1,1.030883710755577,-3.595118742809313,0.9495572027942021,-5.9952682274124856
c536e9c4-0e73-4e79-8198-228468de0a95,2026-04-23 15:00:00+00:00,1040.0,22.0,18.7,82.0,1011.3,0.0,1,0.40975157600920264,-3.8985258298436314,7.470345474798854e-16,-6.1
c536e9c4-0e73-4e79-8198-228468de0a95,2026-04-23 16:00:00+00:00,990.0,22.6,18.7,79.0,1010.9,0.0,1,1.491198094969966,-5.200425775026305,1.3328216421427679,-8.415104661870572
c536e9c4-0e73-4e79-8198-228468de0a95,2026-04-23 17:00:00+00:00,1340.0,23.5,19.4,78.0,1010.3,0.0,1,1.0395584540887965,-4.8907380036690284,0.8090503056916399,-7.697599470150435
c536e9c4-0e73-4e79-8198-228468de0a95,2026-04-23 18:00:00+00:00,1520.0,23.9,20.0,79.0,1009.3,0.0,1,1.0865135924808689,-4.706207412912685,0.9561192035956488,-6.803141632254588
c536e9c4-0e73-4e79-8198-228468de0a95,2026-04-23 19:00:00+00:00,1750.0,24.0,19.9,78.0,1008.6,0.0,1,0.28669910708835594,-4.099988246567878,0.10820491991115733,-6.199055709969626
c536e9c4-0e73-4e79-8198-228468de0a95,2026-04-23 20:00:00+00:00,1940.0,25.0,19.6,72.0,1008.0,0.0,1,0.9533284953914473,-5.4065945640370225,0.8310012829778473,-7.906449068177773
c536e9c4-0e73-4e79-8198-228468de0a95,2026-04-23 21:00:00+00:00,2480.0,25.1,19.5,71.0,1007.0,0.0,1,0.5989480945236559,-5.698610460460206,0.43491179637886307,-8.298611433810509
c536e9c4-0e73-4e79-8198-228468de0a95,2026-04-23 22:00:00+00:00,2630.0,26.5,20.6,70.0,1006.0,0.0,1,1.3122125586697817,-4.897243939285576,1.660138781057725,-7.190851078115035
c536e9c4-0e73-4e79-8198-228468de0a95,2026-04-23 23:00:00+00:00,2030.0,26.9,19.2,63.0,1005.7,0.0,1,-0.12912813779925333,-3.6977460599706546,0.21637687955550708,-6.196223127518394
c536e9c4-0e73-4e79-8198-228468de0a95,2026-04-24 00:00:00+00:00,1980.0,26.4,19.0,64.0,1005.3,0.0,1,1.2864355007800412,-4.207740926237356,1.8942484425453983,-7.597415536741052
c536e9c4-0e73-4e79-8198-228468de0a95,2026-04-24 01:00:00+00:00,2170.0,25.6,19.5,69.0,1005.2,0.0,1,1.3099371489373117,-3.5990227376100288,2.0653759799181177,-7.708088093786765
c536e9c4-0e73-4e79-8198-228468de0a95,2026-04-24 02:00:00+00:00,1490.0,24.8,18.7,69.0,1005.3,0.0,1,1.7162260556720337,-3.096153763273461,3.364041363455968,-7.214209984811734
c536e9c4-0e73-4e79-8198-228468de0a95,2026-04-24 03:00:00+00:00,1910.0,23.8,19.1,75.0,1005.4,0.0,1,1.693827398896735,-2.6082654663102685,3.257960511037161,-7.317499115717232
c536e9c4-0e73-4e79-8198-228468de0a95,2026-04-24 04:00:00+00:00,1660.0,24.1,19.3,75.0,1005.4,0.0,1,0.7850791796600896,-3.400551526100471,1.0809810760036587,-8.803884365058526
c536e9c4-0e73-4e79-8198-228468de0a95,2026-04-24 05:00:00+00:00,1880.0,23.0,19.1,79.0,1005.0,0.0,1,0.9717885547654977,-4.209278679872216,1.4266823211669064,-9.007717666227654
c536e9c4-0e73-4e79-8198-228468de0a95,2026-04-24 06:00:00+00:00,1590.0,23.5,19.2,77.0,1005.0,0.0,1,1.6903229592309628,-5.20227914413449,2.617594910388405,-10.498599758306282
c536e9c4-0e73-4e79-8198-228468de0a95,2026-04-24 07:00:00+00:00,1860.0,22.7,19.2,81.0,1004.7,0.0,1,1.3208935499741858,-5.297814665466941,1.7295358495626256,-9.808685220001593
c536e9c4-0e73-4e79-8198-228468de0a95,2026-04-24 08:00:00+00:00,1820.0,23.0,19.6,81.0,1004.2,0.0,1,0.7239038998265764,-5.895724140749453,0.5552844957376337,-10.595459363746027
c536e9c4-0e73-4e79-8198-228468de0a95,2026-04-24 09:00:00+00:00,1800.0,23.1,19.8,82.0,1004.3,0.0,1,0.1779874331827558,-5.096893217797388,-0.3458540123217839,-9.90396309575924
c536e9c4-0e73-4e79-8198-228468de0a95,2026-04-24 10:00:00+00:00,1690.0,22.6,19.5,83.0,1004.4,0.0,1,0.6876467835610439,-3.899838701928344,0.1431097327857242,-8.198751100282408
c536e9c4-0e73-4e79-8198-228468de0a95,2026-04-24 11:00:00+00:00,1780.0,22.3,19.8,86.0,1004.4,0.0,1,0.72237641909443,-4.096800252530786,0.4087438182573911,-7.7992966664332215
c536e9c4-0e73-4e79-8198-228468de0a95,2026-04-24 12:00:00+00:00,1870.0,22.0,19.7,87.0,1004.4,0.0,1,1.3044593363448929,-3.3982327524498146,1.5150234232897672,-7.794119836574453
c536e9c4-0e73-4e79-8198-228468de0a95,2026-04-24 13:00:00+00:00,1940.0,22.5,20.0,86.0,1004.8,0.0,1,0.5838755258522276,-3.003779181349852,0.5508242941651998,-6.295950491939832
c536e9c4-0e73-4e79-8198-228468de0a95,2026-04-24 14:00:00+00:00,2350.0,22.6,20.5,88.0,1005.1,0.0,1,0.28848550849474863,-3.2974044506836777,-0.515961997066135,-5.897472612703133
c536e9c4-0e73-4e79-8198-228468de0a95,2026-04-24 15:00:00+00:00,3300.0,23.8,21.5,87.0,1005.3,0.0,1,-0.19416639766132063,-3.704915573939469,-0.8141626406163832,-5.793068202138185
c536e9c4-0e73-4e79-8198-228468de0a95,2026-04-24 16:00:00+00:00,3330.0,25.6,21.9,80.0,1005.4,0.0,1,-1.0983254060224905,-4.405142597293024,-2.099914596248661,-6.098594812615593
c536e9c4-0e73-4e79-8198-228468de0a95,2026-04-24 17:00:00+00:00,3550.0,27.2,21.9,73.0,1005.6,0.0,1,-0.8066973603729068,-3.7952126908471655,-1.7906248495143622,-5.200352165796242
c536e9c4-0e73-4e79-8198-228468de0a95,2026-04-24 18:00:00+00:00,3530.0,29.0,21.2,63.0,1005.0,0.0,1,-1.091523929035316,-3.8065963159157428,-1.8384275811673911,-4.789267587930645
c536e9c4-0e73-4e79-8198-228468de0a95,2026-04-24 19:00:00+00:00,3540.0,30.3,21.1,58.0,1004.4,0.0,1,-1.0033199751738764,-3.4989925732154807,-1.7856412571959803,-4.206707180277653
c536e9c4-0e73-4e79-8198-228468de0a95,2026-04-24 20:00:00+00:00,4400.0,30.5,22.1,61.0,1003.8,0.0,1,-0.8225344450388695,-3.299005469338388,-1.8172585254850069,-3.897123484257595
c536e9c4-0e73-4e79-8198-228468de0a95,2026-04-24 21:00:00+00:00,3680.0,31.4,20.6,53.0,1003.2,0.0,1,-1.6175779339946306,-2.4908515867979095,-2.5046951563783537,-3.0930409265987437
c536e9c4-0e73-4e79-8198-228468de0a95,2026-04-24 22:00:00+00:00,3510.0,32.3,19.9,48.0,1002.4,0.0,1,-0.7879853081993086,-3.707179406781123,-1.723749837312895,-4.49052185145154
c536e9c4-0e73-4e79-8198-228468de0a95,2026-04-24 23:00:00+00:00,2580.0,32.4,16.6,39.0,1002.5,0.0,1,-2.1950000000000003,-3.8018515226136853,-3.4614040724839223,-5.131742574115709
c536e9c4-0e73-4e79-8198-228468de0a95,2026-04-25 00:00:00+00:00,3230.0,29.3,18.7,53.0,1002.3,0.0,1,-1.2293426069438156,-4.287227163884903,-3.250571978135154,-6.379606713188714
c536e9c4-0e73-4e79-8198-228468de0a95,2026-04-25 01:00:00+00:00,3290.0,29.0,18.2,52.0,1002.5,0.0,1,-0.49215133812171824,-1.105390003747547,-2.307065324462333,-0.7943862968754623
c536e9c4-0e73-4e79-8198-228468de0a95,2026-04-25 02:00:00+00:00,3190.0,27.8,17.9,55.0,1003.5,0.0,1,-1.7060182924028888,-0.6892761318852787,-2.298646861724443,-0.4885924734217355
c536e9c4-0e73-4e79-8198-228468de0a95,2026-04-25 03:00:00+00:00,2900.0,25.5,17.7,62.0,1004.0,0.0,1,0.38936141291243387,-1.1983312105318935,0.4083312501058063,-2.100682172578001
c536e9c4-0e73-4e79-8198-228468de0a95,2026-04-25 04:00:00+00:00,2370.0,25.7,19.6,69.0,1005.1,0.0,1,-0.09587131702242374,-1.0958141679009201,-1.5891549659206436,-1.11273828652103
c536e9c4-0e73-4e79-8198-228468de0a95,2026-04-25 05:00:00+00:00,310.0,25.9,14.4,49.0,1005.2,0.0,1,0.5761766379746709,4.099709804590101,1.5905020736916882,5.202297872438913
c536e9c4-0e73-4e79-8198-228468de0a95,2026-04-25 06:00:00+00:00,220.0,23.2,15.0,60.0,1005.7,0.0,1,3.1980506464611067,0.11167838944800346,5.597960295257056,0.6873430968050318
c536e9c4-0e73-4e79-8198-228468de0a95,2026-04-25 07:00:00+00:00,930.0,22.5,17.6,74.0,1005.7,0.0,1,2.4061729862267383,0.781812995768617,5.002432604272263,0.6142214907619433
c536e9c4-0e73-4e79-8198-228468de0a95,2026-04-25 08:00:00+00:00,1910.0,22.0,19.6,86.0,1005.4,0.0,1,1.9987309880651396,-1.3995265046965526,4.693961607200105,-3.801095161941017
c536e9c4-0e73-4e79-8198-228468de0a95,2026-04-25 09:00:00+00:00,1450.0,21.5,18.9,85.0,1005.4,0.0,1,2.5077155015484993,-1.889699172697432,4.0882671920511635,-3.812370832749366
c536e9c4-0e73-4e79-8198-228468de0a95,2026-04-25 10:00:00+00:00,1540.0,21.0,19.1,89.0,1005.3,0.0,1,2.300991400531628,-1.7977315079509222,3.599173516239527,-3.5991735162395266
c536e9c4-0e73-4e79-8198-228468de0a95,2026-04-25 11:00:00+00:00,1420.0,21.2,18.5,85.0,1005.9,0.0,1,1.9894936613298457,-1.6110602010875834,3.2120280435658572,-4.587251448018354
c536e9c4-0e73-4e79-8198-228468de0a95,2026-04-25 12:00:00+00:00,2200.0,20.9,18.8,88.0,1006.1,0.0,1,2.3137886039123496,-1.6810658215564729,4.0882671920511635,-3.812370832749366
c536e9c4-0e73-4e79-8198-228468de0a95,2026-04-25 13:00:00+00:00,3020.0,23.0,21.6,92.0,1006.8,0.0,1,1.8172835103037053,-2.0905455372170785,2.37933749640709,-3.8077359517423526
c536e9c4-0e73-4e79-8198-228468de0a95,2026-04-25 14:00:00+00:00,3670.0,23.7,22.8,95.0,1006.8,0.0,1,1.1004203620651893,-3.1958527855256906,1.3380944631800336,-4.993836521914482
c536e9c4-0e73-4e79-8198-228468de0a95,2026-04-25 15:00:00+00:00,4020.0,24.7,22.9,90.0,1006.9,0.0,1,0.3146016965860061,-4.499013866671807,0.22335677889600733,-6.396101292922213
c536e9c4-0e73-4e79-8198-228468de0a95,2026-04-25 16:00:00+00:00,4090.0,26.4,22.4,79.0,1007.0,0.0,1,-0.7193499125695736,-3.700734481597693,-0.8758132887783402,-4.5056687720247774
c536e9c4-0e73-4e79-8198-228468de0a95,2026-04-25 17:00:00+00:00,4270.0,28.2,22.7,72.0,1007.1,0.0,1,-1.1292542928062022,-4.891337725221881,-1.9618141386895638,-6.416804912511968
c536e9c4-0e73-4e79-8198-228468de0a95,2026-04-25 18:00:00+00:00,4420.0,29.0,23.2,71.0,1006.4,0.0,1,-0.697697714079429,-4.405089999054314,-1.2308372096411362,-5.790633796344129
c536e9c4-0e73-4e79-8198-228468de0a95,2026-04-25 19:00:00+00:00,4580.0,29.5,23.4,70.0,1005.5,0.0,1,-0.18496733252325476,-5.296771383201207,-0.4827147983093469,-6.903143227797983
c536e9c4-0e73-4e79-8198-228468de0a95,2026-04-25 20:00:00+00:00,4500.0,30.1,23.0,66.0,1004.9,0.0,1,0.7738024413379632,-5.505890462203131,0.7672389203845784,-7.299790712003126
c536e9c4-0e73-4e79-8198-228468de0a95,2026-04-25 21:00:00+00:00,4190.0,29.7,22.4,65.0,1004.5,0.0,1,0.8280799507123887,-5.892095009012344,0.8717673836522322,-8.294312607371399
c536e9c4-0e73-4e79-8198-228468de0a95,2026-04-25 22:00:00+00:00,4440.0,30.0,22.1,63.0,1003.9,0.0,1,6.245698675651501e-16,-5.1,-0.25511532089528155,-7.305546945509589
c536e9c4-0e73-4e79-8198-228468de0a95,2026-04-25 23:00:00+00:00,3630.0,30.1,20.4,56.0,1003.2,0.0,1,0.08726203218641719,-4.999238475781956,-0.5524712720534721,-7.900707278057808
c536e9c4-0e73-4e79-8198-228468de0a95,2026-04-26 00:00:00+00:00,3480.0,29.3,20.5,59.0,1003.7,0.0,1,0.4289800887861194,-3.493762453777453,0.4810996999670732,-5.498994733466435
c536e9c4-0e73-4e79-8198-228468de0a95,2026-04-26 01:00:00+00:00,2730.0,28.6,19.5,58.0,1003.6,0.0,1,1.4874531232321868,-2.205239942996411,2.4216026397742083,-5.193143619720004
c536e9c4-0e73-4e79-8198-228468de0a95,2026-04-26 02:00:00+00:00,3520.0,27.5,20.6,66.0,1004.6,0.0,1,2.9156397883448717,-2.277947458704936,4.785852676074419,-4.309201104951048
c536e9c4-0e73-4e79-8198-228468de0a95,2026-04-26 03:00:00+00:00,3030.0,27.4,20.7,67.0,1005.3,0.0,1,2.798231823317353,-2.7022210610855,4.369353133076778,-5.026365804283662
c536e9c4-0e73-4e79-8198-228468de0a95,2026-04-26 04:00:00+00:00,2600.0,25.9,20.9,74.0,1006.4,0.0,1,2.0138252513594797,2.486867076662307,5.496577916931631,0.38435817033013003
c536e9c4-0e73-4e79-8198-228468de0a95,2026-04-26 05:00:00+00:00,3300.0,25.4,21.0,77.0,1005.6,3.6,1,2.5958236867358813,-1.101861782339752,7.800528248694364,-2.6859372742715424
c536e9c4-0e73-4e79-8198-228468de0a95,2026-04-26 06:00:00+00:00,610.0,23.6,18.3,72.0,1005.3,2.9,1,-0.23551180309324604,-4.493832906395582,3.9134451037188773,-8.392410107959378
c536e9c4-0e73-4e79-8198-228468de0a95,2026-04-26 07:00:00+00:00,1190.0,20.0,19.8,99.0,1005.4,163.8,1,-2.8593586008228757,-6.4222245672274845,-4.746003079348053,-10.17783644842158
c536e9c4-0e73-4e79-8198-228468de0a95,2026-04-26 08:00:00+00:00,540.0,20.5,19.5,94.0,1005.2,0.0,1,1.095877426079672,-1.402659141419965,2.1896281717217843,-5.704176405897903
c536e9c4-0e73-4e79-8198-228468de0a95,2026-04-26 09:00:00+00:00,950.0,21.9,19.2,85.0,1005.3,0.0,1,1.101861782339752,-2.5958236867358817,3.0747970070986756,-8.010120059345992
c536e9c4-0e73-4e79-8198-228468de0a95,2026-04-26 10:00:00+00:00,1940.0,21.7,20.6,94.0,1005.9,0.0,1,0.10452846326765373,-0.9945218953682733,0.44713899669984464,-6.394385562165473
c536e9c4-0e73-4e79-8198-228468de0a95,2026-04-26 11:00:00+00:00,2210.0,22.0,20.8,93.0,1006.4,0.0,1,1.3962779769256142,-0.19623407235369214,2.1734606761204294,-3.6172460089629133
c536e9c4-0e73-4e79-8198-228468de0a95,2026-04-26 12:00:00+00:00,2590.0,22.6,21.6,94.0,1006.7,0.0,1,1.6175779339946312,-2.490851586797909,2.472182759568261,-4.114403043370139
c536e9c4-0e73-4e79-8198-228468de0a95,2026-04-26 13:00:00+00:00,2390.0,22.8,21.8,94.0,1007.9,0.0,1,2.8940993221413254,-1.1109406435904308,4.50434970157215,-2.1004127608512757
c536e9c4-0e73-4e79-8198-228468de0a95,2026-04-26 14:00:00+00:00,2660.0,23.5,22.1,92.0,1008.4,0.0,1,2.898939395364764,-2.7994732329497594,4.570852077620201,-4.733255886228326
c536e9c4-0e73-4e79-8198-228468de0a95,2026-04-26 15:00:00+00:00,2960.0,23.9,21.9,89.0,1008.4,0.0,1,3.0933292190015274,-4.104986521643085,4.983028391698959,-6.612702023191585
c536e9c4-0e73-4e79-8198-228468de0a95,2026-04-26 16:00:00+00:00,2950.0,25.5,22.4,83.0,1008.1,0.0,1,2.183042766954392,-4.105706306794011,3.3349999999999995,-5.7763894432422065
c536e9c4-0e73-4e79-8198-228468de0a95,2026-04-26 17:00:00+00:00,2890.0,26.2,22.0,78.0,1008.1,0.0,1,1.0983254060224914,-4.405142597293024,1.2841445388841477,-6.606350944602779
c536e9c4-0e73-4e79-8198-228468de0a95,2026-04-26 18:00:00+00:00,3270.0,26.4,22.5,79.0,1007.6,0.0,1,1.430557876690226,-4.988948201919875,1.3623762269885311,-7.00881808981632
c536e9c4-0e73-4e79-8198-228468de0a95,2026-04-26 19:00:00+00:00,3220.0,27.2,22.2,74.0,1006.9,0.0,1,-0.4944196312560011,-4.704088565091933,-1.0934769106312128,-6.903941500760014
c536e9c4-0e73-4e79-8198-228468de0a95,2026-04-26 20:00:00+00:00,3990.0,28.4,22.8,72.0,1006.2,0.0,1,-0.09773347604878836,-5.599147092875791,-0.26558516990603187,-7.605364193615319
c536e9c4-0e73-4e79-8198-228468de0a95,2026-04-26 21:00:00+00:00,4300.0,28.6,23.2,73.0,1005.6,0.0,1,0.5247328856036217,-4.9924999147487314,9.062386313690414e-16,-7.4
c536e9c4-0e73-4e79-8198-228468de0a95,2026-04-26 22:00:00+00:00,3850.0,28.9,22.4,68.0,1004.9,0.0,1,5.633375276077824e-16,-4.6,-0.44016334932543044,-6.29462915713949
c536e9c4-0e73-4e79-8198-228468de0a95,2026-04-26 23:00:00+00:00,4250.0,28.8,22.0,67.0,1004.2,0.0,1,0.219811016220364,-4.19424404596921,-0.4541146440742555,-6.494141967191456
c536e9c4-0e73-4e79-8198-228468de0a95,2026-04-27 00:00:00+00:00,4170.0,27.4,21.9,72.0,1004.1,0.0,1,1.0730041563324433,-3.50963845438434,1.4779284270391944,-6.401611325638995
c536e9c4-0e73-4e79-8198-228468de0a95,2026-04-27 01:00:00+00:00,3640.0,26.6,20.9,71.0,1003.9,0.0,1,1.8859094227582516,-3.4022706607722495,2.913531429803291,-7.590008867422251
c536e9c4-0e73-4e79-8198-228468de0a95,2026-04-27 02:00:00+00:00,3540.0,26.1,21.5,76.0,1004.5,0.0,1,1.8172835103037053,-2.0905455372170785,3.2687315981247376,-6.415246974156248
c536e9c4-0e73-4e79-8198-228468de0a95,2026-04-27 03:00:00+00:00,3550.0,25.8,22.2,81.0,1005.1,0.0,1,1.0927389364671172,-1.3022755533022623,2.2314244219908934,-4.785305115553512
c536e9c4-0e73-4e79-8198-228468de0a95,2026-04-27 04:00:00+00:00,3930.0,25.2,22.5,85.0,1005.3,0.0,1,1.4999999999999998,-2.598076211353316,1.780617318577815,-6.2097505557615404
c536e9c4-0e73-4e79-8198-228468de0a95,2026-04-27 05:00:00+00:00,3280.0,24.8,21.7,83.0,1005.0,0.0,1,1.030883710755577,-3.595118742809313,1.1941052062373605,-8.496500029802673
c536e9c4-0e73-4e79-8198-228468de0a95,2026-04-27 06:00:00+00:00,3300.0,24.4,22.2,88.0,1004.9,0.0,1,0.7153443528134914,-3.0984968060170477,0.27954496858703415,-8.005120524422956
c536e9c4-0e73-4e79-8198-228468de0a95,2026-04-27 07:00:00+00:00,3080.0,24.0,21.5,86.0,1004.5,0.0,1,0.7193499125695746,-3.700734481597693,1.077689183249671e-15,-8.8
c536e9c4-0e73-4e79-8198-228468de0a95,2026-04-27 08:00:00+00:00,2980.0,23.7,21.6,88.0,1004.4,0.0,1,0.219811016220364,-4.19424404596921,-0.3175854199927582,-9.09445652587377
c536e9c4-0e73-4e79-8198-228468de0a95,2026-04-27 09:00:00+00:00,2750.0,23.7,21.2,86.0,1004.4,0.0,1,0.19416639766132152,-3.704915573939469,-0.7172917628132249,-8.198682365295067
c536e9c4-0e73-4e79-8198-228468de0a95,2026-04-27 10:00:00+00:00,2600.0,23.9,21.2,85.0,1004.5,0.0,1,0.07679058832404714,-4.399329858688122,-0.4296782007545667,-8.198748480335052
c536e9c4-0e73-4e79-8198-228468de0a95,2026-04-27 11:00:00+00:00,2570.0,24.0,21.1,84.0,1005.0,0.0,1,-0.8733380431147997,-3.502767571856347,-2.2094715097808733,-6.800054091510349
c536e9c4-0e73-4e79-8198-228468de0a95,2026-04-27 12:00:00+00:00,2600.0,24.2,21.5,85.0,1006.2,0.0,1,-0.1890400438465795,-2.7033985762041235,-1.0852990260687045,-5.105930475830465
c536e9c4-0e73-4e79-8198-228468de0a95,2026-04-27 13:00:00+00:00,2590.0,24.2,21.9,87.0,1006.5,0.0,1,1.2762271654720538,-3.706432816349322,1.0136953334606968,-6.400220447056492
c536e9c4-0e73-4e79-8198-228468de0a95,2026-04-27 14:00:00+00:00,2930.0,24.8,22.1,85.0,1006.8,0.0,1,0.8732291014345892,-4.108219923081984,0.6127048715160371,-7.003248727584971
c536e9c4-0e73-4e79-8198-228468de0a95,2026-04-27 15:00:00+00:00,3410.0,26.5,23.1,82.0,1007.1,0.0,1,-1.1067591873718157,-4.793900718743357,-2.201558936562208,-7.2009748124016575
c536e9c4-0e73-4e79-8198-228468de0a95,2026-04-27 16:00:00+00:00,3780.0,27.6,23.2,77.0,1007.6,0.0,1,-1.865540835211242,-4.617375595742602,-3.250571978135154,-6.379606713188714
c536e9c4-0e73-4e79-8198-228468de0a95,2026-04-27 17:00:00+00:00,3810.0,29.2,23.2,70.0,1007.7,0.0,1,-2.5757682990907673,-3.4181599830024134,-4.001960076842093,-4.6037284393589095
c536e9c4-0e73-4e79-8198-228468de0a95,2026-04-27 18:00:00+00:00,3390.0,31.4,22.1,58.0,1007.4,0.0,1,-2.420857816974971,-2.784878351022029,-3.2999769158222505,-3.796189188520544
c536e9c4-0e73-4e79-8198-228468de0a95,2026-04-27 19:00:00+00:00,3370.0,32.9,21.4,51.0,1007.4,0.0,1,-1.503911178737358,-2.502928518050168,-2.1795904581339753,-3.1127777682981685
c536e9c4-0e73-4e79-8198-228468de0a95,2026-04-27 20:00:00+00:00,3110.0,33.5,20.6,47.0,1007.1,0.0,1,-0.8915636923298705,-2.206697573868954,-1.8926685123817633,-2.605034721887331
c536e9c4-0e73-4e79-8198-228468de0a95,2026-04-27 21:00:00+00:00,3090.0,33.9,20.3,45.0,1006.7,0.0,1,-0.27972345971394236,-4.000231841541895,-1.2899828252235552,-4.498704736991332
c536e9c4-0e73-4e79-8198-228468de0a95,2026-04-27 22:00:00+00:00,2970.0,33.7,19.8,44.0,1006.5,0.0,1,0.18904004384658016,-2.7033985762041235,-0.2949238110404565,-2.4019616869719993
c536e9c4-0e73-4e79-8198-228468de0a95,2026-04-27 23:00:00+00:00,3270.0,32.8,20.7,49.0,1006.4,1.4,1,-0.6916501426224299,-1.8018102231395994,-1.500042776228696,-0.9013166310925952
c536e9c4-0e73-4e79-8198-228468de0a95,2026-04-28 00:00:00+00:00,4280.0,28.1,23.5,76.0,1007.1,4.7,1,0.9824084404526506,-6.202682778937465,0.33852511801426105,-9.694091022085228
c536e9c4-0e73-4e79-8198-228468de0a95,2026-04-28 01:00:00+00:00,3790.0,27.7,22.6,74.0,1007.1,6.1,1,-0.40500000000000014,-0.7014805770653953,-2.05187284264965,-6.3150152681998195
c536e9c4-0e73-4e79-8198-228468de0a95,2026-04-28 02:00:00+00:00,3910.0,26.9,22.7,78.0,1008.1,0.0,1,2.584675271830048,-2.019369639068159,3.621411291931867,-3.883488155597795
c536e9c4-0e73-4e79-8198-228468de0a95,2026-04-28 03:00:00+00:00,3150.0,25.8,22.7,83.0,1009.6,0.0,1,2.4019616869719993,0.2949238110404569,4.399329858688122,0.07679058832404784
c536e9c4-0e73-4e79-8198-228468de0a95,2026-04-28 04:00:00+00:00,3090.0,24.5,22.1,87.0,1010.1,0.0,1,1.897606345423583,-0.4033486801864531,4.087041549328835,-1.7348462104923759
c536e9c4-0e73-4e79-8198-228468de0a95,2026-04-28 05:00:00+00:00,3590.0,24.9,22.4,86.0,1009.9,0.0,1,1.6941145472497565,-1.1001708507303547,2.984322504360508,-3.314425921629178
c536e9c4-0e73-4e79-8198-228468de0a95,2026-04-28 06:00:00+00:00,3880.0,25.2,22.9,87.0,1009.9,0.0,1,1.604719843015376,-2.8949912306314,2.770363160937918,-7.611510228365857
c536e9c4-0e73-4e79-8198-228468de0a95,2026-04-28 07:00:00+00:00,3820.0,25.0,22.8,88.0,1009.1,0.0,1,1.4980617265611818,-2.702574895060733,2.506118109952453,-6.2028599870518075
c536e9c4-0e73-4e79-8198-228468de0a95,2026-04-28 08:00:00+00:00,3760.0,24.7,22.7,89.0,1009.1,0.0,1,0.9151234357821655,-2.993233886164301,1.713382078578689,-6.394428970033632
c536e9c4-0e73-4e79-8198-228468de0a95,2026-04-28 09:00:00+00:00,3410.0,24.2,23.5,96.0,1009.3,0.0,1,0.08202631025523216,-4.699284167235039,-0.12914780763589892,-7.398872944157295
c536e9c4-0e73-4e79-8198-228468de0a95,2026-04-28 10:00:00+00:00,3410.0,24.7,22.2,86.0,1009.6,0.0,1,0.11516833911825376,-3.297989729163016,-0.1099501605548869,-6.299040479485265
c536e9c4-0e73-4e79-8198-228468de0a95,2026-04-28 11:00:00+00:00,3180.0,24.4,22.1,87.0,1009.2,0.0,1,0.6991542782830398,-2.80415464893763,0.4122607598277819,-5.895603537035561
c536e9c4-0e73-4e79-8198-228468de0a95,2026-04-28 12:00:00+00:00,3130.0,24.6,22.4,88.0,1009.9,0.0,1,-0.5096100135552463,-1.4001420049710036,4.898587196589413e-16,-4.0
c536e9c4-0e73-4e79-8198-228468de0a95,2026-04-28 13:00:00+00:00,3270.0,24.6,23.0,91.0,1010.6,0.0,1,0.6008894356810583,-2.095550497145535,0.39929872968243724,-3.799073640306804
c536e9c4-0e73-4e79-8198-228468de0a95,2026-04-28 14:00:00+00:00,3040.0,24.7,22.2,86.0,1011.3,0.0,1,0.3250835207624031,-3.09296309459533,0.09424299476133058,-5.399177553844513
c536e9c4-0e73-4e79-8198-228468de0a95,2026-04-28 15:00:00+00:00,3640.0,24.8,23.6,93.0,1011.2,0.0,1,-0.5654737533998835,-4.605414143615734,-1.3394791475433439,-6.891022827802601
c536e9c4-0e73-4e79-8198-228468de0a95,2026-04-28 16:00:00+00:00,3550.0,25.9,23.7,88.0,1011.6,0.0,1,4.0413344371862655e-16,-3.3,-0.37651280866988235,-4.303561095756341
c536e9c4-0e73-4e79-8198-228468de0a95,2026-04-28 17:00:00+00:00,4380.0,27.1,24.7,87.0,1011.4,0.0,1,0.19939999328561592,-3.804778527414926,0.730658780040343,-5.198907360893244
c536e9c4-0e73-4e79-8198-228468de0a95,2026-04-28 18:00:00+00:00,4480.0,26.8,23.2,81.0,1011.0,0.0,1,-0.5990862129509101,-3.397586747892118,-0.8109369897045653,-4.599052206567011
c536e9c4-0e73-4e79-8198-228468de0a95,2026-04-28 19:00:00+00:00,4360.0,27.8,24.4,82.0,1010.2,0.0,1,1.9614702650161542,-4.620934364331251,1.713382078578689,-6.394428970033632
c536e9c4-0e73-4e79-8198-228468de0a95,2026-04-28 20:00:00+00:00,4400.0,28.1,24.7,82.0,1008.8,0.0,1,2.0946937118403723,-4.704759106859394,2.227872389987253,-7.287042240438331
c536e9c4-0e73-4e79-8198-228468de0a95,2026-04-28 21:00:00+00:00,4130.0,28.7,24.2,77.0,1009.0,0.0,1,1.3967568145747626,-4.298775453654094,1.363203389323823,-5.904682592598524
c536e9c4-0e73-4e79-8198-228468de0a95,2026-04-28 22:00:00+00:00,3860.0,27.4,23.8,81.0,1008.9,0.0,1,1.604719843015376,-2.8949912306314,0.21876091429662206,-2.500448692210281
c536e9c4-0e73-4e79-8198-228468de0a95,2026-04-28 23:00:00+00:00,3430.0,25.7,23.7,89.0,1008.9,0.0,0,4.801255044256658,-4.801255044256657,5.3233318229871545,-3.8676269600844724
c536e9c4-0e73-4e79-8198-228468de0a95,2026-04-29 00:00:00+00:00,2910.0,24.4,23.3,94.0,1007.9,9.0,0,-0.5105256423407756,-2.8953347938558913,-1.707378502469935,-7.395468791719935
c536e9c4-0e73-4e79-8198-228468de0a95,2026-04-29 01:00:00+00:00,4010.0,25.1,23.5,91.0,1007.5,2.2,0,3.1971413225097263,-1.997795626159182,4.369401150187092,-4.524647344130117
c536e9c4-0e73-4e79-8198-228468de0a95,2026-04-29 02:00:00+00:00,2860.0,24.8,21.9,84.0,1009.0,0.0,0,3.395271763173698,-1.1031906699185619,3.9973538799254884,-1.222113725741039
c536e9c4-0e73-4e79-8198-228468de0a95,2026-04-29 03:00:00+00:00,2300.0,24.7,22.6,88.0,1010.6,0.0,0,-0.8,-1.4695761589768238e-16,-0.20130944524946875,0.29845352611981507
c536e9c4-0e73-4e79-8198-228468de0a95,2026-04-29 04:00:00+00:00,2480.0,24.4,22.6,90.0,1011.1,0.0,0,1.0032455143944823,-0.9033263185844587,2.101970812973583,-0.18389861719755887
c536e9c4-0e73-4e79-8198-228468de0a95,2026-04-29 05:00:00+00:00,2310.0,24.5,22.7,90.0,1011.4,0.0,0,-0.19798989873223338,0.19798989873223327,0.09420472123729891,1.797533162558233
c536e9c4-0e73-4e79-8198-228468de0a95,2026-04-29 06:00:00+00:00,800.0,23.1,20.0,83.0,1012.1,0.0,0,2.0149999999999997,3.490082377251288,4.368005060820517,6.726137954922301
c536e9c4-0e73-4e79-8198-228468de0a95,2026-04-29 07:00:00+00:00,40.0,20.9,17.9,83.0,1012.0,0.0,0,1.8136479866000401,2.792772991258262,3.6627135177333923,5.4301961002355235
c536e9c4-0e73-4e79-8198-228468de0a95,2026-04-29 08:00:00+00:00,0.0,19.8,17.2,85.0,1011.6,0.0,0,0.9843026762434365,2.210780007495094,2.9614689307328113,4.928711979037146
c536e9c4-0e73-4e79-8198-228468de0a95,2026-04-29 09:00:00+00:00,0.0,19.7,16.1,80.0,1011.8,0.0,0,1.0867303380602142,1.8086230044814569,2.585491136048472,4.302979849524603
c536e9c4-0e73-4e79-8198-228468de0a95,2026-04-29 10:00:00+00:00,0.0,18.7,14.6,77.0,1012.1,0.0,0,0.6890933895424979,2.4031542398457972,1.9241077928417962,5.588014781791963
c536e9c4-0e73-4e79-8198-228468de0a95,2026-04-29 11:00:00+00:00,0.0,18.2,13.7,75.0,1012.5,0.0,0,0.6159893273439994,2.2989034665679826,1.894806658940652,5.502918109988024
c536e9c4-0e73-4e79-8198-228468de0a95,2026-04-29 12:00:00+00:00,0.0,17.4,11.6,69.0,1012.9,0.0,0,0.8096245252623622,2.4917680726933025,2.1896281717217847,5.704176405897903
c536e9c4-0e73-4e79-8198-228468de0a95,2026-04-29 13:00:00+00:00,0.0,16.9,11.1,69.0,1013.8,0.0,0,0.6154186048205676,2.895316898172065,1.8054246806013445,6.296264108395989
c536e9c4-0e73-4e79-8198-228468de0a95,2026-04-29 14:00:00+00:00,0.0,16.1,12.0,77.0,1014.2,0.0,0,1.398866446361715,2.9998787750913114,2.273657834793723,5.106719108222139
c536e9c4-0e73-4e79-8198-228468de0a95,2026-04-29 15:00:00+00:00,0.0,16.7,11.6,72.0,1014.7,0.0,0,1.073004156332444,3.50963845438434,1.7101007166283435,4.698463103929543
c536e9c4-0e73-4e79-8198-228468de0a95,2026-04-29 16:00:00+00:00,0.0,16.3,12.6,79.0,1014.9,0.0,0,1.2166945393019855,2.387897484824826,1.928906121808866,3.0868950700093905
c536e9c4-0e73-4e79-8198-228468de0a95,2026-04-29 17:00:00+00:00,0.0,17.4,12.7,74.0,1015.1,0.0,0,1.6994870572849248,3.196270286149316,2.13375534877587,4.187730663685329
c536e9c4-0e73-4e79-8198-228468de0a95,2026-04-29 18:00:00+00:00,10.0,17.5,13.0,75.0,1014.6,0.0,0,1.693827398896734,2.608265466310269,1.5808398242151487,3.9127158662718426
c536e9c4-0e73-4e79-8198-228468de0a95,2026-04-29 19:00:00+00:00,10.0,16.5,14.2,86.0,1013.8,0.0,0,0.5901074228337473,2.2023108839390755,0.8066973603729062,3.795212690847166
c536e9c4-0e73-4e79-8198-228468de0a95,2026-04-29 20:00:00+00:00,20.0,16.4,15.6,95.0,1013.6,0.4,0,-0.3003541728772437,1.8963616139426642,0.21004534002185618,2.4008292224011067
c536e9c4-0e73-4e79-8198-228468de0a95,2026-04-29 21:00:00+00:00,10.0,18.2,14.6,80.0,1012.2,0.0,0,1.3829045864577207,3.106054555984843,2.1962394454132776,4.502958171958826
c536e9c4-0e73-4e79-8198-228468de0a95,2026-04-29 22:00:00+00:00,10.0,17.6,14.9,84.0,1011.9,0.0,0,0.9085099634623454,2.7961061579077513,1.7306824615815135,4.283589408098558
c536e9c4-0e73-4e79-8198-228468de0a95,2026-04-29 23:00:00+00:00,20.0,17.8,14.1,79.0,1012.3,0.0,0,-1.4195108843345425,3.188273647172678,-1.1067591873718174,4.793900718743357
c536e9c4-0e73-4e79-8198-228468de0a95,2026-04-30 00:00:00+00:00,10.0,17.0,13.5,80.0,1011.7,0.0,0,3.587885953985784,2.5122647912175817,4.369691573807078,3.9344879653900864
c536e9c4-0e73-4e79-8198-228468de0a95,2026-04-30 01:00:00+00:00,0.0,17.0,13.5,80.0,1012.5,0.0,0,0.5105256423407751,2.8953347938558913,1.1802148456674946,4.404621767878151
c536e9c4-0e73-4e79-8198-228468de0a95,2026-04-30 02:00:00+00:00,0.0,16.6,13.5,82.0,1012.8,0.0,0,0.10463471061618795,1.4963460753897362,1.3851815804689582,3.805755114182929
c536e9c4-0e73-4e79-8198-228468de0a95,2026-04-30 03:00:00+00:00,0.0,17.2,13.9,81.0,1013.7,0.0,0,0.08897112561300452,1.6976702090827755,1.6090720934583982,4.191776114972436
c536e9c4-0e73-4e79-8198-228468de0a95,2026-04-30 04:00:00+00:00,0.0,17.4,14.5,83.0,1014.1,0.0,0,-1.4695761589768238e-16,0.6,1.9974156354149086,3.6034331934143107
c536e9c4-0e73-4e79-8198-228468de0a95,2026-04-30 05:00:00+00:00,0.0,17.3,14.5,84.0,1014.5,0.0,0,1.0028857418214714,0.6025945476447633,2.575768299090767,3.4181599830024134
c536e9c4-0e73-4e79-8198-228468de0a95,2026-04-30 06:00:00+00:00,0.0,17.4,15.0,86.0,1013.9,0.0,0,1.6075314058745043,1.3974057317497803,4.381339790053374,3.42307780281066
c536e9c4-0e73-4e79-8198-228468de0a95,2026-04-30 07:00:00+00:00,0.0,17.3,14.8,85.0,1013.5,0.0,0,1.996588775118232,1.504537557880121,4.737444693020716,5.261465364379951
c536e9c4-0e73-4e79-8198-228468de0a95,2026-04-30 08:00:00+00:00,0.0,16.8,14.8,88.0,1012.7,0.0,0,1.995854614181944,1.0169387194165849,5.181573867515763,3.237806704464882
c536e9c4-0e73-4e79-8198-228468de0a95,2026-04-30 09:00:00+00:00,0.0,16.6,14.4,87.0,1012.9,0.0,0,1.99873098806514,1.3995265046965524,5.111508756363309,3.5791169628305273
c536e9c4-0e73-4e79-8198-228468de0a95,2026-04-30 10:00:00+00:00,0.0,16.3,14.3,88.0,1013.1,0.0,0,2.497304884567868,2.0954876075781184,5.08253458792859,4.115755357465937
c536e9c4-0e73-4e79-8198-228468de0a95,2026-04-30 11:00:00+00:00,0.0,15.8,13.8,88.0,1012.9,0.0,0,1.6941145472497565,1.1001708507303547,4.889124162909222,2.7100857771770244
c536e9c4-0e73-4e79-8198-228468de0a95,2026-04-30 12:00:00+00:00,0.0,15.4,13.4,88.0,1013.0,0.0,0,2.4941245687846583,1.0076917362888032,5.106719108222139,2.273657834793723
c536e9c4-0e73-4e79-8198-228468de0a95,2026-04-30 13:00:00+00:00,0.0,16.0,14.0,88.0,1013.2,0.0,0,3.298321098958538,1.2004907030730976,5.801444749400436,1.8850036656871794
c536e9c4-0e73-4e79-8198-228468de0a95,2026-04-30 14:00:00+00:00,0.0,16.2,14.0,87.0,1013.3,0.0,0,3.89032745005366,1.415963393368269,6.401160756807374,2.2040964056749512
c536e9c4-0e73-4e79-8198-228468de0a95,2026-04-30 15:00:00+00:00,20.0,16.6,13.8,84.0,1014.3,0.0,0,2.6013120361363096,0.505643837747844,4.201364345156002,0.8166625002116122
c536e9c4-0e73-4e79-8198-228468de0a95,2026-04-30 16:00:00+00:00,30.0,16.4,15.4,94.0,1015.3,0.0,0,2.605034721887331,1.8926685123817637,3.8813685788298433,2.9248210125189553
c536e9c4-0e73-4e79-8198-228468de0a95,2026-04-30 17:00:00+00:00,10.0,16.9,15.0,89.0,1015.6,0.7,0,2.3012097525919324,-0.20132976574709052,3.208324130406882,0.681950345882251
c536e9c4-0e73-4e79-8198-228468de0a95,2026-04-30 18:00:00+00:00,10.0,16.6,15.1,91.0,1013.2,0.0,0,4.891337725221881,1.1292542928062017,7.1069808081610875,1.3814571265261852
c536e9c4-0e73-4e79-8198-228468de0a95,2026-04-30 19:00:00+00:00,30.0,16.9,14.4,85.0,1012.4,0.0,0,3.6936998964060574,0.5191156665810441,5.603556114639464,0.9880581309248341
c536e9c4-0e73-4e79-8198-228468de0a95,2026-04-30 20:00:00+00:00,20.0,15.8,14.2,90.0,1013.7,0.0,0,1.5041230066665017,1.7925439968984085,1.928906121808866,3.0868950700093905
c536e9c4-0e73-4e79-8198-228468de0a95,2026-04-30 21:00:00+00:00,20.0,16.3,13.6,84.0,1013.2,0.0,0,2.706314747863416,0.9850180127779262,4.004196112518115,1.6996804089283406
c536e9c4-0e73-4e79-8198-228468de0a95,2026-04-30 22:00:00+00:00,0.0,16.9,12.6,76.0,1013.1,0.0,0,2.0872638454873647,1.5164859509145807,3.1006005213558563,2.0913814589805932
c536e9c4-0e73-4e79-8198-228468de0a95,2026-04-30 23:00:00+00:00,10.0,16.8,12.9,78.0,1012.6,0.0,0,3.106054555984843,1.3829045864577207,5.193143619720004,2.421602639774208
c536e9c4-0e73-4e79-8198-228468de0a95,2026-05-01 00:00:00+00:00,20.0,16.6,13.5,82.0,1013.0,0.0,0,1.1002631123499287,0.7993879431177635,3.514029679691327,2.2820375567129636
c536e9c4-0e73-4e79-8198-228468de0a95,2026-05-01 01:00:00+00:00,0.0,16.4,12.6,78.0,1013.8,0.0,0,1.3974057317497803,1.6075314058745043,3.998119161068381,3.5999226622106573
c536e9c4-0e73-4e79-8198-228468de0a95,2026-05-01 02:00:00+00:00,10.0,16.1,13.2,83.0,1014.3,0.0,0,0.5020458146424488,0.5020458146424488,3.3993482325068687,1.80746551672568
c536e9c4-0e73-4e79-8198-228468de0a95,2026-05-01 03:00:00+00:00,10.0,15.5,12.3,81.0,1014.8,0.0,0,2.291924818062876,1.1178464243121475,5.403363489765825,2.2935917242320367
c536e9c4-0e73-4e79-8198-228468de0a95,2026-05-01 04:00:00+00:00,0.0,15.7,11.9,78.0,1015.6,0.0,0,1.7062830462150884,1.8950193049673552,4.525751987157331,4.075005392725447
c536e9c4-0e73-4e79-8198-228468de0a95,2026-05-01 05:00:00+00:00,0.0,15.7,12.4,81.0,1016.0,0.0,0,1.8973961160336903,0.09943831686159353,4.991910826127045,1.5261802986526858
c536e9c4-0e73-4e79-8198-228468de0a95,2026-05-01 06:00:00+00:00,0.0,15.3,11.0,76.0,1016.1,0.0,0,2.597620335765212,0.41142264305580734,5.200785092839341,1.2967013604142188
c536e9c4-0e73-4e79-8198-228468de0a95,2026-05-01 07:00:00+00:00,0.0,14.9,11.5,80.0,1015.6,0.0,0,2.510158559490066,1.3914036101069875,5.797903470249055,2.1102642843193764
c536e9c4-0e73-4e79-8198-228468de0a95,2026-05-01 08:00:00+00:00,0.0,14.5,11.4,82.0,1015.0,0.0,0,1.321112354242081,2.5928289853881505,3.1159803532058277,5.1858621692477795
c536e9c4-0e73-4e79-8198-228468de0a95,2026-05-01 09:00:00+00:00,0.0,14.5,11.2,81.0,1014.7,0.0,0,2.29859890214392,0.08026884241575248,6.509579247410695,1.1478144543784101
c536e9c4-0e73-4e79-8198-228468de0a95,2026-05-01 10:00:00+00:00,0.0,14.7,12.2,85.0,1015.2,0.0,0,1.4034420760699455,0.40243053949281876,3.3096766767071344,1.0753791404248172
c536e9c4-0e73-4e79-8198-228468de0a95,2026-05-01 11:00:00+00:00,0.0,14.2,11.7,85.0,1015.2,0.0,0,-0.1979898987322333,-0.19798989873223338,1.8936396159955688,2.103099856101026
c536e9c4-0e73-4e79-8198-228468de0a95,2026-05-01 12:00:00+00:00,0.0,14.3,11.9,86.0,1016.2,0.0,0,2.0957814771583414,1.2100000000000002,4.900359140367044,2.605567173461694
c536e9c4-0e73-4e79-8198-228468de0a95,2026-05-01 13:00:00+00:00,0.0,14.2,12.2,88.0,1016.3,0.0,0,3.315868055971626,2.071984323151831,5.410546853477999,3.3808849058078474
c536e9c4-0e73-4e79-8198-228468de0a95,2026-05-01 14:00:00+00:00,10.0,14.6,12.4,87.0,1015.5,0.0,0,2.7032017461536726,1.8928022399584519,3.99746197613028,2.7990530093931048
c536e9c4-0e73-4e79-8198-228468de0a95,2026-05-01 15:00:00+00:00,0.0,15.4,11.4,77.0,1015.1,0.0,0,3.20184136120272,2.5928000111253304,4.995988177866617,3.9032937535646735
c536e9c4-0e73-4e79-8198-228468de0a95,2026-05-01 16:00:00+00:00,0.0,15.7,11.0,74.0,1015.7,0.0,0,2.682752819973393,2.415561488955478,4.490522002325494,3.9035512224935185
c536e9c4-0e73-4e79-8198-228468de0a95,2026-05-01 17:00:00+00:00,20.0,16.3,11.7,74.0,1016.4,0.4,0,2.8940993221413254,1.1109406435904312,4.409218248037189,1.8716021054636212
c536e9c4-0e73-4e79-8198-228468de0a95,2026-05-01 18:00:00+00:00,10.0,17.1,11.1,68.0,1015.7,0.0,0,4.502958171958826,2.196239445413278,6.219225538834808,3.168853688182037
c536e9c4-0e73-4e79-8198-228468de0a95,2026-05-01 19:00:00+00:00,0.0,18.2,10.3,60.0,1016.2,0.0,0,3.696978488928919,1.4191370801993894,5.1088019366610435,2.168557763115469
c536e9c4-0e73-4e79-8198-228468de0a95,2026-05-01 20:00:00+00:00,0.0,19.1,9.8,55.0,1014.8,0.0,0,4.102159436635216,3.6936009471008973,5.826357959319799,5.064775703806716
c536e9c4-0e73-4e79-8198-228468de0a95,2026-05-01 21:00:00+00:00,0.0,20.1,7.8,45.0,1014.8,0.0,0,5.090286695551283,2.8215919898336823,7.179350597372995,4.1450000000000005
c536e9c4-0e73-4e79-8198-228468de0a95,2026-05-01 22:00:00+00:00,0.0,20.7,7.3,42.0,1014.0,0.0,0,4.6887086253351065,1.5234537822684908,6.486257428611313,2.2333975395760954
c536e9c4-0e73-4e79-8198-228468de0a95,2026-05-01 23:00:00+00:00,0.0,20.6,7.2,42.0,1013.9,0.0,0,4.283589408098558,1.7306824615815133,5.906161153590436,2.386244000059359
c536e9c4-0e73-4e79-8198-228468de0a95,2026-05-02 00:00:00+00:00,0.0,20.2,8.2,46.0,1014.0,0.0,0,2.998172481057287,0.10469849010750323,4.2995010566198415,0.3006504018371797
c536e9c4-0e73-4e79-8198-228468de0a95,2026-05-02 01:00:00+00:00,30.0,19.2,9.1,52.0,1015.0,0.0,0,2.0025194542332345,-0.3892503505681514,3.000512248286958,-0.421694495908998
c536e9c4-0e73-4e79-8198-228468de0a95,2026-05-02 02:00:00+00:00,70.0,17.8,10.9,64.0,1016.2,0.0,0,0.8049999999999999,-1.3943009000929465,1.3854524215080462,-2.305780038888682
c536e9c4-0e73-4e79-8198-228468de0a95,2026-05-02 03:00:00+00:00,90.0,17.9,11.2,65.0,1016.7,0.0,0,-0.8107764742768037,1.2975135871193315,-0.7018540818712503,0.898332259111663
c536e9c4-0e73-4e79-8198-228468de0a95,2026-05-02 04:00:00+00:00,80.0,17.9,10.9,64.0,1017.3,0.0,0,0.09542502367454082,0.602489887763034,0.40243053949281876,1.4034420760699455
c536e9c4-0e73-4e79-8198-228468de0a95,2026-05-02 05:00:00+00:00,70.0,16.5,10.3,67.0,1017.4,0.0,0,-0.3041736348254965,0.5969743712062064,1.3871731954102364,1.909280106724876
c536e9c4-0e73-4e79-8198-228468de0a95,2026-05-02 06:00:00+00:00,70.0,14.4,12.4,88.0,1018.7,0.0,0,-0.4040515447681965,-0.7929958065276475,-1.7040541247726673,-1.5890561789456217
c536e9c4-0e73-4e79-8198-228468de0a95,2026-05-02 07:00:00+00:00,20.0,13.5,11.7,89.0,1018.9,0.0,0,-0.6010407640085655,0.6010407640085652,-3.395271763173698,-1.1031906699185627
c536e9c4-0e73-4e79-8198-228468de0a95,2026-05-02 08:00:00+00:00,0.0,12.7,11.3,91.0,1018.9,0.0,0,-0.6060120253079211,1.0932746339242447,-4.89133772522188,-1.1292542928062035
c536e9c4-0e73-4e79-8198-228468de0a95,2026-05-02 09:00:00+00:00,0.0,12.2,11.1,93.0,1018.7,0.0,0,-1.3022755533022627,1.0927389364671167,-5.09195210428556,-0.5351857319303852
c536e9c4-0e73-4e79-8198-228468de0a95,2026-05-02 10:00:00+00:00,0.0,11.8,10.9,94.0,1018.7,0.0,0,-2.004499380270552,0.6902044874491714,-5.196832300499298,0.18147738285300666
c536e9c4-0e73-4e79-8198-228468de0a95,2026-05-02 11:00:00+00:00,0.0,11.4,10.4,94.0,1019.2,0.0,0,-1.501010907860176,0.7981016567360137,-5.2991927843288735,0.09249775411760058
c536e9c4-0e73-4e79-8198-228468de0a95,2026-05-02 12:00:00+00:00,0.0,11.2,10.1,93.0,1020.3,0.0,0,-1.2944960518659316,1.2071370973106226,-4.5987702716977905,0.32157734396041726
c536e9c4-0e73-4e79-8198-228468de0a95,2026-05-02 13:00:00+00:00,0.0,13.1,11.6,91.0,1020.9,0.0,0,-2.2020763464146316,0.5083893828171346,-4.198736611464258,0.5900939480706776
c536e9c4-0e73-4e79-8198-228468de0a95,2026-05-02 14:00:00+00:00,20.0,15.1,12.8,86.0,1021.3,0.0,0,-2.403154239845797,0.6890933895424984,-2.994370061496112,0.802339039817813
c536e9c4-0e73-4e79-8198-228468de0a95,2026-05-02 15:00:00+00:00,140.0,17.8,13.3,75.0,1021.4,0.0,0,-1.898179093987535,0.6908806895178514,-2.3104671821656253,0.9807351325080764
c536e9c4-0e73-4e79-8198-228468de0a95,2026-05-02 16:00:00+00:00,170.0,20.4,11.9,58.0,1021.7,0.0,0,-1.6976702090827755,0.0889711256130047,-1.8995368201534022,0.1996493648412172
c536e9c4-0e73-4e79-8198-228468de0a95,2026-05-02 17:00:00+00:00,120.0,22.6,9.4,43.0,1021.7,0.0,0,-1.8926024674273558,0.614943818806145,-2.1988807326390254,0.8003271353820653
c536e9c4-0e73-4e79-8198-228468de0a95,2026-05-02 18:00:00+00:00,100.0,23.8,8.2,37.0,1021.3,0.0,0,-2.195295464919883,1.2168721468183066,-2.598076211353316,1.5000000000000004
c536e9c4-0e73-4e79-8198-228468de0a95,2026-05-02 19:00:00+00:00,120.0,24.4,8.0,35.0,1020.9,0.0,0,-2.4113129060365686,1.883924114496515,-2.7848783510220296,2.420857816974971
c536e9c4-0e73-4e79-8198-228468de0a95,2026-05-02 20:00:00+00:00,110.0,25.0,7.6,33.0,1020.4,0.0,0,-2.1962048784482673,1.9091317743623757,-2.486602585505179,2.318794424212495
c536e9c4-0e73-4e79-8198-228468de0a95,2026-05-02 21:00:00+00:00,110.0,25.5,7.1,31.0,1020.4,0.0,0,-2.205239942996411,1.487453123232187,-2.588520459953214,1.8125015388693055
c536e9c4-0e73-4e79-8198-228468de0a95,2026-05-02 22:00:00+00:00,90.0,25.6,6.2,29.0,1020.1,0.0,0,-2.399976112122686,1.4996715177799693,-2.910186870770622,1.8898974515021425
c536e9c4-0e73-4e79-8198-228468de0a95,2026-05-02 23:00:00+00:00,30.0,25.5,4.0,25.0,1019.6,0.0,0,-2.089174682838705,1.4091661167462826,-2.4917723426748384,1.8103785770608167
c536e9c4-0e73-4e79-8198-228468de0a95,2026-05-03 00:00:00+00:00,0.0,24.8,1.0,21.0,1018.7,0.0,0,-1.0,-1.8369701987210297e-16,-1.600052309019692,0.3110186624637685
c536e9c4-0e73-4e79-8198-228468de0a95,2026-05-03 01:00:00+00:00,0.0,23.9,1.5,23.0,1018.6,0.0,0,-0.40116951990890726,-1.4971850307480559,-0.404575120889185,-1.0013585629321304
c536e9c4-0e73-4e79-8198-228468de0a95,2026-05-03 02:00:00+00:00,0.0,20.9,5.7,37.0,1019.1,0.0,0,0.30461275711350516,-0.7935433625226215,0.08897112561300446,-1.6976702090827755
c536e9c4-0e73-4e79-8198-228468de0a95,2026-05-03 03:00:00+00:00,0.0,18.5,7.9,50.0,1019.4,0.0,0,1.303748609585582,-0.20649349385310467,1.411555092660829,-2.894116829083318
c536e9c4-0e73-4e79-8198-228468de0a95,2026-05-03 04:00:00+00:00,0.0,17.6,8.7,56.0,1019.7,0.0,0,0.2935661446562001,-0.9035036904803958,-0.076790588324048,-4.399329858688122
c536e9c4-0e73-4e79-8198-228468de0a95,2026-05-03 05:00:00+00:00,0.0,16.7,7.6,55.0,1019.7,0.0,0,1.1029846833736732,-0.19448595898696197,-0.9127323226899642,-4.294067967221406
c536e9c4-0e73-4e79-8198-228468de0a95,2026-05-03 06:00:00+00:00,0.0,16.0,8.2,60.0,1019.9,0.0,0,1.1983312105318935,-0.38936141291243365,-1.430557876690225,-4.988948201919875
c536e9c4-0e73-4e79-8198-228468de0a95,2026-05-03 07:00:00+00:00,0.0,15.1,8.3,64.0,1020.1,0.0,0,1.6009879483553942,-0.39917112773945185,-0.3852283829446481,-4.403180565565515
c536e9c4-0e73-4e79-8198-228468de0a95,2026-05-03 08:00:00+00:00,0.0,14.8,8.0,64.0,1019.7,0.0,0,1.1011554419695377,0.29505371141687364,-2.8200000000000003,-4.8843832773442335
c536e9c4-0e73-4e79-8198-228468de0a95,2026-05-03 09:00:00+00:00,0.0,14.4,7.2,62.0,1019.6,0.0,0,1.1983312105318935,0.3893614129124338,-4.518520407737834,-5.57990800326105
c536e9c4-0e73-4e79-8198-228468de0a95,2026-05-03 10:00:00+00:00,0.0,14.0,6.8,62.0,1019.8,0.0,0,1.2071486133425335,1.3886656276099005,-3.812500941794851,-3.6816893634326853
c536e9c4-0e73-4e79-8198-228468de0a95,2026-05-03 11:00:00+00:00,0.0,13.3,7.3,67.0,1020.0,0.0,0,1.9988091961285528,0.49835910493531543,-1.5964225293102148,-0.6128091937224642
c536e9c4-0e73-4e79-8198-228468de0a95,2026-05-03 12:00:00+00:00,0.0,13.3,8.7,74.0,1020.4,0.0,0,1.2968332653377714,0.09068341586736281,-2.5958236867358813,-1.101861782339752
c536e9c4-0e73-4e79-8198-228468de0a95,2026-05-03 13:00:00+00:00,0.0,15.8,10.8,72.0,1020.8,0.0,0,-0.30406657291164624,-0.9945569462015569,-1.207148613342533,-1.3886656276099008
c536e9c4-0e73-4e79-8198-228468de0a95,2026-05-03 14:00:00+00:00,0.0,19.7,10.9,57.0,1021.3,0.0,0,-1.4921202459973835,-1.2082951508156885,-2.2052399429964114,-1.487453123232186
c536e9c4-0e73-4e79-8198-228468de0a95,2026-05-03 15:00:00+00:00,20.0,22.2,11.8,52.0,1021.2,0.0,0,-2.9998787750913123,-1.3988664463617142,-3.1898033565943567,-1.625285989067578
c536e9c4-0e73-4e79-8198-228468de0a95,2026-05-03 16:00:00+00:00,40.0,24.9,11.4,43.0,1021.3,0.0,0,-2.5980762113533156,-1.5000000000000013,-3.109612769417404,-1.5844268440910187
c536e9c4-0e73-4e79-8198-228468de0a95,2026-05-03 17:00:00+00:00,30.0,27.0,9.8,34.0,1021.1,0.0,0,-2.790887083734148,-1.0157998256772356,-3.8009846739092534,-1.3087839809177695
c536e9c4-0e73-4e79-8198-228468de0a95,2026-05-03 18:00:00+00:00,20.0,28.4,9.2,30.0,1019.9,0.0,0,-3.4900823772512872,-2.015000000000002,-4.381844732768373,-2.4288961974341476
c536e9c4-0e73-4e79-8198-228468de0a95,2026-05-03 19:00:00+00:00,20.0,29.0,8.6,28.0,1018.9,0.0,0,-2.701147904132611,-2.701147904132612,-3.690529847289355,-3.2081286517635803
c536e9c4-0e73-4e79-8198-228468de0a95,2026-05-03 20:00:00+00:00,10.0,29.3,7.8,26.0,1018.1,0.0,0,-1.7200563252846461,-3.688672693239166,-2.138448404407938,-4.585917402405449
c536e9c4-0e73-4e79-8198-228468de0a95,2026-05-03 21:00:00+00:00,0.0,28.9,8.0,27.0,1017.0,0.0,0,-0.09424299476133165,-5.399177553844513,-0.7860572649632002,-6.401922678086527
c536e9c4-0e73-4e79-8198-228468de0a95,2026-05-03 22:00:00+00:00,10.0,28.5,8.2,28.0,1016.0,0.0,0,5.633375276077824e-16,-4.6,-0.3145390970200908,-6.001763503874988
c536e9c4-0e73-4e79-8198-228468de0a95,2026-05-03 23:00:00+00:00,0.0,28.5,5.9,24.0,1015.3,0.0,0,-0.9311478974375382,-4.7903406552246,-1.633148174596906,-6.094991963884021
c536e9c4-0e73-4e79-8198-228468de0a95,2026-05-04 00:00:00+00:00,0.0,26.3,5.8,27.0,1014.3,0.0,0,-0.28837111889861905,-5.502448736497701,-0.5385199773046471,-7.701194468005842
c536e9c4-0e73-4e79-8198-228468de0a95,2026-05-04 01:00:00+00:00,0.0,24.4,8.4,36.0,1014.7,0.0,0,-0.2145774205960686,-4.0943810924937525,-0.5036417404325845,-7.20241244287593
c536e9c4-0e73-4e79-8198-228468de0a95,2026-05-04 02:00:00+00:00,0.0,22.2,9.0,43.0,1014.7,0.0,0,0.29720108276951446,-3.3970239204928525,0.2865248679275344,-8.204998689826777
c536e9c4-0e73-4e79-8198-228468de0a95,2026-05-04 03:00:00+00:00,0.0,21.2,8.1,43.0,1014.5,0.0,0,-0.6811881134942647,-3.50440904490816,-1.732545678019026,-8.91317482570479
c536e9c4-0e73-4e79-8198-228468de0a95,2026-05-04 04:00:00+00:00,0.0,20.3,8.0,45.0,1015.4,0.0,0,-1.0171588472529067,-3.7960884973160387,-3.1457930027369634,-9.681755335884663
c536e9c4-0e73-4e79-8198-228468de0a95,2026-05-04 05:00:00+00:00,0.0,19.5,7.5,46.0,1015.3,0.0,0,-1.385181580468958,-3.805755114182929,-3.6553530853620644,-9.522520350271456
c536e9c4-0e73-4e79-8198-228468de0a95,2026-05-04 06:00:00+00:00,0.0,18.6,7.7,49.0,1014.6,0.0,0,-0.8975302326747664,-3.5997971444839467,-3.059268244311978,-9.415459511322021
c536e9c4-0e73-4e79-8198-228468de0a95,2026-05-04 07:00:00+00:00,0.0,17.7,8.8,56.0,1014.1,0.0,0,-0.5051983564850379,-3.5946730895319,-2.170777674418297,-9.40267112517752
c536e9c4-0e73-4e79-8198-228468de0a95,2026-05-04 08:00:00+00:00,0.0,17.3,9.2,59.0,1013.8,0.0,0,-0.8066973603729068,-3.7952126908471655,-2.958801651794096,-9.677804130345917
c536e9c4-0e73-4e79-8198-228468de0a95,2026-05-04 09:00:00+00:00,0.0,16.8,10.8,68.0,1013.7,0.0,0,-0.6876467835610447,-3.899838701928344,-2.958801651794096,-9.677804130345917
c536e9c4-0e73-4e79-8198-228468de0a95,2026-05-04 10:00:00+00:00,0.0,16.6,11.3,71.0,1013.1,0.0,0,-1.1163312910588459,-3.8931098685501913,-3.719859316280219,-9.690564827040955
c536e9c4-0e73-4e79-8198-228468de0a95,2026-05-04 11:00:00+00:00,0.0,16.3,11.8,75.0,1012.9,0.0,0,-0.7214535671376255,-3.3941721745463056,-3.526340623525756,-9.186431396732464
c536e9c4-0e73-4e79-8198-228468de0a95,2026-05-04 12:00:00+00:00,0.0,15.7,12.0,79.0,1012.7,0.0,0,1.3010764773832475,-1.3010764773832473,-1.966825011225297,-7.888504254623852
c536e9c4-0e73-4e79-8198-228468de0a95,2026-05-04 13:00:00+00:00,0.0,17.8,12.4,71.0,1013.2,0.0,0,-0.8940202705163659,-4.206034683155364,-2.353943018677171,-8.209174883313242
c536e9c4-0e73-4e79-8198-228468de0a95,2026-05-04 14:00:00+00:00,0.0,19.7,13.4,67.0,1013.4,0.0,0,-1.418328367161814,-5.293273528064095,-2.5611761333711742,-8.377229662236191
c536e9c4-0e73-4e79-8198-228468de0a95,2026-05-04 15:00:00+00:00,0.0,21.5,14.2,63.0,1013.1,0.0,0,-1.664849629134674,-5.806020643467446,-2.6342690595518583,-8.616305851226949
c536e9c4-0e73-4e79-8198-228468de0a95,2026-05-04 16:00:00+00:00,0.0,23.1,14.6,59.0,1012.6,0.0,0,-1.3826127439381009,-6.504681544879808,-2.170777674418297,-9.40267112517752
c536e9c4-0e73-4e79-8198-228468de0a95,2026-05-04 17:00:00+00:00,30.0,24.6,15.5,57.0,1011.6,0.0,0,-1.6646378021446009,-7.2103384794107415,-2.540179903796509,-10.188105125897962
c536e9c4-0e73-4e79-8198-228468de0a95,2026-05-04 18:00:00+00:00,0.0,26.0,14.5,49.0,1010.7,0.0,0,-1.459688814630567,-7.50944795337463,-2.2350506762909146,-10.51508670788841
c536e9c4-0e73-4e79-8198-228468de0a95,2026-05-04 19:00:00+00:00,150.0,27.0,15.4,49.0,1009.5,0.0,0,-1.5341043228274194,-7.892282554919218,-2.1217960285871773,-10.915694279938023
c536e9c4-0e73-4e79-8198-228468de0a95,2026-05-04 20:00:00+00:00,300.0,27.6,15.6,48.0,1008.1,0.0,0,-1.3926583848887824,-7.898158179157908,-2.140876928124832,-11.01385699828279
c536e9c4-0e73-4e79-8198-228468de0a95,2026-05-04 21:00:00+00:00,540.0,28.2,16.4,49.0,1007.4,0.0,0,-1.5150234232897652,-7.794119836574453,-2.341085638607972,-11.013941984262651
c536e9c4-0e73-4e79-8198-228468de0a95,2026-05-04 22:00:00+00:00,770.0,28.3,17.2,51.0,1006.6,0.0,0,-1.5379205027349505,-7.911915098588172,-2.6296778252797814,-11.3903860573394
c536e9c4-0e73-4e79-8198-228468de0a95,2026-05-04 23:00:00+00:00,860.0,28.0,17.5,53.0,1005.8,0.0,0,-1.2186244826633974,-7.694092173236124,-2.192395356876499,-11.27889633781366
c536e9c4-0e73-4e79-8198-228468de0a95,2026-05-07 00:00:00+00:00,10.0,15.8,12.9,83.0,1013.5,0.0,0,2.486867076662307,2.01382525135948,3.699994660264664,3.104664154785985
c536e9c4-0e73-4e79-8198-228468de0a95,2026-05-07 01:00:00+00:00,0.0,14.9,11.5,80.0,1014.5,0.0,0,2.000980038421047,2.3018642196794543,3.5092704093562523,4.491661295558315
c536e9c4-0e73-4e79-8198-228468de0a95,2026-05-07 02:00:00+00:00,0.0,15.1,12.0,82.0,1015.0,0.0,0,1.0109906339430539,1.3915092303249097,3.2846446854982156,3.914487104337978
c536e9c4-0e73-4e79-8198-228468de0a95,2026-05-07 03:00:00+00:00,0.0,15.1,12.4,84.0,1016.1,0.0,0,1.8936396159955688,2.103099856101026,4.1012193308819755,4.1012193308819755
c536e9c4-0e73-4e79-8198-228468de0a95,2026-05-07 04:00:00+00:00,0.0,14.7,12.0,84.0,1016.6,0.0,0,1.499066376115481,1.499066376115481,3.336885196265068,4.271018284548433
c536e9c4-0e73-4e79-8198-228468de0a95,2026-05-07 05:00:00+00:00,0.0,14.8,12.1,84.0,1016.3,0.0,0,2.095550497145535,0.6008894356810582,4.426811061936544,2.7661785592973294
c536e9c4-0e73-4e79-8198-228468de0a95,2026-05-07 06:00:00+00:00,0.0,14.4,12.2,87.0,1016.4,0.0,0,1.3067624374312117,0.6948179129231185,3.975770659787496,3.3360676942731398
c536e9c4-0e73-4e79-8198-228468de0a95,2026-05-07 07:00:00+00:00,0.0,13.6,11.5,87.0,1016.4,0.0,0,2.393312618976345,1.0159009340721117,4.583849636125752,2.235692848624295
c536e9c4-0e73-4e79-8198-228468de0a95,2026-05-07 08:00:00+00:00,0.0,13.4,11.8,90.0,1016.8,0.0,0,0.8107764742768035,1.2975135871193317,3.089452571083118,3.3130322683348425
c536e9c4-0e73-4e79-8198-228468de0a95,2026-05-07 09:00:00+00:00,0.0,12.7,10.8,88.0,1017.0,0.0,0,0.1946251752840757,1.0012597271166173,1.9107492605385756,3.593596702935833
c536e9c4-0e73-4e79-8198-228468de0a95,2026-05-07 10:00:00+00:00,0.0,12.2,10.7,91.0,1017.5,0.0,0,-0.9008582983535776,0.49935390885372744,-7.347880794884119e-16,3.0
c536e9c4-0e73-4e79-8198-228468de0a95,2026-05-07 11:00:00+00:00,0.0,11.8,10.5,92.0,1018.6,0.0,0,-1.0013585629321304,0.40457512088918496,-1.5987758862355277,2.200526224699857
c536e9c4-0e73-4e79-8198-228468de0a95,2026-05-07 12:00:00+00:00,0.0,11.8,11.0,95.0,1019.4,0.0,0,-0.9008582983535778,-0.49935390885372694,-1.597271020094586,1.2036300463040959
c536e9c4-0e73-4e79-8198-228468de0a95,2026-05-07 13:00:00+00:00,0.0,13.3,12.4,94.0,1019.7,0.0,0,-0.5020458146424487,-0.5020458146424488,-0.5054953169715268,-0.6957546151624548
c536e9c4-0e73-4e79-8198-228468de0a95,2026-05-07 14:00:00+00:00,0.0,15.1,12.4,84.0,1019.7,0.0,0,-0.7999921550361386,0.6954225707299375,-0.40457512088918535,1.0013585629321304
c536e9c4-0e73-4e79-8198-228468de0a95,2026-05-07 15:00:00+00:00,0.0,16.8,12.3,75.0,1019.2,0.0,0,-0.20839657722280175,1.6972539193066607,0.3004113473637895,1.7037174127111199
c536e9c4-0e73-4e79-8198-228468de0a95,2026-05-07 16:00:00+00:00,0.0,18.4,11.2,63.0,1018.8,0.0,0,0.6110568628705199,1.998676939962744,1.0076917362888034,2.4941245687846583
c536e9c4-0e73-4e79-8198-228468de0a95,2026-05-07 17:00:00+00:00,0.0,19.9,11.4,58.0,1018.5,0.0,0,1.216872146818306,2.1952954649198833,1.4999999999999998,2.598076211353316
c536e9c4-0e73-4e79-8198-228468de0a95,2026-05-07 18:00:00+00:00,0.0,21.7,9.3,45.0,1017.2,0.0,0,1.49967151777997,2.3999761121226855,1.8136479866000401,2.792772991258262
c536e9c4-0e73-4e79-8198-228468de0a95,2026-05-07 19:00:00+00:00,0.0,23.0,9.7,43.0,1016.6,0.0,0,2.392652557776756,1.1157122109954465,2.8115087463029282,1.6893248857049776
c536e9c4-0e73-4e79-8198-228468de0a95,2026-05-07 20:00:00+00:00,0.0,23.2,11.9,49.0,1015.8,0.0,0,1.192106533639248,-1.1116573269018724,1.602810901735645,-1.001547409400757
c536e9c4-0e73-4e79-8198-228468de0a95,2026-05-07 21:00:00+00:00,0.0,22.6,11.9,51.0,1015.2,0.0,0,1.6252859890675777,-3.1898033565943567,2.071984323151831,-3.3158680559716256
c536e9c4-0e73-4e79-8198-228468de0a95,2026-05-07 22:00:00+00:00,0.0,21.8,11.8,53.0,1014.9,0.0,0,0.7153443528134914,-3.0984968060170477,1.3087839809177693,-3.8009846739092534
c536e9c4-0e73-4e79-8198-228468de0a95,2026-05-07 23:00:00+00:00,0.0,21.2,11.8,55.0,1014.6,0.0,0,0.690204487449172,-2.004499380270552,1.0157998256772367,-2.7908870837341477
c536e9c4-0e73-4e79-8198-228468de0a95,2026-05-08 00:00:00+00:00,0.0,21.0,10.7,52.0,1014.5,0.0,0,0.6043441142892002,-1.2960201354624095,0.690204487449172,-2.004499380270552
c536e9c4-0e73-4e79-8198-228468de0a95,2026-05-08 01:00:00+00:00,0.0,20.3,11.0,55.0,1014.0,0.0,0,0.0954250236745409,-0.6024898877630339,0.6888950435031664,-1.1024625250033537
c536e9c4-0e73-4e79-8198-228468de0a95,2026-05-08 02:00:00+00:00,0.0,18.6,12.5,68.0,1014.2,0.0,0,-0.5020458146424487,-0.5020458146424488,-0.2935661446561999,-0.9035036904803959
c536e9c4-0e73-4e79-8198-228468de0a95,2026-05-08 03:00:00+00:00,0.0,18.7,12.2,66.0,1014.6,0.0,0,1.600052309019692,0.3110186624637682,2.5885204599532137,-1.812501538869306
c536e9c4-0e73-4e79-8198-228468de0a95,2026-05-08 04:00:00+00:00,0.0,17.4,11.9,70.0,1014.7,0.0,0,0.8917737905728731,0.8029567276306299,1.0013585629321304,-0.40457512088918507
c536e9c4-0e73-4e79-8198-228468de0a95,2026-05-08 05:00:00+00:00,0.0,16.9,12.4,75.0,1015.1,0.0,0,0.5020458146424488,-0.5020458146424487,0.9013166310925952,-1.5000427762286963
c536e9c4-0e73-4e79-8198-228468de0a95,2026-05-08 06:00:00+00:00,0.0,16.5,13.0,80.0,1014.8,0.0,0,0.4030508652763321,-0.403050865276332,0.5056438377478442,-2.6013120361363096
c536e9c4-0e73-4e79-8198-228468de0a95,2026-05-08 07:00:00+00:00,0.0,16.6,12.6,77.0,1014.7,0.0,0,1.3962779769256142,-0.19623407235369214,1.1072857899613173,-0.9970046034746988
c536e9c4-0e73-4e79-8198-228468de0a95,2026-05-08 08:00:00+00:00,0.0,16.6,12.4,76.0,1014.5,0.0,0,-0.30433808521444916,-0.09888543819998322,0.4024305394928189,-1.4034420760699455
c536e9c4-0e73-4e79-8198-228468de0a95,2026-05-08 09:00:00+00:00,0.0,16.2,13.1,82.0,1013.6,0.0,0,1.899536820153402,-0.19964936484121829,3.4816139073272305,-2.8193553519032712
c536e9c4-0e73-4e79-8198-228468de0a95,2026-05-08 10:00:00+00:00,0.0,16.0,14.0,88.0,1013.5,0.0,0,1.204979775526068,-0.1908500473490816,2.092828302479718,-2.4075235609106427
c536e9c4-0e73-4e79-8198-228468de0a95,2026-05-08 11:00:00+00:00,0.0,16.3,14.1,87.0,1014.3,0.0,0,0.4030508652763321,0.4030508652763321,1.0994403663195127,-0.4001635676910324
c536e9c4-0e73-4e79-8198-228468de0a95,2026-05-08 12:00:00+00:00,0.0,16.2,13.8,86.0,1014.2,0.0,0,1.0994403663195127,-0.4001635676910324,1.7051476133741617,-0.3936643451017638
c536e9c4-0e73-4e79-8198-228468de0a95,2026-05-08 13:00:00+00:00,0.0,17.1,14.4,84.0,1014.1,0.0,0,0.6888950435031664,-1.1024625250033537,1.893639615995569,-2.1030998561010255
c536e9c4-0e73-4e79-8198-228468de0a95,2026-05-08 14:00:00+00:00,0.0,19.1,14.1,73.0,1013.9,0.0,0,2.103099856101026,-1.8936396159955688,2.682752819973393,-2.415561488955478
c536e9c4-0e73-4e79-8198-228468de0a95,2026-05-08 15:00:00+00:00,0.0,20.2,15.4,74.0,1013.8,0.0,0,1.0999999999999999,-1.9052558883257653,1.1998730970736113,-2.6949591000456725
c536e9c4-0e73-4e79-8198-228468de0a95,2026-05-08 16:00:00+00:00,0.0,21.4,15.3,68.0,1013.4,0.0,0,-0.09771859076700251,-2.798294315653468,0.18369920641273274,-3.505189666988554
c536e9c4-0e73-4e79-8198-228468de0a95,2026-05-08 17:00:00+00:00,20.0,23.0,15.0,61.0,1012.4,0.0,0,0.6110568628705194,-1.9986769399627442,0.8915636923298711,-2.206697573868954
c536e9c4-0e73-4e79-8198-228468de0a95,2026-05-08 18:00:00+00:00,60.0,23.3,16.1,64.0,1011.3,0.0,0,1.3151134403672318,-2.6963821388975013,1.412266857177989,-3.4954831317167883
c536e9c4-0e73-4e79-8198-228468de0a95,2026-05-08 19:00:00+00:00,100.0,23.8,16.5,64.0,1010.6,0.0,0,0.6179161369089125,-3.901368945350794,0.6749895396563168,-4.802800133396616
c536e9c4-0e73-4e79-8198-228468de0a95,2026-05-08 20:00:00+00:00,280.0,24.6,17.3,64.0,1010.0,0.0,0,0.09073869142650297,-2.598416150249649,4.0413344371862655e-16,-3.3
c536e9c4-0e73-4e79-8198-228468de0a95,2026-05-08 21:00:00+00:00,180.0,22.3,16.1,68.0,1008.8,0.0,0,1.494324968841089,-1.2989968774012042,1.3845048603096424,-1.7097211152053362
c536e9c4-0e73-4e79-8198-228468de0a95,2026-05-08 22:00:00+00:00,330.0,23.6,16.9,66.0,1008.3,0.0,0,1.3829045864577214,-3.1060545559848425,1.0740990371754624,-4.008592179099633
c536e9c4-0e73-4e79-8198-228468de0a95,2026-05-08 23:00:00+00:00,720.0,23.0,18.1,74.0,1007.8,0.0,0,0.6149438188061456,-1.8926024674273556,0.689093389542498,-2.4031542398457972
c536e9c4-0e73-4e79-8198-228468de0a95,2026-05-09 00:00:00+00:00,970.0,23.9,18.5,72.0,1007.9,0.0,0,0.413909939992712,-1.7928409192048327,0.39577919655178434,-2.498851501705698
c536e9c4-0e73-4e79-8198-228468de0a95,2026-05-09 01:00:00+00:00,980.0,23.4,18.5,74.0,1007.3,0.0,0,0.507950467036056,-1.1966563094881726,0.6110568628705194,-1.9986769399627442
c536e9c4-0e73-4e79-8198-228468de0a95,2026-05-09 02:00:00+00:00,1230.0,22.8,19.3,81.0,1008.1,0.0,0,1.1035472652688987,-0.8936349552907689,1.902117241391813,-1.9021172413918126
c536e9c4-0e73-4e79-8198-228468de0a95,2026-05-09 03:00:00+00:00,1240.0,22.6,19.7,84.0,1008.6,0.0,0,0.7993879431177636,-1.1002631123499285,1.7115389014053302,-2.1906698950266867
c536e9c4-0e73-4e79-8198-228468de0a95,2026-05-09 04:00:00+00:00,1070.0,22.9,19.2,80.0,1009.4,0.0,0,0.6039283357484067,0.8953605783594452,1.102462525003354,-0.6888950435031662
c536e9c4-0e73-4e79-8198-228468de0a95,2026-05-09 05:00:00+00:00,1260.0,22.6,19.6,83.0,1009.4,0.0,0,1.1030865786510142,-1.103086578651014,1.609812249375808,-3.7924799962240545
c536e9c4-0e73-4e79-8198-228468de0a95,2026-05-09 06:00:00+00:00,1720.0,22.2,19.7,86.0,1010.3,0.0,0,-0.6948179129231183,1.306762437431212,-0.8917737905728734,0.8029567276306293
c536e9c4-0e73-4e79-8198-228468de0a95,2026-05-09 07:00:00+00:00,1510.0,21.5,19.6,89.0,1010.1,0.0,0,-0.40243053949281854,-1.4034420760699455,-1.5972710200945857,-1.2036300463040965
c536e9c4-0e73-4e79-8198-228468de0a95,2026-05-09 08:00:00+00:00,1360.0,21.5,19.6,89.0,1009.0,0.0,0,-0.9850000000000002,-1.706070045455344,-2.9939775766782777,-3.1003545394595857
c536e9c4-0e73-4e79-8198-228468de0a95,2026-05-09 09:00:00+00:00,1440.0,21.2,20.1,94.0,1006.6,0.0,0,2.6719708029133575,-3.419966670653173,3.3599999999999994,-5.819690713431428
c536e9c4-0e73-4e79-8198-228468de0a95,2026-05-09 10:00:00+00:00,1980.0,21.9,20.9,94.0,1007.6,0.0,0,-1.5698724578648189,4.31318912940732,-2.0032105606509143,4.2958989105537215
c536e9c4-0e73-4e79-8198-228468de0a95,2026-05-09 11:00:00+00:00,1800.0,22.5,20.4,88.0,1008.4,0.0,0,-0.9008582983535778,-0.49935390885372694,-3.918296287984494,-2.171947098703589
c536e9c4-0e73-4e79-8198-228468de0a95,2026-05-09 12:00:00+00:00,1200.0,22.2,19.4,84.0,1009.2,0.0,0,-1.5020378443981957,-0.606862681333778,-4.121844535170567,-4.577772124940749
c536e9c4-0e73-4e79-8198-228468de0a95,2026-05-09 13:00:00+00:00,1080.0,21.9,19.4,86.0,1009.3,0.0,0,-1.589154965920644,1.1127382865210294,-2.588520459953214,1.8125015388693055
c536e9c4-0e73-4e79-8198-228468de0a95,2026-05-09 14:00:00+00:00,1400.0,22.9,19.8,83.0,1009.6,0.0,0,-2.0982940959338214,1.6991650558345615,-2.384213067278495,2.223314653803745
c536e9c4-0e73-4e79-8198-228468de0a95,2026-05-09 15:00:00+00:00,1700.0,24.9,20.6,77.0,1009.6,0.0,0,-1.9894936613298453,1.611060201087584,-2.103099856101027,1.8936396159955675
c536e9c4-0e73-4e79-8198-228468de0a95,2026-05-09 16:00:00+00:00,1590.0,26.8,19.9,66.0,1009.6,0.0,0,-2.0928283024797185,2.4075235609106422,-2.0928283024797185,2.4075235609106422
c536e9c4-0e73-4e79-8198-228468de0a95,2026-05-09 17:00:00+00:00,2400.0,28.2,21.0,65.0,1009.8,0.0,0,-2.2233146538037443,2.3842130672784965,-2.0193696390681586,2.584675271830048
c536e9c4-0e73-4e79-8198-228468de0a95,2026-05-09 18:00:00+00:00,2690.0,28.9,21.2,63.0,1009.4,0.0,0,-0.9041007981249447,1.3921931427894039,-1.2036300463040965,1.5972710200945857
c536e9c4-0e73-4e79-8198-228468de0a95,2026-05-09 19:00:00+00:00,2070.0,29.9,19.3,53.0,1008.8,0.0,0,-0.9033263185844586,1.0032455143944823,-0.9041007981249447,1.3921931427894039
c536e9c4-0e73-4e79-8198-228468de0a95,2026-05-09 20:00:00+00:00,2520.0,31.5,20.1,51.0,1008.4,0.0,0,0.19085004734908165,1.204979775526068,0.19620964288228745,1.5979993041425284
c536e9c4-0e73-4e79-8198-228468de0a95,2026-05-09 21:00:00+00:00,2840.0,31.6,20.2,51.0,1007.9,0.0,0,3.106669454637338,-0.38145104485811127,2.998172481057287,0.10469849010750323
c536e9c4-0e73-4e79-8198-228468de0a95,2026-05-09 22:00:00+00:00,2280.0,31.6,18.9,47.0,1007.0,0.0,0,1.9081082163519587,-1.1923183445247107,2.1988807326390254,-0.8003271353820648
c536e9c4-0e73-4e79-8198-228468de0a95,2026-05-09 23:00:00+00:00,1960.0,31.6,17.8,44.0,1007.1,0.0,0,1.7037174127111199,0.3004113473637896,2.1018349010122894,0.6829275575686339
c536e9c4-0e73-4e79-8198-228468de0a95,2026-05-10 00:00:00+00:00,1610.0,30.5,16.8,44.0,1006.9,0.0,0,2.302707071807867,0.28273687669994213,2.8953347938558913,0.5105256423407754
c536e9c4-0e73-4e79-8198-228468de0a95,2026-05-10 01:00:00+00:00,810.0,28.9,14.7,42.0,1007.0,0.0,0,2.5012163021361316,-0.3071107453809714,4.294106999444668,-0.22504461184465852
c536e9c4-0e73-4e79-8198-228468de0a95,2026-05-10 02:00:00+00:00,450.0,27.6,13.9,43.0,1007.7,0.0,0,1.899536820153402,-0.19964936484121829,4.294067967221407,-0.9127323226899634
c536e9c4-0e73-4e79-8198-228468de0a95,2026-05-10 03:00:00+00:00,540.0,25.6,15.0,52.0,1008.2,0.0,0,1.792840919204833,-0.4139099399927117,6.0813252510159215,-2.8357685362800926
c536e9c4-0e73-4e79-8198-228468de0a95,2026-05-10 04:00:00+00:00,1250.0,24.4,17.2,64.0,1008.3,0.0,0,2.4075506225207395,-1.3899999999999992,6.377324717223716,-3.831883277330804
c536e9c4-0e73-4e79-8198-228468de0a95,2026-05-10 05:00:00+00:00,1200.0,24.6,17.8,66.0,1008.0,0.0,0,2.3018642196794548,-2.0009800384210465,6.052834046956848,-6.052834046956846
c536e9c4-0e73-4e79-8198-228468de0a95,2026-05-10 06:00:00+00:00,1690.0,23.8,18.6,73.0,1008.8,0.0,0,2.6188422433730194,-2.27652483059706,5.696198637763776,-5.89858636277694
c536e9c4-0e73-4e79-8198-228468de0a95,2026-05-10 07:00:00+00:00,2420.0,23.6,20.3,82.0,1010.1,0.0,0,0.6892761318852781,1.7060182924028888,2.2199958267788653,3.291279163043516
c536e9c4-0e73-4e79-8198-228468de0a95,2026-05-10 08:00:00+00:00,2190.0,23.8,20.1,80.0,1009.9,0.0,0,1.6952593782891396,-0.9013854005489105,4.696707827338556,-2.6034276607228297
c536e9c4-0e73-4e79-8198-228468de0a95,2026-05-10 09:00:00+00:00,3100.0,24.3,20.8,81.0,1011.3,0.0,0,1.204979775526068,-0.1908500473490816,4.09552550346565,1.097392751234688
c536e9c4-0e73-4e79-8198-228468de0a95,2026-05-10 10:00:00+00:00,320.0,21.7,18.1,80.0,1013.4,0.0,0,6.517174362443278,2.766376389704058,11.440523770578642,5.829238016655781
c536e9c4-0e73-4e79-8198-228468de0a95,2026-05-10 11:00:00+00:00,0.0,19.5,15.6,78.0,1013.0,0.0,0,4.3,2.632990618166809e-16,7.192525720222402,-0.6292644626380924
c536e9c4-0e73-4e79-8198-228468de0a95,2026-05-10 12:00:00+00:00,20.0,19.7,16.3,81.0,1013.4,0.0,0,2.9014854414128015,-0.4077771858129915,5.002432604272263,-0.6142214907619428
c536e9c4-0e73-4e79-8198-228468de0a95,2026-05-10 13:00:00+00:00,60.0,20.2,16.4,79.0,1013.8,0.0,0,1.8172835103037053,-2.0905455372170785,2.0849999999999995,-3.611325933781109
c536e9c4-0e73-4e79-8198-228468de0a95,2026-05-10 14:00:00+00:00,70.0,20.9,16.1,74.0,1014.3,0.0,0,2.41044692850487,-1.2816573664054822,3.7172093659360823,-1.9764752793286007
c536e9c4-0e73-4e79-8198-228468de0a95,2026-05-10 15:00:00+00:00,450.0,22.8,17.4,72.0,1013.2,0.0,0,2.734383403443337,-4.375928176167158,4.208542406414108,-5.792561679724623
c536e9c4-0e73-4e79-8198-228468de0a95,2026-05-10 16:00:00+00:00,1370.0,25.8,19.9,70.0,1013.0,0.0,0,2.4765430138004993,-5.310963632034769,3.7136422878694932,-7.288433367860848
c536e9c4-0e73-4e79-8198-228468de0a95,2026-05-10 17:00:00+00:00,1240.0,23.9,17.6,68.0,1015.2,0.0,0,1.8997902189350655,-1.5941132720226177,2.0859675041075545,-3.2121082752309738
c536e9c4-0e73-4e79-8198-228468de0a95,2026-05-10 18:00:00+00:00,0.0,22.3,18.9,81.0,1016.2,0.0,0,5.408366252428092,1.8622498434949366,7.382448924688571,3.133663650483975
c536e9c4-0e73-4e79-8198-228468de0a95,2026-05-10 19:00:00+00:00,370.0,20.6,19.3,92.0,1015.9,0.0,0,4.386114945939935,2.139251196330698,6.896390497217967,3.513886467984092
c536e9c4-0e73-4e79-8198-228468de0a95,2026-05-10 20:00:00+00:00,490.0,21.9,17.9,78.0,1016.3,0.0,0,2.9948038502507233,1.2099792967333955,4.697281194009491,2.4975887140209396
c536e9c4-0e73-4e79-8198-228468de0a95,2026-05-10 21:00:00+00:00,330.0,23.6,18.3,72.0,1016.3,0.0,0,2.609766520178581,3.592035455024767,3.4868077671410664,5.8030226257533
c536e9c4-0e73-4e79-8198-228468de0a95,2026-05-10 22:00:00+00:00,0.0,21.1,18.1,83.0,1016.8,0.0,0,2.386077975220352,3.407672504242206,5.212527423535506,5.789098190468901
c536e9c4-0e73-4e79-8198-228468de0a95,2026-05-10 23:00:00+00:00,30.0,19.2,17.5,90.0,1017.1,0.0,0,2.5041310664980543,0.5781242096637328,4.703737414720213,2.19338877843423
c536e9c4-0e73-4e79-8198-228468de0a95,2026-05-11 00:00:00+00:00,50.0,18.9,17.5,92.0,1015.9,0.0,0,3.2915026837120953,-1.3298534066264878,6.399025249000904,-0.11169540119861426
c536e9c4-0e73-4e79-8198-228468de0a95,2026-05-11 01:00:00+00:00,120.0,18.4,16.6,89.0,1018.3,0.0,0,-0.6890933895424973,2.4031542398457972,1.9638563635082456,5.116020737204666
c536e9c4-0e73-4e79-8198-228468de0a95,2026-05-11 02:00:00+00:00,30.0,18.6,17.4,93.0,1017.2,0.0,0,0.298453526119815,0.20130944524946884,4.177675425873858,2.9252398253903347
c536e9c4-0e73-4e79-8198-228468de0a95,2026-05-11 03:00:00+00:00,90.0,18.7,17.8,95.0,1019.3,0.0,0,-3.0994870159707095,1.1897815924903972,-4.50333209967908,2.6000000000000005
c536e9c4-0e73-4e79-8198-228468de0a95,2026-05-11 04:00:00+00:00,0.0,17.3,16.5,95.0,1020.7,22.7,0,-2.1250000000000018,3.680607966083863,-3.1464144353987265,5.676281899334679
c536e9c4-0e73-4e79-8198-228468de0a95,2026-05-11 05:00:00+00:00,0.0,17.5,16.7,95.0,1020.6,6.8,0,0.28471072637322037,-1.7975927798831506,0.30406657291164607,-0.994556946201557
c536e9c4-0e73-4e79-8198-228468de0a95,2026-05-11 06:00:00+00:00,0.0,17.6,15.9,90.0,1020.0,0.0,0,4.201364345156002,0.8166625002116122,8.204805636788254,0.862359821958141
c536e9c4-0e73-4e79-8198-228468de0a95,2026-05-11 07:00:00+00:00,0.0,17.4,16.6,95.0,1020.1,0.0,0,-1.077689183249671e-15,4.4,0.40351022263309694,7.699433712957764
c536e9c4-0e73-4e79-8198-228468de0a95,2026-05-11 08:00:00+00:00,0.0,17.3,16.0,92.0,1019.1,0.0,0,0.6997632523482762,0.99936549403257,2.99934303555994,4.799952224245371
c536e9c4-0e73-4e79-8198-228468de0a95,2026-05-11 09:00:00+00:00,0.0,16.9,15.4,91.0,1019.7,0.0,0,-0.4921513381217182,1.1053900037475473,0.3939439572194149,4.5028000353746895
c536e9c4-0e73-4e79-8198-228468de0a95,2026-05-11 10:00:00+00:00,0.0,16.5,15.0,91.0,1019.5,0.0,0,-0.30041134736378955,1.7037174127111199,0.41137510576894654,4.702038974993039
c536e9c4-0e73-4e79-8198-228468de0a95,2026-05-11 11:00:00+00:00,0.0,16.1,14.6,91.0,1020.0,0.0,0,-0.6043441142891999,1.2960201354624095,0.20934382497177534,3.9945181390182953
c536e9c4-0e73-4e79-8198-228468de0a95,2026-05-11 12:00:00+00:00,0.0,16.0,14.5,91.0,1020.7,0.0,0,-0.6035743066712668,0.6943328138049502,0.3320633798685776,3.7955017997295504
c536e9c4-0e73-4e79-8198-228468de0a95,2026-05-11 13:00:00+00:00,0.0,16.6,14.1,85.0,1021.7,0.0,0,0.11513910373447644,2.1969849764600626,0.4097515760092016,3.8985258298436314
c536e9c4-0e73-4e79-8198-228468de0a95,2026-05-11 14:00:00+00:00,0.0,16.9,14.7,87.0,1022.5,0.0,0,0.5093836425035104,2.3964616217978243,1.128554780229764,3.691336358017317
c536e9c4-0e73-4e79-8198-228468de0a95,2026-05-11 15:00:00+00:00,0.0,18.5,16.5,88.0,1022.9,0.0,0,0.7818129957686168,2.4061729862267383,1.5238514011081676,3.5899689284645175
c536e9c4-0e73-4e79-8198-228468de0a95,2026-05-11 16:00:00+00:00,430.0,20.6,18.1,86.0,1022.2,0.0,0,2.104271203207054,2.896280839862312,2.924821012518955,3.8813685788298433
c536e9c4-0e73-4e79-8198-228468de0a95,2026-05-11 17:00:00+00:00,840.0,22.0,18.7,82.0,1021.7,0.0,0,1.61721955521757,2.6915053242046327,2.101355345633021,3.497242586864618
c536e9c4-0e73-4e79-8198-228468de0a95,2026-05-11 18:00:00+00:00,1120.0,23.1,18.8,77.0,1021.4,0.0,0,2.5889921037318633,2.4142741946212447,3.4184661971960133,3.0780007892507477
c536e9c4-0e73-4e79-8198-228468de0a95,2026-05-11 19:00:00+00:00,1020.0,24.0,18.4,71.0,1021.4,0.0,0,2.7022210610854995,2.7982318233173533,3.4713716527181173,3.7225903412415775
c536e9c4-0e73-4e79-8198-228468de0a95,2026-05-11 20:00:00+00:00,610.0,25.3,17.2,61.0,1021.0,0.0,0,3.69853720463932,2.4018581444162694,4.717223787838188,3.1818076207485495
c536e9c4-0e73-4e79-8198-228468de0a95,2026-05-11 21:00:00+00:00,450.0,25.5,16.9,59.0,1020.6,0.0,0,3.697489699242018,2.3104479920567735,4.721715297532738,3.0663177671346022
c536e9c4-0e73-4e79-8198-228468de0a95,2026-05-11 22:00:00+00:00,350.0,25.3,16.4,58.0,1020.3,0.0,0,3.8971234842575946,1.8172585254850075,4.907415492793452,2.393506461468363
c536e9c4-0e73-4e79-8198-228468de0a95,2026-05-11 23:00:00+00:00,140.0,24.9,16.0,58.0,1019.8,0.0,0,3.709634559413335,1.5746464478117732,4.905739107540767,2.184175773317047
c536e9c4-0e73-4e79-8198-228468de0a95,2026-05-12 00:00:00+00:00,60.0,24.1,15.1,57.0,1019.8,0.0,0,3.307034556666215,1.4723866479343968,4.583849636125752,2.235692848624295
c536e9c4-0e73-4e79-8198-228468de0a95,2026-05-12 01:00:00+00:00,40.0,22.4,14.8,62.0,1020.0,0.0,0,1.996588775118232,1.504537557880121,3.7052978342372596,2.692056455499527
c536e9c4-0e73-4e79-8198-228468de0a95,2026-05-12 02:00:00+00:00,30.0,20.8,14.9,69.0,1020.3,0.0,0,1.898179093987535,0.690880689517851,4.494643651601597,2.001144283932937
c536e9c4-0e73-4e79-8198-228468de0a95,2026-05-12 03:00:00+00:00,20.0,19.7,14.9,74.0,1020.4,0.0,0,1.9972590695091477,0.10467191248588793,5.196832300499298,0.18147738285300563
c536e9c4-0e73-4e79-8198-228468de0a95,2026-05-12 04:00:00+00:00,0.0,18.8,14.6,77.0,1020.7,0.0,0,2.0025194542332345,-0.3892503505681514,6.313918019808325,-1.4576828321482456
c536e9c4-0e73-4e79-8198-228468de0a95,2026-05-12 05:00:00+00:00,0.0,17.8,14.4,81.0,1020.9,0.0,0,1.192106533639248,-1.1116573269018724,5.186041647146193,-2.529401516972977
c536e9c4-0e73-4e79-8198-228468de0a95,2026-05-12 06:00:00+00:00,0.0,17.1,14.2,83.0,1020.6,0.0,0,1.2942602299766068,-0.906250769434653,4.494654909629058,-2.808572100435985
c536e9c4-0e73-4e79-8198-228468de0a95,2026-05-12 07:00:00+00:00,0.0,16.5,14.0,85.0,1020.4,0.0,0,1.1950293312656057,-1.0027486711110014,3.4816139073272305,-2.8193553519032712
c536e9c4-0e73-4e79-8198-228468de0a95,2026-05-12 08:00:00+00:00,0.0,15.9,13.7,87.0,1020.4,0.0,0,1.3988802429757377,-0.7127650845910884,2.7937711401852314,-2.605233735438744
c536e9c4-0e73-4e79-8198-228468de0a95,2026-05-12 09:00:00+00:00,0.0,15.5,13.3,87.0,1020.3,0.0,0,1.600052309019692,-0.311018662463768,2.497304884567868,-2.0954876075781184
c536e9c4-0e73-4e79-8198-228468de0a95,2026-05-12 10:00:00+00:00,0.0,15.0,12.6,86.0,1020.4,0.0,0,1.2968332653377714,-0.09068341586736293,1.7909790294005203,-1.6126047613248484
c536e9c4-0e73-4e79-8198-228468de0a95,2026-05-12 11:00:00+00:00,0.0,14.5,12.2,86.0,1020.6,0.0,0,1.3,7.960204194457797e-17,1.796664518223326,-1.4037081637425008
c536e9c4-0e73-4e79-8198-228468de0a95,2026-05-12 12:00:00+00:00,0.0,14.3,12.3,88.0,1021.1,0.0,0,1.792840919204833,0.4139099399927115,2.004499380270552,-0.6902044874491721
c536e9c4-0e73-4e79-8198-228468de0a95,2026-05-12 13:00:00+00:00,0.0,16.9,14.9,88.0,1021.5,0.0,0,0.5,3.061616997868383e-17,2.1969849764600626,-0.11513910373447646
c536e9c4-0e73-4e79-8198-228468de0a95,2026-05-12 14:00:00+00:00,0.0,20.2,15.2,73.0,1021.7,0.0,0,1.102462525003354,-0.6888950435031662,1.3943009000929465,-0.8049999999999997
c536e9c4-0e73-4e79-8198-228468de0a95,2026-05-12 15:00:00+00:00,0.0,22.2,13.0,56.0,1021.4,0.0,0,1.1001708507303551,-1.6941145472497563,1.5045375578801203,-1.9965887751182323
c536e9c4-0e73-4e79-8198-228468de0a95,2026-05-12 16:00:00+00:00,0.0,23.8,13.3,52.0,1021.1,0.0,0,0.689093389542498,-2.4031542398457972,0.8888099823571193,-2.907166458127628
c536e9c4-0e73-4e79-8198-228468de0a95,2026-05-12 17:00:00+00:00,0.0,25.1,14.0,50.0,1020.5,0.0,0,0.48656293821018964,-2.503149317791543,0.510525642340775,-2.8953347938558913
c536e9c4-0e73-4e79-8198-228468de0a95,2026-05-12 18:00:00+00:00,0.0,26.2,14.3,48.0,1019.5,0.0,0,0.3192976797214866,-2.600470917300264,0.3814510448581118,-3.1066694546373377
c536e9c4-0e73-4e79-8198-228468de0a95,2026-05-12 19:00:00+00:00,0.0,27.2,13.8,44.0,1018.6,0.0,0,0.41142264305580745,-2.597620335765212,0.42169449590899794,-3.000512248286958
c536e9c4-0e73-4e79-8198-228468de0a95,2026-05-12 20:00:00+00:00,0.0,28.0,13.1,40.0,1017.7,0.0,0,0.4775324885840583,-2.708221320783572,0.6220373249275366,-3.200104618039384
c536e9c4-0e73-4e79-8198-228468de0a95,2026-05-12 21:00:00+00:00,0.0,28.4,11.9,36.0,1017.3,0.0,0,0.8023390398178152,-2.9943700614961113,0.911043038760874,-3.40005890853752
c536e9c4-0e73-4e79-8198-228468de0a95,2026-05-12 22:00:00+00:00,0.0,28.4,11.5,35.0,1016.8,0.0,0,0.8023390398178152,-2.9943700614961113,0.8975302326747673,-3.5997971444839467
c536e9c4-0e73-4e79-8198-228468de0a95,2026-05-12 23:00:00+00:00,0.0,28.0,12.3,38.0,1016.6,0.0,0,0.39241928576457513,-3.195998608285057,0.4789465195822299,-3.9007063759503957
c536e9c4-0e73-4e79-8198-228468de0a95,2026-05-13 00:00:00+00:00,0.0,27.7,10.4,34.0,1016.4,0.0,0,1.112647603802561,-2.092585795075657,1.4929195696591324,-2.807773345291388
c536e9c4-0e73-4e79-8198-228468de0a95,2026-05-13 01:00:00+00:00,0.0,25.5,11.6,42.0,1016.7,0.0,0,1.6009206806013603,-1.2964000055626648,2.2828124404945545,-1.9155070768658873
c536e9c4-0e73-4e79-8198-228468de0a95,2026-05-13 02:00:00+00:00,0.0,23.4,12.0,49.0,1017.0,0.0,0,1.8017165967071556,-0.9987078177074542,2.00111219075793,-2.0011121907579295
c536e9c4-0e73-4e79-8198-228468de0a95,2026-05-13 03:00:00+00:00,0.0,21.8,12.1,54.0,1017.0,0.0,0,1.2989968774012044,-1.4943249688410887,1.7899999999999998,-3.1003709455482906
c536e9c4-0e73-4e79-8198-228468de0a95,2026-05-13 04:00:00+00:00,0.0,20.5,12.2,59.0,1017.2,0.0,0,1.7019334360787703,-0.586022678022882,0.3677972343951176,-4.203941625947166
c536e9c4-0e73-4e79-8198-228468de0a95,2026-05-13 05:00:00+00:00,0.0,19.8,11.6,59.0,1017.3,0.0,0,1.9986769399627442,-0.6110568628705195,3.4121400909106883,-1.969999999999999
c536e9c4-0e73-4e79-8198-228468de0a95,2026-05-13 06:00:00+00:00,0.0,18.6,12.1,66.0,1017.2,0.0,0,1.2989968774012044,-1.4943249688410887,3.4011836175072934,-3.401183617507293
c536e9c4-0e73-4e79-8198-228468de0a95,2026-05-13 07:00:00+00:00,0.0,17.9,12.1,69.0,1017.3,0.0,0,1.4026591414199652,-1.0958774260796718,3.284644685498217,-3.914487104337977
c536e9c4-0e73-4e79-8198-228468de0a95,2026-05-13 08:00:00+00:00,0.0,17.1,11.8,71.0,1017.2,0.0,0,1.0932746339242447,-0.6060120253079213,2.4270302301880786,-3.884060280396431
c536e9c4-0e73-4e79-8198-228468de0a95,2026-05-13 09:00:00+00:00,0.0,16.9,10.9,68.0,1017.6,0.0,0,1.703836252121103,1.193038987610176,0.6962232313257816,-2.5983404727175934
c536e9c4-0e73-4e79-8198-228468de0a95,2026-05-13 10:00:00+00:00,0.0,17.1,10.2,64.0,1018.1,0.0,0,1.0013585629321304,0.40457512088918496,-2.007036440971722,-1.6841035373787334
c536e9c4-0e73-4e79-8198-228468de0a95,2026-05-13 11:00:00+00:00,0.0,16.5,10.8,69.0,1018.6,0.0,0,0.30433808521444916,-0.09888543819998315,-3.8185602134497514,-2.7743463908204737
c536e9c4-0e73-4e79-8198-228468de0a95,2026-05-13 12:00:00+00:00,0.0,16.4,11.3,72.0,1019.4,0.0,0,0.10452846326765347,0.9945218953682733,-3.912715866271842,-1.5808398242151498
c536e9c4-0e73-4e79-8198-228468de0a95,2026-05-13 13:00:00+00:00,0.0,19.1,14.3,74.0,1020.1,0.0,0,-0.8055301005437925,0.9947468306649223,-3.2001102235282466,0.5068476667303474
c536e9c4-0e73-4e79-8198-228468de0a95,2026-05-13 14:00:00+00:00,0.0,21.6,16.1,71.0,1020.2,0.0,0,-1.6065919900178995,0.4911844639341977,-2.2059693667473463,0.38897191797392316
c536e9c4-0e73-4e79-8198-228468de0a95,2026-05-13 15:00:00+00:00,50.0,24.9,16.8,61.0,1019.8,0.0,0,-1.4,-2.5717582782094415e-16,-1.6976702090827755,-0.08897112561300533
c536e9c4-0e73-4e79-8198-228468de0a95,2026-05-13 16:00:00+00:00,112.5,27.2,15.7,50.0,1019.6,0.0,0,-0.9945218953682734,-0.10452846326765336,-1.1737771208805667,-0.24949402898131173
c536e9c4-0e73-4e79-8198-228468de0a95,2026-05-13 17:00:00+00:00,95.0,28.4,15.0,44.0,1019.0,0.0,0,-0.15071720641038955,-0.6528279434061076,-0.19570741727916252,-0.8477019563631547
c536e9c4-0e73-4e79-8198-228468de0a95,2026-05-13 18:00:00+00:00,2.5,29.5,13.4,37.0,1018.2,0.0,0,0.6991453695989022,-1.3721500472500865,0.7564866885158521,-1.6222909387956035
c536e9c4-0e73-4e79-8198-228468de0a95,2026-05-13 19:00:00+00:00,0.0,30.0,12.9,35.0,1017.2,0.0,0,1.5041230066665023,-1.7925439968984083,1.5045375578801203,-1.9965887751182323
c536e9c4-0e73-4e79-8198-228468de0a95,2026-05-13 20:00:00+00:00,0.0,30.5,12.4,33.0,1016.5,0.0,0,1.7999613311053289,-1.9990595805341902,2.0054973422220033,-2.390058662531211
c536e9c4-0e73-4e79-8198-228468de0a95,2026-05-13 21:00:00+00:00,0.0,30.7,12.6,33.0,1015.7,0.0,0,2.1001071401240465,-2.100107140124046,2.3062657899238705,-2.3882081371243222
c536e9c4-0e73-4e79-8198-228468de0a95,2026-05-13 22:00:00+00:00,0.0,30.5,12.4,33.0,1015.2,0.0,0,2.3062657899238705,-2.3882081371243222,2.602918058735959,-2.890833371107063
c536e9c4-0e73-4e79-8198-228468de0a95,2026-05-13 23:00:00+00:00,0.0,29.8,12.7,35.0,1015.0,0.0,0,2.3882081371243213,-2.306265789923871,2.899137802864845,-2.8991378028648445
c536e9c4-0e73-4e79-8198-228468de0a95,2026-05-14 00:00:00+00:00,600.0,31.1,15.1,38.0,1014.9,0.0,0,0.8003271353820651,-2.1988807326390254,1.0944644586421404,-3.007016386514907
c536e9c4-0e73-4e79-8198-228468de0a95,2026-05-14 01:00:00+00:00,790.0,29.2,15.3,43.0,1014.8,0.0,0,0.413909939992712,-1.7928409192048327,0.6029564253898821,-3.1019418996946184
c536e9c4-0e73-4e79-8198-228468de0a95,2026-05-14 02:00:00+00:00,900.0,27.0,16.6,53.0,1014.9,0.0,0,0.6110568628705194,-1.9986769399627442,0.34250428608365635,-4.898039486775737
c536e9c4-0e73-4e79-8198-228468de0a95,2026-05-14 03:00:00+00:00,500.0,25.5,16.1,56.0,1014.5,0.0,0,0.28471072637322037,-1.7975927798831506,-0.8104311336442297,-6.600431908414793
c536e9c4-0e73-4e79-8198-228468de0a95,2026-05-14 04:00:00+00:00,220.0,24.5,15.4,57.0,1014.4,0.0,0,1.1116573269018724,-1.1921065336392478,-0.834805002325259,-6.798941138743056
c536e9c4-0e73-4e79-8198-228468de0a95,2026-05-14 05:00:00+00:00,100.0,23.6,14.9,58.0,1014.5,0.0,0,1.703858639628902,-0.7945223320725147,-1.98812759211461,-6.502872340548641
c536e9c4-0e73-4e79-8198-228468de0a95,2026-05-14 06:00:00+00:00,80.0,22.7,15.7,65.0,1014.4,0.0,0,1.7060700454553441,-0.9849999999999995,3.4242186607418317,-2.8732606152988307
c536e9c4-0e73-4e79-8198-228468de0a95,2026-05-14 07:00:00+00:00,120.0,21.8,15.9,69.0,1014.3,0.0,0,1.2020815280171309,-1.2020815280171306,0.9139750878536504,-4.701994208714311
c536e9c4-0e73-4e79-8198-228468de0a95,2026-05-14 08:00:00+00:00,80.0,21.1,15.9,72.0,1014.2,0.0,0,1.3026168677193721,-1.3968855700926155,-0.9182703097861544,-5.797730559293459
c536e9c4-0e73-4e79-8198-228468de0a95,2026-05-14 09:00:00+00:00,70.0,20.6,16.0,75.0,1013.7,0.0,0,1.4922676305990752,-1.006547226247344,-1.5724923213978388,-6.306922220793977
c536e9c4-0e73-4e79-8198-228468de0a95,2026-05-14 10:00:00+00:00,80.0,20.1,15.7,76.0,1013.6,0.0,0,1.6952593782891396,-0.9013854005489105,-2.2040964056749512,-6.401160756807374
c536e9c4-0e73-4e79-8198-228468de0a95,2026-05-14 11:00:00+00:00,110.0,19.6,15.9,79.0,1013.9,0.0,0,1.8086230044814569,-1.0867303380602145,-0.8141626406163832,-5.793068202138185
c536e9c4-0e73-4e79-8198-228468de0a95,2026-05-14 12:00:00+00:00,50.0,19.6,16.4,82.0,1014.8,0.0,0,1.9067864168765958,-1.2861436779827173,0.7759149465995456,-4.898934169351882
c536e9c4-0e73-4e79-8198-228468de0a95,2026-05-14 13:00:00+00:00,90.0,21.3,17.5,79.0,1015.3,0.0,0,1.8125015388693053,-2.5885204599532146,2.1337553487758703,-4.187730663685329
c536e9c4-0e73-4e79-8198-228468de0a95,2026-05-14 14:00:00+00:00,390.0,24.1,18.1,69.0,1015.8,0.0,0,0.5093836425035103,-2.3964616217978243,0.40460622010508984,-3.2952532234491887
c536e9c4-0e73-4e79-8198-228468de0a95,2026-05-14 15:00:00+00:00,1060.0,26.8,19.1,63.0,1015.7,0.0,0,0.49316082457408195,-2.7968540185546704,0.37839303702890653,-3.6001692612331495
c536e9c4-0e73-4e79-8198-228468de0a95,2026-05-14 16:00:00+00:00,1075.0,28.7,18.3,54.0,1015.4,0.0,0,0.1378530119748795,-3.9475937667254284,-0.3690117461064227,-5.27711382587447
c536e9c4-0e73-4e79-8198-228468de0a95,2026-05-14 17:00:00+00:00,745.0,29.8,16.9,46.0,1014.8,0.0,0,-0.16577260933687926,-4.747106428340705,-0.5682554427147297,-6.49518943155818
c536e9c4-0e73-4e79-8198-228468de0a95,2026-05-14 18:00:00+00:00,475.0,30.9,15.6,40.0,1013.9,0.0,0,-0.17554446841357954,-5.026935859906052,-0.6214204457908011,-7.102868197394145
c536e9c4-0e73-4e79-8198-228468de0a95,2026-05-14 19:00:00+00:00,320.0,31.6,14.7,36.0,1013.2,0.0,0,-0.8384887326156367,-5.294009505589939,-0.6379800369128562,-7.292145190031578
c536e9c4-0e73-4e79-8198-228468de0a95,2026-05-14 20:00:00+00:00,340.0,31.9,14.5,35.0,1011.9,0.0,0,-0.5780424018701239,-5.4997060813865515,0.13787401085453918,-7.898796791735491
c536e9c4-0e73-4e79-8198-228468de0a95,2026-05-14 21:00:00+00:00,350.0,32.5,14.2,33.0,1011.2,0.0,0,-0.8586980329236042,-6.109953984135489,-1.5048995536870196,-9.501561836525225
c536e9c4-0e73-4e79-8198-228468de0a95,2026-05-14 22:00:00+00:00,300.0,31.9,14.1,34.0,1010.4,0.0,0,-0.4541146440742555,-6.494141967191456,-0.3353841633110336,-9.604145847653509
c536e9c4-0e73-4e79-8198-228468de0a95,2026-05-14 23:00:00+00:00,600.0,31.5,15.5,38.0,1009.9,0.0,0,0.1989271312042565,-5.696527714008846,1.1941052062373605,-8.496500029802673
c536e9c4-0e73-4e79-8198-228468de0a95,2026-05-15 00:00:00+00:00,1540.0,30.7,17.4,45.0,1010.4,0.0,0,0.18147738285300594,-5.196832300499298,0.1431097327857242,-8.198751100282408
c536e9c4-0e73-4e79-8198-228468de0a95,2026-05-15 01:00:00+00:00,1000.0,28.1,16.4,49.0,1010.2,0.0,0,0.2046335889099103,-3.9046414808903838,-0.14660021407318255,-8.398720639313687
c536e9c4-0e73-4e79-8198-228468de0a95,2026-05-15 02:00:00+00:00,410.0,26.4,15.1,50.0,1010.8,0.0,0,0.1784656107884384,-3.405326713513097,-0.6647791947815138,-9.506785398976124
c536e9c4-0e73-4e79-8198-228468de0a95,2026-05-15 03:00:00+00:00,640.0,25.3,16.2,57.0,1010.9,0.0,0,0.40975157600920264,-3.8985258298436314,-0.34201506768450884,-9.794030104787138
c536e9c4-0e73-4e79-8198-228468de0a95,2026-05-15 04:00:00+00:00,940.0,24.2,17.7,67.0,1010.7,0.0,0,1.0073954016623288,-3.1004442431222,1.3625441905004119,-8.60276544658365
c536e9c4-0e73-4e79-8198-228468de0a95,2026-05-15 05:00:00+00:00,770.0,23.7,17.4,68.0,1010.8,0.0,0,0.9151160213124374,-3.1913888305152187,0.6508279000326912,-9.30727258892416
c536e9c4-0e73-4e79-8198-228468de0a95,2026-05-15 06:00:00+00:00,730.0,23.0,17.7,72.0,1010.6,0.0,0,0.9764937022248341,-3.005338591492685,0.32491431430028567,-9.304328599547782
c536e9c4-0e73-4e79-8198-228468de0a95,2026-05-15 07:00:00+00:00,450.0,22.4,16.6,70.0,1011.2,0.0,0,1.0109906339430539,-1.3915092303249095,-2.207855220094162,-7.699706184465934
c536e9c4-0e73-4e79-8198-228468de0a95,2026-05-15 08:00:00+00:00,240.0,21.8,16.7,73.0,1010.4,0.0,0,0.7879853081993078,-3.7071794067811235,-0.16230737986673782,-9.29858356495444
c536e9c4-0e73-4e79-8198-228468de0a95,2026-05-15 09:00:00+00:00,80.0,21.1,16.4,75.0,1009.6,0.0,0,1.0209103994305977,-4.094647964884705,0.5134157307432787,-9.79655573594237
c536e9c4-0e73-4e79-8198-228468de0a95,2026-05-15 10:00:00+00:00,10.0,20.0,15.6,76.0,1010.1,0.0,0,1.0028857418214714,-0.6025945476447635,-1.6197392441639618,-5.297928348035216
c536e9c4-0e73-4e79-8198-228468de0a95,2026-05-15 11:00:00+00:00,0.0,19.7,15.7,78.0,1010.0,0.0,0,1.8125015388693053,-2.5885204599532146,1.0136953334606968,-6.400220447056492
c536e9c4-0e73-4e79-8198-228468de0a95,2026-05-15 12:00:00+00:00,0.0,19.7,16.7,83.0,1010.2,0.0,0,-0.2013094452494688,-0.298453526119815,-0.5776606877403982,-4.704668758779867
c536e9c4-0e73-4e79-8198-228468de0a95,2026-05-15 13:00:00+00:00,240.0,21.3,17.9,81.0,1010.5,0.0,0,0.06980962574913376,-3.999390780625565,-0.5421087198904324,-6.196331022130657
c536e9c4-0e73-4e79-8198-228468de0a95,2026-05-15 14:00:00+00:00,600.0,23.3,18.8,76.0,1010.4,0.0,0,6.858022075225178e-16,-5.6,-0.4506125832517441,-8.59820029423688
c536e9c4-0e73-4e79-8198-228468de0a95,2026-05-15 15:00:00+00:00,820.0,25.8,18.7,65.0,1010.6,0.0,0,-1.059253883768276,-6.007327293374469,-1.732545678019026,-8.91317482570479
c536e9c4-0e73-4e79-8198-228468de0a95,2026-05-15 16:00:00+00:00,552.5,27.7,16.6,51.0,1010.2,0.0,0,-0.7515596508944287,-7.150612427697886,-1.8840827276861956,-10.685164120182456
c536e9c4-0e73-4e79-8198-228468de0a95,2026-05-15 17:00:00+00:00,350.0,29.6,14.9,41.0,1009.5,0.0,0,-1.3890894863412455,-7.146245895498994,-2.3244527033425513,-10.935690176203947
c536e9c4-0e73-4e79-8198-228468de0a95,2026-05-15 18:00:00+00:00,340.0,30.9,14.6,37.0,1008.9,0.0,0,-1.5531852223650742,-7.990445273263985,-3.2773281606641183,-11.429401564706613
c536e9c4-0e73-4e79-8198-228468de0a95,2026-05-15 19:00:00+00:00,280.0,32.0,13.7,33.0,1008.5,0.0,0,-2.2232555974306534,-8.297302847823097,-4.128204198516747,-11.989175538599335
c536e9c4-0e73-4e79-8198-228468de0a95,2026-05-15 20:00:00+00:00,380.0,31.7,13.9,34.0,1007.8,0.0,0,-2.166315407508099,-8.0847991660395,-4.03180580812654,-13.187442584730258
c536e9c4-0e73-4e79-8198-228468de0a95,2026-05-15 21:00:00+00:00,470.0,31.8,14.4,35.0,1007.6,0.0,0,-1.7568677344255854,-7.609830205972687,-4.760920395093308,-13.080521281339845
c536e9c4-0e73-4e79-8198-228468de0a95,2026-05-15 22:00:00+00:00,690.0,31.9,15.8,38.0,1007.0,0.0,0,-1.3388274498120338,-7.592867775724124,-3.3775885385878968,-12.605332033072342
c536e9c4-0e73-4e79-8198-228468de0a95,2026-05-15 23:00:00+00:00,900.0,31.7,16.4,40.0,1007.5,0.0,0,-1.7418376483176061,-6.986129229187175,-3.0566529226607706,-11.407584008473897
c536e9c4-0e73-4e79-8198-228468de0a95,2026-05-16 00:00:00+00:00,1310.0,29.5,17.6,49.0,1008.3,0.0,0,0.44016334932543205,-6.29462915713949,0.5448173044890451,-10.395733456795114
c536e9c4-0e73-4e79-8198-228468de0a95,2026-05-16 01:00:00+00:00,1370.0,27.9,17.7,54.0,1008.6,0.0,0,1.124802247324078,-5.291778519969889,1.4209573608022672,-10.110636981851433
c536e9c4-0e73-4e79-8198-228468de0a95,2026-05-16 02:00:00+00:00,1460.0,26.8,18.1,59.0,1009.2,0.0,0,0.5247328856036217,-4.9924999147487314,0.3629547657060119,-10.393664600998596
c536e9c4-0e73-4e79-8198-228468de0a95,2026-05-16 03:00:00+00:00,1650.0,26.5,18.8,63.0,1011.2,0.0,0,-1.7115389014053297,-2.190669895026687,-2.932970736480453,-6.289776042034352
c536e9c4-0e73-4e79-8198-228468de0a95,2026-05-16 04:00:00+00:00,1430.0,26.0,18.4,63.0,1011.3,0.0,0,0.38522838294464923,-4.403180565565515,-0.16230737986673782,-9.29858356495444
c536e9c4-0e73-4e79-8198-228468de0a95,2026-05-16 05:00:00+00:00,1480.0,24.9,19.0,70.0,1009.8,1.1,0,0.1989271312042565,-5.696527714008846,-0.36644471537625944,-10.493603683700506
c536e9c4-0e73-4e79-8198-228468de0a95,2026-05-16 06:00:00+00:00,1260.0,23.6,18.5,73.0,1009.1,0.7,0,-2.0624839729121742,-9.70322419927935,-4.037676437558451,-16.194235671546384
c536e9c4-0e73-4e79-8198-228468de0a95,2026-05-16 07:00:00+00:00,1110.0,22.6,18.6,78.0,1009.2,0.0,0,1.3203982480056913,-6.792860109457835,1.8677030148840768,-13.289397482511875
c536e9c4-0e73-4e79-8198-228468de0a95,2026-05-16 08:00:00+00:00,960.0,22.1,18.5,80.0,1011.3,0.0,0,-1.6426496711217424,-6.588307981414016,-2.9523460096121847,-13.88969593042004
c536e9c4-0e73-4e79-8198-228468de0a95,2026-05-16 09:00:00+00:00,970.0,21.7,19.0,85.0,1012.6,0.0,0,-0.2866991070883549,-4.099988246567878,-0.6998606142636933,-7.999443425676716
c536e9c4-0e73-4e79-8198-228468de0a95,2026-05-16 10:00:00+00:00,990.0,21.2,19.0,87.0,1012.5,0.0,0,1.2293904642369748,-4.588147674873074,1.7402208521446454,-8.187095418141952
c536e9c4-0e73-4e79-8198-228468de0a95,2026-05-16 11:00:00+00:00,990.0,20.9,19.0,89.0,1012.3,0.0,0,1.2762271654720538,-3.706432816349322,1.8194978870707228,-6.7904585588121495
c536e9c4-0e73-4e79-8198-228468de0a95,2026-05-16 12:00:00+00:00,860.0,20.9,18.6,87.0,1011.9,0.0,0,3.2351558679892625,-4.981703173595818,5.143830070813637,-9.279715092748988
c536e9c4-0e73-4e79-8198-228468de0a95,2026-05-16 13:00:00+00:00,900.0,21.6,18.8,84.0,1012.2,0.0,0,2.2427966775284314,-5.283697858817008,3.037550881085271,-8.821688310341626
c536e9c4-0e73-4e79-8198-228468de0a95,2026-05-16 14:00:00+00:00,830.0,22.6,18.8,79.0,1012.6,0.0,0,0.1884572821935062,-5.3967104659031175,0.30397461627878497,-8.704694103336324
c536e9c4-0e73-4e79-8198-228468de0a95,2026-05-16 15:00:00+00:00,710.0,23.6,18.2,72.0,1012.7,0.0,0,0.5333931456156682,-6.096711552321483,0.6780329247929001,-9.696322568525492
c536e9c4-0e73-4e79-8198-228468de0a95,2026-05-16 16:00:00+00:00,690.0,26.0,17.8,60.0,1012.1,0.0,0,-0.11780374345166454,-6.748971942305641,-0.35527687643145917,-10.173798619054395
c536e9c4-0e73-4e79-8198-228468de0a95,2026-05-16 17:00:00+00:00,735.0,28.4,17.1,50.0,1011.1,0.0,0,-0.2408065272472562,-6.895796706431761,-0.536966911052601,-10.245939026581928
c536e9c4-0e73-4e79-8198-228468de0a95,2026-05-16 18:00:00+00:00,682.5,30.3,16.1,42.0,1010.1,0.0,0,-0.2512763762580065,-7.19561395453749,-0.7275600211512266,-10.404593044209966
c536e9c4-0e73-4e79-8198-228468de0a95,2026-05-16 19:00:00+00:00,600.0,32.0,14.6,35.0,1009.2,0.0,0,-0.2586052705655317,-7.4054860282115,-0.7554626106488768,-10.803618664313897
c536e9c4-0e73-4e79-8198-228468de0a95,2026-05-16 20:00:00+00:00,640.0,32.6,14.7,34.0,1008.4,0.0,0,-0.2516253712250315,-7.20560786280768,-0.5767422377972381,-11.004897472995403
c536e9c4-0e73-4e79-8198-228468de0a95,2026-05-16 21:00:00+00:00,770.0,32.5,15.1,35.0,1007.8,0.0,0,0.12914780763589745,-7.398872944157295,-0.3838944637275099,-10.993299097210054
c536e9c4-0e73-4e79-8198-228468de0a95,2026-05-16 22:00:00+00:00,860.0,32.0,15.5,37.0,1007.2,0.0,0,0.39304303138450797,-7.49970780600685,0.7896432827835009,-11.29242504894121
c536e9c4-0e73-4e79-8198-228468de0a95,2026-05-16 23:00:00+00:00,940.0,31.1,15.1,38.0,1006.9,0.0,0,-0.26174622526875674,-7.495431202643219,1.5587387307527316,-11.091002369905587
c536e9c4-0e73-4e79-8198-228468de0a95,2026-05-17 00:00:00+00:00,1210.0,29.8,17.6,48.0,1007.8,0.0,0,1.2100460405593594,-5.692819036270749,1.7287294981114976,-8.893542282035837
c536e9c4-0e73-4e79-8198-228468de0a95,2026-05-17 01:00:00+00:00,1060.0,28.0,16.9,51.0,1007.7,0.0,0,1.3426665205781558,-5.38514128083178,2.1851518704946504,-10.280331283712298
c536e9c4-0e73-4e79-8198-228468de0a95,2026-05-17 02:00:00+00:00,910.0,26.8,17.2,56.0,1008.2,0.0,0,1.0187672850070206,-4.792923243595649,1.7104345500192633,-9.700356367170249
c536e9c4-0e73-4e79-8198-228468de0a95,2026-05-17 03:00:00+00:00,740.0,25.6,17.3,60.0,1008.0,0.0,0,1.2192863538223253,-4.8902904604310224,2.145648649239276,-10.094483239572876
c536e9c4-0e73-4e79-8198-228468de0a95,2026-05-17 04:00:00+00:00,520.0,25.1,17.0,61.0,1008.1,0.0,0,1.1677510517044551,-6.007558362699704,2.0959335044398486,-11.88662957885735
c536e9c4-0e73-4e79-8198-228468de0a95,2026-05-17 05:00:00+00:00,580.0,24.3,17.5,66.0,1007.9,0.0,0,1.3160810028764165,-6.19167431264499,2.1358725853032423,-12.113135362050159
c536e9c4-0e73-4e79-8198-228468de0a95,2026-05-17 06:00:00+00:00,440.0,23.6,17.5,69.0,1007.4,0.0,0,0.730658780040343,-5.198907360893244,0.919493085987794,-10.509854064867916
c536e9c4-0e73-4e79-8198-228468de0a95,2026-05-17 07:00:00+00:00,420.0,22.9,17.8,73.0,1007.3,0.0,0,0.45495297714277577,-5.200136324038912,0.7129111616649629,-10.195104593655405
c536e9c4-0e73-4e79-8198-228468de0a95,2026-05-17 08:00:00+00:00,820.0,22.5,19.6,84.0,1007.4,0.0,0,0.9920341496564455,-4.296971985702887,1.4621176559555529,-8.292081280362792
c536e9c4-0e73-4e79-8198-228468de0a95,2026-05-17 09:00:00+00:00,980.0,22.8,20.1,85.0,1007.5,0.0,0,0.23551180309324712,-4.493832906395582,0.26174622526875857,-7.495431202643219
c536e9c4-0e73-4e79-8198-228468de0a95,2026-05-17 10:00:00+00:00,1120.0,23.0,20.5,86.0,1007.5,0.0,0,5.633375276077824e-16,-4.6,-0.1396192514982691,-7.99878156125113
c536e9c4-0e73-4e79-8198-228468de0a95,2026-05-17 11:00:00+00:00,1210.0,22.7,20.4,87.0,1007.9,0.0,0,0.06806438510540541,-3.899406011109926,8.817456953860943e-16,-7.2
c536e9c4-0e73-4e79-8198-228468de0a95,2026-05-17 12:00:00+00:00,1410.0,23.1,20.8,87.0,1008.5,0.0,0,0.5654737533998846,-4.605414143615734,0.5594469194278867,-8.00046368308379
c536e9c4-0e73-4e79-8198-228468de0a95,2026-05-17 13:00:00+00:00,1650.0,23.8,21.3,86.0,1009.2,0.0,0,0.35715314556992267,-5.1075279373303,0.4354351559412925,-8.308597729158054
c536e9c4-0e73-4e79-8198-228468de0a95,2026-05-17 14:00:00+00:00,1450.0,24.8,20.4,77.0,1009.4,0.0,0,6.858022075225178e-16,-5.6,-0.15009069536063926,-8.598690178344965
c536e9c4-0e73-4e79-8198-228468de0a95,2026-05-17 15:00:00+00:00,1660.0,24.5,20.8,80.0,1009.4,0.0,0,0.6751561624645174,-5.4987056800929235,0.9250768999187355,-8.80151877400922
c536e9c4-0e73-4e79-8198-228468de0a95,2026-05-17 16:00:00+00:00,1772.5,26.1,21.1,74.0,1009.3,0.0,0,0.4108656303528993,-5.875652256030365,0.3168874300587104,-9.07446870933339
c536e9c4-0e73-4e79-8198-228468de0a95,2026-05-17 17:00:00+00:00,1720.0,26.3,20.9,72.0,1008.9,0.0,0,0.9573789260462137,-6.044652644442243,0.5186493263675731,-9.896418689417827
c536e9c4-0e73-4e79-8198-228468de0a95,2026-05-17 18:00:00+00:00,1897.5,27.5,20.4,65.0,1008.4,0.0,0,0.34855746857800574,-6.650872701465462,1.279755905108984e-15,-10.45
c536e9c4-0e73-4e79-8198-228468de0a95,2026-05-17 19:00:00+00:00,1730.0,31.0,19.0,49.0,1007.5,0.0,0,8.817456953860943e-16,-7.2,0.5872094290458295,-11.20462337994632
c536e9c4-0e73-4e79-8198-228468de0a95,2026-05-17 20:00:00+00:00,2140.0,32.8,18.6,43.0,1006.6,0.0,0,0.4663133701246293,-8.897789154663252,0.6918813415317172,-13.201882449455466
c536e9c4-0e73-4e79-8198-228468de0a95,2026-05-17 21:00:00+00:00,2340.0,31.6,19.9,50.0,1006.6,0.0,0,-0.1448549734294542,-8.298735869798048,-0.43659270374828624,-12.502379246008887
c536e9c4-0e73-4e79-8198-228468de0a95,2026-05-17 22:00:00+00:00,2290.0,30.9,19.6,51.0,1006.7,0.0,0,0.6998606142636953,-7.999443425676716,-1.8365406195723089,-11.595461118586918
c536e9c4-0e73-4e79-8198-228468de0a95,2026-05-17 23:00:00+00:00,2280.0,30.8,19.8,52.0,1006.5,0.0,0,1.9514956000730084,-7.283080730219575,0.4156530057267886,-11.902744749797431
c536e9c4-0e73-4e79-8198-228468de0a95,2026-05-18 00:00:00+00:00,2370.0,30.6,19.9,53.0,1006.2,0.0,0,1.011788443979675,-7.199248859751216,1.4136843834997115,-11.513535359039334
c536e9c4-0e73-4e79-8198-228468de0a95,2026-05-18 01:00:00+00:00,2390.0,29.1,20.0,58.0,1006.6,0.0,0,1.044982226468743,-6.59775811517552,1.6157997021463584,-11.497012278089631
c536e9c4-0e73-4e79-8198-228468de0a95,2026-05-18 02:00:00+00:00,2000.0,28.3,19.3,58.0,1006.6,0.0,0,1.8682551931782867,-6.110787390603797,3.0566529226607733,-11.407584008473895
c536e9c4-0e73-4e79-8198-228468de0a95,2026-05-18 03:00:00+00:00,2150.0,27.5,19.6,62.0,1006.8,0.0,0,2.674177661923784,-4.117872488612032,5.262098293835725,-8.42111759483331
c536e9c4-0e73-4e79-8198-228468de0a95,2026-05-18 04:00:00+00:00,2820.0,27.0,21.7,73.0,1008.5,0.0,0,1.7703376707537832,-4.611887306896177,2.9952270210058405,-8.698770895513714
