qid,entropy,confidence,max_retrieval_score
0,2.3022621779767816,-0.29502847138492505,9.89050006866455
1,2.3010686393350404,-0.13726001694569567,19.7012996673584
2,2.2953728657151324,-0.04752459031421557,14.594499588012695
3,2.3019645307055767,-0.07312647908046,17.172199249267578
4,2.30195274637583,-0.15503260586496015,16.12019920349121
5,2.302325721673961,-0.22852836118175035,16.38170051574707
6,2.301298382869121,-0.12980572674189794,20.667499542236328
7,2.2988184416785686,-0.13957995739022286,11.211199760437012
8,2.2987287421270652,-0.1911558902225874,21.5132999420166
9,2.29453100363498,-0.0627146556327054,20.314199447631836
10,2.302255208718702,-0.2617811031761813,9.871999740600586
11,2.2983564643413175,-0.014937856611845745,13.194899559020996
12,2.3022868343300344,-0.34650744850469906,10.853599548339844
13,2.300543620285534,-0.047168026889577774,13.631199836730957
14,2.3004620685463073,-0.1301515543930324,21.623199462890625
15,2.301371803317141,-0.2524944251533644,12.065199851989746
16,2.301800607230613,-0.20370364687986864,13.337900161743164
17,2.300811076158236,-0.20087427896356336,19.23710060119629
18,2.302355664076357,-0.21033054760696945,9.430299758911133
19,2.301605096240792,-0.3083113505596442,15.009200096130371
20,2.293836732315702,-0.05053236861729349,16.78019905090332
21,2.3014407934858774,-0.11834615222240608,19.3262996673584
22,2.3021437451756714,-0.26645115061204894,15.609700202941895
23,2.302032535481462,-0.20930056155869634,17.864200592041016
24,2.298795481290437,-0.019922051163513806,15.774200439453125
25,2.302238066839987,-0.22309064002018886,14.515700340270996
26,2.3022835682620606,-0.18506340281949019,10.764200210571289
27,2.3011727963357465,-0.32463759846414175,12.405699729919434
28,2.301844521307622,-0.04098845187925317,20.93670082092285
29,2.301838898253347,-0.102293195685451,21.2101993560791
30,2.3019330329991705,-0.03698613010888039,13.304400444030762
31,2.3014023379143818,-0.06367976022105193,19.919300079345703
32,2.301286059841657,-0.10274278294797212,16.486499786376953
33,2.301550485957919,-0.2418025489241723,14.810799598693848
34,2.301828484680532,-0.07886968954486177,12.53320026397705
35,2.302267242193044,-0.10794507601602354,15.919400215148926
36,2.3008021596520685,-0.18772557178534433,11.15999984741211
37,2.3018334159357177,-0.03435745931671825,17.460599899291992
38,2.302197497535841,-0.052823707285910126,17.78569984436035
39,2.3024220500198114,-0.25612149713730004,17.514999389648438
40,2.302527217474636,-0.3440567226872968,9.211700439453125
41,2.300739017274105,-0.11477860531808937,16.230100631713867
42,2.3024510122892865,-0.15019195638010596,12.67650032043457
43,2.3019361546390726,-0.09403105057152883,12.878600120544434
44,2.301988727754267,-0.18620248673395892,16.231399536132812
45,2.301801204421715,-0.1501811504026127,11.804200172424316
46,2.3021923554738617,-0.12789692537733433,12.739700317382812
47,2.3013887397047146,-0.13092318908834089,16.29129981994629
48,2.3014040392743778,-0.22962001965024115,11.190299987792969
49,2.3022227324142044,-0.11072573600993474,11.572500228881836
50,2.301321690862397,-0.12916064471375677,10.315699577331543
51,2.3022175750531,-0.04339299460233814,18.85610008239746
52,2.3022550722330455,-0.2532501872364138,12.788800239562988
53,2.2998947118068704,-0.2467412366337225,13.54740047454834
54,2.300820603077193,-0.264127635408573,14.750499725341797
55,2.3014682907960218,-0.25386189793843705,20.983400344848633
56,2.302382956591884,-0.052443641676919076,18.16119956970215
57,2.2991628788317535,-0.0025790869287144838,20.90410041809082
58,2.299981714224797,-0.18184268057949415,12.994400024414062
59,2.301764371095112,-0.20594354835412743,12.053299903869629
60,2.302329703554013,-0.3464098946057721,14.409299850463867
61,2.3020458490919884,-0.09311214930359935,10.896499633789062
62,2.3014912157660827,-0.170168772105752,14.810600280761719
63,2.3023400889506376,-0.04843419739440913,13.106399536132812
64,2.3018115005131574,-0.19904699169006523,12.601799964904785
65,2.3023329461102437,-0.12376388834832314,11.242600440979004
66,2.301556856803578,-0.14541778245962367,14.845999717712402
67,2.2959784850368843,-0.22627406427089714,19.872800827026367
68,2.3018840051018556,-0.1288138466749952,18.87030029296875
69,2.2942715204394233,-0.1542930206001375,13.473699569702148
70,2.302012772857834,-0.29171747470660936,17.8125
71,2.301147973625379,-0.17693639539850367,22.78689956665039
72,2.3024036725734085,-0.28606500516931255,6.760300159454346
73,2.301851131426671,-0.07111498807811867,15.270299911499023
74,2.3005774770280203,-0.2311124354869487,16.1466007232666
75,2.3013671358449077,-0.04721263773505709,25.23189926147461
76,2.3021563991330454,-0.05993851568596964,11.973699569702148
77,2.29078776692777,-0.13630175355797677,17.506999969482422
78,2.3021965870861814,-0.10555522374279436,14.946800231933594
79,2.3014538608183934,-0.025079808851473227,10.72089958190918
80,2.302038232047275,-0.21918734287945874,16.7455997467041
81,2.3025047839710173,-0.1777450221307877,16.779199600219727
82,2.3025227330518234,-0.2083988061920914,10.498499870300293
83,2.3021391380897986,-0.2872606076136859,12.632200241088867
84,2.3008138324150673,-0.22194414869201207,18.0939998626709
85,2.3024839978789817,-0.13541406327074515,13.534600257873535
86,2.296230393633142,-0.05916013946632859,19.109500885009766
87,2.2985006528470704,-0.042944632582720674,14.87909984588623
88,2.3005348871582267,-0.18114818352598006,16.496299743652344
89,2.3012337356456003,-0.14583240994290642,20.903600692749023
90,2.2989309128815716,-0.30299443882152666,13.432499885559082
91,2.3022252506776044,-0.24501417996038166,18.2091007232666
92,2.301518511860915,-0.25177825680959565,17.472999572753906
93,2.3017893090310637,-0.054967064626034685,15.868200302124023
94,2.3013996143831745,-0.09222535436954216,9.6318998336792
95,2.3015947704076845,-0.09997039890517101,20.130599975585938
96,2.298070143575288,-0.08518098612392089,19.525699615478516
97,2.3017380452001395,-0.28737681866386167,19.71179962158203
98,2.3023689853847746,-0.12172427045784562,17.255699157714844
99,2.300406336178725,-0.09707821538721662,19.614999771118164
100,2.3013581737717956,-0.0877717668329776,13.256799697875977
101,2.299597244690514,-0.05073546627596866,16.018999099731445
102,2.3020619487523506,-0.16097413789288184,12.142399787902832
103,2.299694703550338,-0.26479443969763106,15.29259967803955
104,2.301620126581537,-0.10901373924281488,15.560999870300293
105,2.301889853101805,-0.14004479960550098,11.773699760437012
106,2.3017797873851604,-0.11898111641054487,16.875600814819336
107,2.2988312610064257,-0.025084207181704413,13.507399559020996
108,2.301739623850413,-0.07604867042065633,13.39799976348877
109,2.302191686398036,-0.31150443866267874,13.347700119018555
110,2.30114614051809,-0.1708584909773702,13.805299758911133
111,2.302127790767283,-0.2085495026885249,11.784700393676758
112,2.2990558193753694,-0.29144705638917845,27.5575008392334
113,2.2988386750303356,-0.07494181895562846,14.160799980163574
114,2.3023905135807974,-0.28890210779140224,13.335800170898438
115,2.30215488952593,-0.22561201447927282,13.358699798583984
116,2.3018381931888463,-0.0910404690106702,14.546699523925781
117,2.3024106093763606,-0.33327346001386005,17.512100219726562
118,2.2834761714406535,-0.21382900585683717,16.049699783325195
119,2.3004763071422705,-0.16446504837578857,17.424699783325195
120,2.3023198880621574,-0.22725715685292758,9.875800132751465
121,2.2975703089142017,-0.10482305523739521,16.866899490356445
122,2.301198061884418,-0.17829932342849375,13.656499862670898
123,2.3017821684511692,-0.1436225622196141,13.986000061035156
124,2.30126556398417,-0.28766166280348227,12.104900360107422
125,2.2992031348678514,-0.11110741763926102,11.376399993896484
126,2.297540937573413,-0.30070440182236424,22.104700088500977
127,2.300802611919724,-0.03714475261050312,13.298299789428711
128,2.3017480683558715,-0.033838897136261537,19.35700035095215
129,2.3021363762613105,-0.09483324102119291,11.95359992980957
130,2.301794808984412,-0.0911236526111045,17.326499938964844
131,2.301751918238542,-0.22163846738679582,14.418299674987793
132,2.301773876184127,-0.14033382676728878,19.41790008544922
133,2.301798284120943,-0.2525738383377564,11.070899963378906
134,2.300886178638211,-0.0698119372232098,14.278300285339355
135,2.301333117287083,-0.2857512893402543,11.80210018157959
136,2.301597305722812,-0.218172328352237,21.499900817871094
137,2.3004410660159804,-0.1907618427733233,17.087200164794922
138,2.3006910115532353,-0.08069529854164212,10.988200187683105
139,2.301840608930047,-0.22764012288013147,10.705400466918945
140,2.3018769566445836,-0.2985878151685405,15.246800422668457
141,2.302532490498756,-0.2487329167088722,10.355799674987793
142,2.2995745128421556,-0.08769585321886599,17.71579933166504
143,2.301613373426152,-0.05930932923487998,16.114599227905273
144,2.302339253097283,-0.24148358711325923,14.185400009155273
145,2.2995464028355923,-0.251854863642329,17.47920036315918
146,2.301734536687394,-0.10341391297261593,32.78239822387695
147,2.302381639381608,-0.08502632638627239,18.671300888061523
148,2.3020903925412464,-0.14874143844429166,15.571900367736816
149,2.302084037862731,-0.1472317790604002,12.704999923706055
150,2.2978633150305616,-0.29536678483992196,17.778799057006836
151,2.3005123962383918,-0.2676376442092643,11.881799697875977
152,2.2999041971469625,-0.13914737623347603,25.00429916381836
153,2.2985604490363727,-0.09993267452219547,15.83650016784668
154,2.3022742966645047,-0.11253441614543001,21.1343994140625
155,2.3013747716617825,-0.12942123802935934,11.313199996948242
156,2.3019545581275627,-0.1968238512926339,15.660599708557129
157,2.298980671096539,-0.12096512593301578,15.089599609375
158,2.299645458929461,-0.24894790022253588,14.712900161743164
159,2.3013552397934025,-0.2541914755481084,10.469099998474121
160,2.3004098186626707,-0.06005822622521631,14.412599563598633
161,2.299585444038733,-0.1972817974962222,14.612899780273438
162,2.3021474744277697,-0.06992676700384981,17.61910057067871
163,2.3023152860672935,-0.2567678069099535,20.347400665283203
164,2.301338094247235,-0.08556887153673176,12.361200332641602
165,2.3014444444568696,-0.11895761449878695,16.44659996032715
166,2.3015652280382897,-0.016914800921078974,16.11989974975586
167,2.3022117614011464,-0.10604439651218123,14.713700294494629
168,2.3002418638184174,-0.007163196911043457,29.882699966430664
169,2.300948672487964,-0.16784729823392064,17.836299896240234
170,2.3013543294638303,-0.2659950620353081,14.185999870300293
171,2.302224277861084,-0.1324055857926112,12.711400032043457
172,2.3021696563353684,-0.1856337023488841,10.456199645996094
173,2.300840946350426,-0.19867922178006725,22.551700592041016
174,2.301177711232089,-0.13978708222020397,14.308799743652344
175,2.2994087678876305,-0.04878279058699375,11.218600273132324
176,2.296716670392195,-0.12920187257800275,15.671600341796875
177,2.3019772084439847,-0.25506682851829454,12.218400001525879
178,2.3024357450462767,-0.07363999859288317,17.378400802612305
179,2.2965757592880305,-0.21344312918913388,19.385000228881836
180,2.3023432715451695,-0.08546873523349185,10.887800216674805
181,2.300607364915666,-0.24027820958153212,16.609399795532227
182,2.302304616066808,-0.1419781897845115,19.88610076904297
183,2.299154172250246,-0.12886345104201513,13.338700294494629
184,2.3021487713649464,-0.029258683091879897,13.386899948120117
185,2.2834947054981485,-0.08745478826620157,23.31439971923828
186,2.301999154868683,-0.10699450349845074,14.013999938964844
187,2.3020050816921493,-0.19746283103428208,13.759499549865723
188,2.2903803226986774,-0.06972363254093406,19.81279945373535
189,2.3015588931057205,-0.2070317915069353,16.052499771118164
190,2.300875302530861,-0.17103992334006976,14.98490047454834
191,2.295528590636198,-0.1033440047552767,16.96780014038086
192,2.301862837423338,-0.10829244559317075,22.599700927734375
193,2.299576075594005,-0.1380740815408352,15.183300018310547
194,2.291551612012738,-0.17418418068523056,21.895000457763672
195,2.3018877463124268,-0.18125841610289228,11.897000312805176
196,2.302213745669323,-0.127560593794651,18.180599212646484
197,2.3019763261700508,-0.3090889154488323,16.208099365234375
198,2.301182105930432,-0.054405439056979255,12.567099571228027
199,2.3010650813196154,-0.0818316404412176,15.522299766540527
200,2.2980144078730715,-0.17914831765366612,23.42970085144043
201,2.3023960559270917,-0.10854990120465724,8.987099647521973
202,2.3020557402476043,-0.3250747625756034,12.80840015411377
203,2.3007916841163096,-0.20325491103822202,20.67770004272461
204,2.302491432959293,-0.19809199002701305,17.96030044555664
205,2.2980967408191524,-0.1011158209937332,15.904800415039062
206,2.301809055361171,-0.06319057935624586,19.00349998474121
207,2.300561474288583,-0.32359669404370883,16.748199462890625
208,2.3019369108265417,-0.26703960063302645,11.510100364685059
209,2.3016569916850598,-0.06229095646415406,16.74340057373047
210,2.302042148192316,-0.058202737175214625,11.651599884033203
211,2.2989934552903764,-0.08645548013330462,21.68829917907715
212,2.300460436360907,-0.07047606480177113,15.360199928283691
213,2.294575780762656,-0.14752496565062012,17.54050064086914
214,2.3013070624227523,-0.11970786862868694,12.893199920654297
215,2.293632126558401,-0.19367062196553064,17.94300079345703
216,2.3021674125250824,-0.22613171334982063,16.68779945373535
217,2.302083071738257,-0.1677145698507827,20.34980010986328
218,2.301745730748996,-0.05652341620228788,19.766399383544922
219,2.300984087360635,-0.21596427613685498,12.514100074768066
220,2.2953848848773433,-0.058448991667575,25.200899124145508
221,2.300612693514267,-0.17789180960960183,19.800500869750977
222,2.3009890737987666,-0.30540023008459816,17.976999282836914
223,2.300479231545284,-0.11076199129769526,12.683600425720215
224,2.300719712109056,-0.10897611492917099,13.375800132751465
225,2.298664491525271,-0.17207545002579916,16.336999893188477
226,2.299257935045388,-0.04303974278598801,26.90959930419922
227,2.299118952298097,-0.20419319735899488,13.042099952697754
228,2.298994041653981,-0.11111449700685497,18.030399322509766
229,2.3011852033016345,-0.23447284934962198,14.335399627685547
230,2.301563458108406,-0.15119923382387657,16.40999984741211
231,2.300956473765736,-0.17119454346886337,12.698800086975098
232,2.2942930205473275,-0.24609429003207298,17.592100143432617
233,2.3020016286822687,-0.0463676516112409,14.26729965209961
234,2.3017102960454214,-0.12912824840470005,21.28260040283203
235,2.3012138051251516,-0.21465692535301883,14.704899787902832
236,2.3021076839451133,-0.14768166744641142,16.60700035095215
237,2.302270664049051,-0.29086192566282565,10.164400100708008
238,2.301716923149902,-0.22334968947783806,12.75409984588623
239,2.302395260984342,-0.20396811646268787,16.619199752807617
240,2.2909077074858852,-0.09732387075436655,20.91790008544922
241,2.301530058936111,-0.27830654024444446,17.55459976196289
242,2.302510953771663,-0.2224089434655756,13.10319995880127
243,2.301178364963248,-0.00959911945203847,20.62820053100586
244,2.293769042600069,-0.10459856340611473,19.157800674438477
245,2.3017262967236922,-0.126356605310595,26.828399658203125
246,2.3021487721470577,-0.17053387223429928,13.343700408935547
247,2.3022661677855214,-0.07517836404686307,9.137999534606934
248,2.3024624427723697,-0.08307074290272409,20.16860008239746
249,2.3023965446649477,-0.16523508285064825,13.003399848937988
250,2.300486815245507,-0.03892927127597201,18.006900787353516
251,2.301016071333121,-0.33625040964987285,14.893400192260742
252,2.3021108255237137,-0.2355615488221846,17.267900466918945
253,2.302093024600292,-0.31616435962464784,14.049799919128418
254,2.3024284602426235,-0.2403010465072697,13.139300346374512
255,2.301709099489282,-0.24313931884068962,14.887900352478027
256,2.302336537821911,-0.181130897889755,13.729100227355957
257,2.302000719890041,-0.11103090697618401,14.471099853515625
258,2.30054149148584,-0.12553781255162066,14.820799827575684
259,2.2999055163320863,-0.23577188436920693,13.480999946594238
260,2.301935075106123,-0.20669129459131663,19.97100067138672
261,2.299028051911808,-0.17606982457705797,16.443199157714844
262,2.3021364782228235,-0.361707138746336,16.6471004486084
263,2.299161611528986,-0.1529122588898315,14.751500129699707
264,2.299974762465716,-0.04994819742598487,14.139599800109863
265,2.3013611202186057,-0.24546496574017374,20.631000518798828
266,2.3022215811393623,-0.11359963564651765,13.208700180053711
267,2.300711164659711,-0.1742399785255485,19.76930046081543
268,2.3022874030607277,-0.09119953958887062,9.460599899291992
269,2.3011897759087545,-0.2431089504855226,15.797900199890137
270,2.301441621526007,-0.22392471301644612,10.535799980163574
271,2.302122547845405,-0.24702006546277233,12.624199867248535
272,2.3019277257029205,-0.07934531417814117,21.816600799560547
273,2.302069352078305,-0.12949347802693378,21.933900833129883
274,2.3024023000695166,-0.07446181197876611,9.963800430297852
275,2.300016696585118,-0.19505010074259221,15.250200271606445
276,2.298695020391572,-0.1493384039427199,25.83169937133789
277,2.299849485069504,-0.11045950173287666,14.846699714660645
278,2.300124979194997,-0.10779207540444335,15.433699607849121
279,2.3012502234263805,-0.32645430456836233,17.007999420166016
280,2.3022595413980613,-0.1757924777845975,10.08180046081543
281,2.2947226400321554,-0.030160182694894955,26.26849937438965
282,2.3024392532108826,-0.14892667441543572,11.217100143432617
283,2.3013861827934043,-0.14617205347947682,16.925199508666992
284,2.2950580736576125,-0.10982165112622277,10.996100425720215
285,2.3016461209299672,-0.2857037638903246,14.57699966430664
286,2.3022362479482363,-0.21389461685808975,10.604499816894531
287,2.301683327981522,-0.019472870632085915,24.69809913635254
288,2.3022608282038672,-0.18924424160455544,15.64210033416748
289,2.301768650236326,-0.21091523618409846,13.544400215148926
290,2.300682285189289,-0.22152704171992443,14.287400245666504
291,2.3020504206308017,-0.21884073578943042,12.440199851989746
292,2.30109208377402,-0.25451347803313773,18.469600677490234
293,2.301028514429609,-0.12864606257167566,22.012100219726562
294,2.2993653078383205,-0.06937532656054779,12.85890007019043
295,2.3018990088864744,-0.09823069854833777,10.905900001525879
296,2.301365195973035,-0.09283368774811984,18.380300521850586
297,2.302243596658828,-0.03848039754657877,11.130800247192383
298,2.3020415555863525,-0.2103571459316499,16.06399917602539
299,2.3001447085609343,-0.1473123766514005,15.542200088500977
300,2.302431509008289,-0.12561092919758393,16.88089942932129
301,2.3016604772678266,-0.07998596942303784,11.788100242614746
302,2.3014937712799983,-0.11753343490292532,15.192899703979492
303,2.302359417791452,-0.06848712856502537,9.655099868774414
304,2.301450952607451,-0.13746614786021416,14.038100242614746
305,2.301950103646309,-0.13926692799531049,11.10099983215332
306,2.300893568666589,-0.11513968924245666,17.16550064086914
307,2.302065602094245,-0.12364421510955748,21.971399307250977
308,2.3022508599444227,-0.17236801936257895,11.534899711608887
309,2.3015870724060536,-0.040992977086095166,13.434300422668457
310,2.3022092856295933,-0.1386257678213858,16.074100494384766
311,2.302287750262566,-0.04353600528303958,16.96339988708496
312,2.302022520193215,-0.0841969989994014,18.725900650024414
313,2.3006647789395065,-0.1940801874010134,11.426300048828125
314,2.3001916952644863,-0.04737816254787408,14.93589973449707
315,2.30120895038723,-0.05168991307361249,14.20740032196045
316,2.302439041935633,-0.04871916075246718,9.810400009155273
317,2.301314074822286,-0.021807504857711345,16.82379913330078
318,2.2995995399382556,-0.18459824616764386,13.971599578857422
319,2.302213723473745,-0.3218450465735394,12.86929988861084
320,2.3003914182433225,-0.09823352166978139,15.555500030517578
321,2.3017408888908335,-0.12473894969105792,20.483800888061523
322,2.301892235191559,-0.27679985395108986,10.624099731445312
323,2.3018563831021357,-0.22721759476283543,11.12660026550293
324,2.301553346729024,-0.3230916510745132,10.849800109863281
325,2.299267798428085,-0.11944519310627344,11.871999740600586
326,2.302063376119893,-0.20568889865258178,11.88379955291748
327,2.301735385494854,-0.11559554304743579,15.88700008392334
328,2.3022042472317352,-0.28412503817809476,13.543399810791016
329,2.3010179551535446,-0.06394351785198767,22.84869956970215
330,2.3024276934348062,-0.2601437304287657,10.533100128173828
331,2.2996506109735364,-0.1470495843126587,17.950899124145508
332,2.3014750783863294,-0.22919038394071034,13.49269962310791
333,2.301607712422327,-0.23951632995152727,14.432700157165527
334,2.3010343045510373,-0.1520353158073577,17.97439956665039
335,2.302456991509574,-0.130834395397732,13.937199592590332
336,2.2994482557780183,-0.21387181043257578,24.226499557495117
337,2.3018119699848185,-0.21717971644998257,17.471900939941406
338,2.3008572741369986,-0.24951606154290834,19.029800415039062
339,2.3006810146089585,-0.20912116675861436,12.040499687194824
340,2.3017902052592367,-0.21781219743287927,9.839400291442871
341,2.30204802376563,-0.11245094700258984,20.2731990814209
342,2.3023453066058837,-0.13466757530781237,15.496199607849121
343,2.2924613205787034,-0.019826064210725407,20.157100677490234
344,2.3018372808558203,-0.2356335956406198,22.272300720214844
345,2.3024521678039336,-0.1767204051727963,12.083800315856934
346,2.302015650590788,-0.1766964727687521,13.081700325012207
347,2.3024894886990657,-0.19618784598489958,11.38539981842041
348,2.3011035643529283,-0.4322032662585381,12.813400268554688
349,2.2988698289325646,-0.4047470184503048,12.058099746704102
350,2.3010835906529734,-0.07819078274122526,15.030599594116211
351,2.302189292052142,-0.13112423934729456,13.436200141906738
352,2.302073082046934,-0.16073636188841844,14.378000259399414
353,2.3017509091208392,-0.26343959803290307,18.085399627685547
354,2.302148439016876,-0.25650380468633216,17.169700622558594
355,2.2993523835716374,-0.0956852451813408,15.77280044555664
356,2.2617161732519278,-0.1855679227147532,19.12579917907715
357,2.3017920672245977,-0.11947457468022005,11.034000396728516
358,2.3013128114986467,-0.15102902957713482,12.208700180053711
359,2.3022984486486324,-0.23648635228536052,7.058800220489502
360,2.30160904166773,-0.21053007500636,11.779199600219727
361,2.300897511587243,-0.13258743862509637,11.311200141906738
362,2.3006087529345063,-0.07333815661848675,12.68649959564209
363,2.298828347442596,-0.23680161880950434,18.91699981689453
364,2.299389754464772,-0.07538902792519597,12.511199951171875
365,2.301972077876134,-0.21537159553337115,12.324199676513672
366,2.3023544597583085,-0.09434502051062121,14.383899688720703
367,2.302185625229694,-0.16823600707627318,9.197099685668945
368,2.301953340670632,-0.19200136567890247,11.686400413513184
369,2.298471031525757,-0.1244583226596152,18.195999145507812
370,2.299959491365389,-0.056019082129281084,13.977499961853027
371,2.3022582707334824,-0.0698009601291466,12.832500457763672
372,2.3020250002231806,-0.07970823718693443,16.326000213623047
373,2.293624576088654,-0.010806100262631624,20.395000457763672
374,2.2971846268284457,-0.10855777820426937,15.57349967956543
375,2.300312331532189,-0.04076056049246241,19.51059913635254
376,2.3013515178712396,-0.23609512706978275,14.65880012512207
377,2.3019658689777165,-0.39875196722015716,11.050000190734863
378,2.301691447299344,-0.20061457485302803,11.954099655151367
379,2.2982681153665814,-0.2333667527857498,16.23080062866211
380,2.3005590165182066,-0.06915372130310793,13.681599617004395
381,2.3013293317028594,-0.08420451781920348,17.765399932861328
382,2.301341698515224,-0.25111893637817373,13.68220043182373
383,2.302494975531701,-0.05152709904964989,17.93280029296875
384,2.300759330636598,-0.10384719695382205,44.2406005859375
385,2.294771026668755,-0.1334972355119104,25.825300216674805
386,2.3011337201845565,-0.1376897939575763,11.149200439453125
387,2.2987914730941363,-0.20263595244276766,21.365999221801758
388,2.3013255651967333,-0.04003081723007762,17.792499542236328
389,2.298518077087304,-0.15120520519287517,15.113200187683105
390,2.3017142531230705,-0.12187272242856473,11.21720027923584
391,2.3014249697878233,-0.24945499453494957,13.426300048828125
392,2.302236204064828,-0.1396302594497476,12.093299865722656
393,2.301805464704316,-0.12383180766631996,12.605299949645996
394,2.3012167344702474,-0.2288399516484353,11.9753999710083
395,2.3022340671474635,-0.162985085261808,12.29319953918457
396,2.29869027939133,-0.1680314871866493,15.714599609375
397,2.302053102110611,-0.1283671744645173,10.130399703979492
398,2.2997400840853355,-0.19196481812197286,15.949399948120117
399,2.2982296990540676,-0.005471716003994182,22.687999725341797
400,2.3019880083651123,-0.2076403678571931,11.359600067138672
401,2.302118951526568,-0.24260515294279328,16.308700561523438
402,2.2999920239270297,-0.04712229509748456,13.127900123596191
403,2.3022147187539934,-0.06279115942554081,11.06190013885498
404,2.302135746819365,-0.05023587427899579,16.643800735473633
405,2.3011436005192683,-0.039164870699369206,14.245699882507324
406,2.300925316057947,-0.02935117500401674,18.738000869750977
407,2.3022961835445295,-0.04802132926511126,9.823200225830078
408,2.3010842411830983,-0.20912162030211223,13.134400367736816
409,2.3021028885196224,-0.1397418080411419,15.142399787902832
410,2.2923007618646465,-0.06026484938389759,19.182199478149414
411,2.3015879968267186,-0.15698962798553473,11.002699851989746
412,2.301725524783423,-0.18742839482819862,13.958800315856934
413,2.2987008851785635,-0.08803790039300607,16.566200256347656
414,2.302378064073701,-0.2602550667121333,9.5447998046875
415,2.301716706114073,-0.3062709362080879,16.307100296020508
416,2.3016141607440117,-0.2005067027196179,14.136899948120117
417,2.3005274228267942,-0.09745917244244562,18.209199905395508
418,2.3008418595642977,-0.17593038146624387,19.412799835205078
419,2.3020899308946845,-0.04184899918708451,20.100200653076172
420,2.3007682273153507,-0.19515002940708592,15.578700065612793
421,2.3010534095689463,-0.10474011132384137,20.291799545288086
422,2.301416772565241,-0.11034843805285621,16.615299224853516
423,2.300921120903787,-0.048290941899312184,12.34000015258789
424,2.3022885986258856,-0.21372495037959283,14.817399978637695
425,2.302275808098409,-0.05735530870386838,20.162399291992188
426,2.3010466170463104,-0.017119341406694577,17.442800521850586
427,2.289681083669565,-0.13942530001298414,32.18600082397461
428,2.301028292930101,-0.1967420827800339,16.98430061340332
429,2.30214253352377,-0.30401984846905705,10.867600440979004
430,2.301878087835453,-0.22006902695646724,12.416399955749512
431,2.3016484219837823,-0.09125084041221432,14.340800285339355
432,2.302438856355237,-0.028224200899454325,12.91189956665039
433,2.3016478080283855,-0.2544799861247301,10.209699630737305
434,2.301784940430458,-0.18990108389735783,23.15489959716797
435,2.302345234483019,-0.12133684109449439,10.431400299072266
436,2.3011291737907205,-0.24788355211406887,13.105899810791016
437,2.301754317850333,-0.4382379224741708,14.536199569702148
438,2.3019625105273107,-0.2351331382316476,12.887800216674805
439,2.3014755097024597,-0.1722185835976412,20.29829978942871
440,2.3017909740096476,-0.12205825399899928,16.305700302124023
441,2.3016727677922773,-0.11261095600899937,14.9375
442,2.302390021522584,-0.27986344876151026,19.08449935913086
443,2.3007340248645423,-0.08285685683566157,15.0625
444,2.3015818538882944,-0.08324744224051393,22.35689926147461
445,2.2986339963765974,-0.10900974165311308,17.444000244140625
446,2.3022340031299438,-0.17521704784438108,17.412399291992188
447,2.301502601704584,-0.16195707945939597,15.08810043334961
448,2.3021949373193857,-0.16593109348124568,24.10610008239746
449,2.302363059196887,-0.2325122434791389,15.593500137329102
450,2.299506937944467,-0.2307855704379178,16.109800338745117
451,2.3022582497082498,-0.18078705615840818,11.787699699401855
452,2.3021465141695314,-0.2529234657043202,10.007699966430664
453,2.2998944187880297,-0.09211800094371714,20.676000595092773
454,2.3021567011748654,-0.17395703179755717,10.408599853515625
455,2.3011273186179286,-0.32017467862109406,10.270899772644043
456,2.3022243724217293,-0.22410172876093348,11.26140022277832
457,2.3013918626925993,-0.12593112431434428,12.443400382995605
458,2.3020717846236747,-0.2699505131071325,12.671500205993652
459,2.3011451116480726,-0.2290217982160926,21.47130012512207
460,2.2993744136173238,-0.10804019393518516,19.72920036315918
461,2.2945678517136376,-0.2055675346714052,19.750499725341797
462,2.301175033068166,-0.21628900889339064,12.618300437927246
463,2.3011042805947257,-0.31691648000562367,18.722900390625
464,2.3016920936289895,-0.04833408843039262,14.922100067138672
465,2.3020613401640624,-0.2554082750689143,15.29580020904541
466,2.302118693493977,-0.18925079099109143,13.665200233459473
467,2.300836790394898,-0.09529629684221662,13.492600440979004
468,2.3007318626897404,-0.022865249310623947,17.757099151611328
469,2.3012340360784234,-0.16559359809039398,19.160400390625
470,2.30212007296282,-0.11569334245231122,25.582399368286133
471,2.3022699673925926,-0.20396472833037127,9.944299697875977
472,2.302345977673901,-0.06766184055887897,13.522600173950195
473,2.300365725851651,-0.13237527057238574,17.24180030822754
474,2.3013038418018015,-0.1543886269457171,14.092599868774414
475,2.2938290770079535,-0.022073055994741655,15.10569953918457
476,2.30233569679801,-0.09557181691499039,20.84910011291504
477,2.2991999393072593,-0.10224780788061627,19.253599166870117
478,2.3019080057270425,-0.06415283310965614,15.394599914550781
479,2.301891412318868,-0.35313199043220145,11.429800033569336
480,2.301203886329607,-0.13204737819138568,18.49020004272461
481,2.301636963932272,-0.2097711851583437,11.649700164794922
482,2.30234680406465,-0.06529419071657072,18.706199645996094
483,2.3020814403419134,-0.09366744469329402,14.403300285339355
484,2.3017570061725836,-0.06777193156505845,23.163400650024414
485,2.302130668846869,-0.07838239484760386,11.727899551391602
486,2.2972901567775437,-0.10871638824156982,17.70949935913086
487,2.3021513716990745,-0.18315721788197648,10.321700096130371
488,2.3019354936321155,-0.07295893120169206,14.551300048828125
489,2.302385689100895,-0.11372045901542316,14.96150016784668
490,2.2991566493968403,-0.1020430769968389,13.188300132751465
491,2.3002851255328305,-0.05515043350069021,10.999199867248535
492,2.301443104598049,-0.14788476431300568,11.875
493,2.300493977313685,-0.06957947695728837,14.01550006866455
494,2.2907269841778928,-0.059170005621575705,18.45949935913086
495,2.301252722059494,-0.13598915660846222,13.342900276184082
496,2.3024575719312845,-0.09348645112310461,11.571599960327148
497,2.301176827719601,-0.05913209228394499,20.033100128173828
498,2.302358479918432,-0.2106574485476037,14.485699653625488
499,2.2995909429675647,-0.034482987105886966,16.69729995727539
500,2.3021739650071926,-0.11575918237103833,22.794300079345703
501,2.302049401357579,-0.08466425362699215,14.76830005645752
502,2.29692553864074,-0.16901813192364734,24.561399459838867
503,2.301659978116687,-0.12065321893950187,24.737199783325195
504,2.3014503150879806,-0.2287542719725878,18.72610092163086
505,2.2997304049981047,-0.15457109870241126,19.401199340820312
506,2.289429631927196,-0.0965060770867624,27.755199432373047
507,2.3024723470290342,-0.3617899059351313,15.790200233459473
508,2.300104247215811,-0.17775012359438203,17.903600692749023
509,2.301661872154551,-0.18212014021104383,15.80840015411377
510,2.301909030259276,-0.12319629722403291,20.896900177001953
511,2.3017088863503856,-0.2305873491987347,13.806099891662598
512,2.301697179087082,-0.18791148280273404,16.21769905090332
513,2.3022111245288706,-0.1585902040745394,16.28820037841797
514,2.297807811062818,-0.04928146254735752,13.08899974822998
515,2.301913282637892,-0.1785154910651201,14.065899848937988
516,2.301975209686664,-0.13348593975135115,16.39299964904785
517,2.301783437115194,-0.05882917727775947,12.864700317382812
518,2.302033235025474,-0.1835922671502871,12.95829963684082
519,2.3022252108916517,-0.24147489093145713,21.915000915527344
520,2.301238834838328,-0.025870996491061914,15.387800216674805
521,2.3023451221916353,-0.17982293867234078,12.689200401306152
522,2.3021418521880115,-0.13131310683690411,11.818400382995605
523,2.300881885795654,-0.12083500196670101,10.143600463867188
524,2.3005514899650104,-0.06349814808391385,19.111400604248047
525,2.3017732548385617,-0.11801396416891496,17.402999877929688
526,2.3021330525458197,-0.15418947638769598,15.935099601745605
527,2.296643291864326,-0.04725854542550889,14.073399543762207
528,2.300115817821318,-0.10050340925145107,11.899399757385254
529,2.3017545150224574,-0.11649818365191056,21.384199142456055
530,2.3018702460512612,-0.12611408723960396,9.75629997253418
531,2.302444337295306,-0.10212591661691872,14.10569953918457
532,2.301292669346679,-0.16988284643610552,22.337900161743164
533,2.299575032179806,-0.2834143114416947,13.113200187683105
534,2.301037792656925,-0.2740658184284879,14.068499565124512
535,2.299133454148629,-0.16577134873274957,14.819700241088867
536,2.301247026143615,-0.1496219295903646,17.5585994720459
537,2.301184801963734,-0.2299528797934689,13.216400146484375
538,2.2988198218214744,-0.21903150528832693,16.489700317382812
539,2.3002892742549963,-0.06538014106767331,29.954200744628906
540,2.3024154363204525,-0.16801493279590662,9.726200103759766
541,2.3012896978549064,-0.11424003029695307,13.8193998336792
542,2.3011052137896932,-0.21962127384573993,19.464000701904297
543,2.301934582664325,-0.23586008441340223,10.637299537658691
544,2.2996315964048484,-0.15057877943494702,44.72169876098633
545,2.3019793274775506,-0.15226215900812246,11.252799987792969
546,2.300510081137544,-0.2683382339954288,17.78499984741211
547,2.2912462547231094,-0.2187233918882664,21.892499923706055
548,2.298675186539672,-0.2675447132696407,16.17799949645996
549,2.3020682844148026,-0.05881810496100412,15.571599960327148
550,2.3014407157353265,-0.11880178667419683,18.572099685668945
551,2.3022390821241956,-0.2226034964314625,13.010199546813965
552,2.3018327628491586,-0.06303580211485911,13.050299644470215
553,2.302157342905318,-0.36789014107946993,12.108699798583984
554,2.302108028862333,-0.11098031408357023,15.344400405883789
555,2.2990175280551335,-0.2800162684360802,21.56130027770996
556,2.301860827181735,-0.27866251294542477,11.777099609375
557,2.289704021841327,-0.08196609543180955,16.15489959716797
558,2.3021823696528054,-0.1247455297134682,16.769699096679688
559,2.28623654462708,-0.10611901902621068,25.333499908447266
560,2.3009056948297975,-0.2683359564800569,15.84850025177002
561,2.2903312923661385,-0.03893476480593705,15.753299713134766
562,2.2969244414463073,-0.090393225177039,17.322900772094727
563,2.3018857482982056,-0.04425939135604324,15.331500053405762
564,2.3024225697451994,-0.14165392423825363,9.452199935913086
565,2.3023580274753965,-0.2591580458338967,10.637499809265137
566,2.298155867439843,-0.10776200618696752,17.0935001373291
567,2.298640741531694,-0.2936114142807006,19.25429916381836
568,2.302371227748857,-0.07899495761243269,16.038999557495117
569,2.300748799627422,-0.26658163586714023,12.660300254821777
570,2.3005792564212584,-0.16438380737534908,16.46619987487793
571,2.3025605673147536,-0.08996893760840496,13.270899772644043
572,2.301506551861151,-0.11240076229844123,12.818699836730957
573,2.3015057760644853,-0.2104968118912911,11.96560001373291
574,2.3015608978830953,-0.10294559189965331,13.992400169372559
575,2.3010932091984175,-0.22175647769948925,20.415599822998047
576,2.3023758064884627,-0.1230704786804826,13.171500205993652
577,2.2987510607047676,-0.05058208928301013,26.013500213623047
578,2.2913450951789667,-0.04534148841960809,18.580400466918945
579,2.3023482973276748,-0.07964527373139908,11.202799797058105
580,2.301915240738289,-0.14498724914936578,18.2987003326416
581,2.3023043680105624,-0.29828717524316595,14.836000442504883
582,2.3008386977385746,-0.18630257333856892,14.674500465393066
583,2.301867915688146,-0.12962282530153516,15.109600067138672
584,2.300732925237874,-0.1819013911286249,13.000699996948242
585,2.302392174843156,-0.09210320682444972,9.532600402832031
586,2.3022925823206597,-0.18036766514067804,12.35770034790039
587,2.300933775278749,-0.17721426835005916,13.477999687194824
588,2.296226996369808,-0.2673714318976197,14.33080005645752
589,2.296771472344904,-0.10816976874398587,14.253299713134766
590,2.3015210840251688,-0.2238801916326606,16.40250015258789
591,2.300623062097307,-0.168860313486621,20.960500717163086
592,2.2852326059923036,-0.130195875599382,20.691200256347656
593,2.298580815906742,-0.1843262694404162,17.59630012512207
594,2.2987399758484934,-0.24147575258752596,18.546600341796875
595,2.300351625055542,-0.2433633965903973,14.91510009765625
596,2.301414393760323,-0.18528995923866765,22.67770004272461
597,2.3023569794128167,-0.13036501648806886,13.8125
598,2.3017134730012647,-0.26228566711522117,10.429900169372559
599,2.2981005146322997,-0.23031257505376246,36.38520050048828
600,2.3013800879878015,-0.11855536975844583,15.873900413513184
601,2.3022521902880664,-0.1360109982273832,10.677000045776367
602,2.301287277161536,-0.068068059506912,13.670000076293945
603,2.299377894580063,-0.19218539042492366,12.583700180053711
604,2.3011033593751113,-0.15220386481003512,15.384699821472168
605,2.3020464255767576,-0.1709551741161891,12.000200271606445
606,2.2994267155926615,-0.028436454971129246,18.300399780273438
607,2.3020090646941407,-0.2636242438188469,13.139399528503418
608,2.300141276217692,-0.294604563344441,16.778499603271484
609,2.298701939761092,-0.05206740664912802,21.208099365234375
610,2.3020706879856982,-0.0718713620861213,15.167099952697754
611,2.3008090005805504,-0.05543460301896571,20.531700134277344
612,2.301894708134645,-0.16452500102331036,12.142999649047852
613,2.301401835830411,-0.17933725820011004,15.112299919128418
614,2.300319218771752,-0.08239478609453522,17.414899826049805
615,2.3008276276282356,-0.1881310099220065,14.84179973602295
616,2.299839256400314,-0.1352755524720437,14.76990032196045
617,2.2948971619606375,-0.2099263655054706,16.66080093383789
618,2.300351100628062,-0.1913907082692501,15.851099967956543
619,2.30046469609466,-0.3187686787988183,14.314900398254395
620,2.301379861226243,-0.20173038270953206,14.327899932861328
621,2.302512630509709,-0.26601319806306645,16.29450035095215
622,2.301604995672725,-0.04778047897552379,13.965900421142578
623,2.301823346226535,-0.04775160501813125,12.84280014038086
624,2.3021366858698773,-0.13202797678478273,10.936100006103516
625,2.2992610707114323,-0.0901245655880429,18.896099090576172
626,2.302071510878031,-0.27684769516844243,24.200700759887695
627,2.302012743146059,-0.21320950161387087,8.698399543762207
628,2.3024508329991225,-0.1635362620121118,10.536700248718262
629,2.300349380749846,-0.21353445884823308,19.66469955444336
630,2.3022658441549795,-0.152626670051081,15.89169979095459
631,2.3013032829451108,-0.13560644426644664,11.825900077819824
632,2.3025033068475733,-0.10977029223127432,13.777600288391113
633,2.3022666779401475,-0.19402853726973746,15.488100051879883
634,2.299384401396063,-0.049050566501752366,17.118099212646484
635,2.3023772826501276,-0.14586488156803668,10.058500289916992
636,2.3007418244529387,-0.1883696118498629,25.657899856567383
637,2.3020514447087597,-0.0614414207933799,14.580300331115723
638,2.3020673125025755,-0.16600981627050593,11.54699993133545
639,2.299519371696146,-0.08501370755299731,18.04450035095215
640,2.3022661109602445,-0.12322133328394806,18.029399871826172
641,2.3008135125975375,-0.09599015113326503,19.273799896240234
642,2.300898725334146,-0.1291539969471781,15.81779956817627
643,2.3021619311268355,-0.14581449092157892,18.922100067138672
644,2.3017240599974618,-0.12048954179372728,10.22350025177002
645,2.3023275440990836,-0.11139491728701933,18.927200317382812
646,2.299268866068102,-0.024199932612818786,18.079999923706055
647,2.301242102368479,-0.21820217927527352,14.405900001525879
648,2.3018475775582874,-0.21573181197642644,12.170599937438965
649,2.30229981937726,-0.11488503227585822,8.829899787902832
650,2.3022858709488423,-0.14286449386283717,14.791500091552734
651,2.301991027434763,-0.24347915176941182,15.946800231933594
652,2.3016101041570654,-0.06305912895745158,14.941699981689453
653,2.301445671825391,-0.1317858018908987,12.342399597167969
654,2.2998610333427467,-0.11488055268506148,16.758800506591797
655,2.2803824035581095,-0.16479010043370174,24.222999572753906
656,2.3019698722302877,-0.14845192964207454,14.880599975585938
657,2.3011725640731466,-0.09849656696887778,21.961200714111328
658,2.3019370612842156,-0.29204334563140044,11.668800354003906
659,2.3019696185298617,-0.22183417498870117,11.898599624633789
660,2.299359778991522,-0.17971095345663368,13.355199813842773
661,2.30178531293911,-0.4216026637216972,12.461099624633789
662,2.302412855193208,-0.021592438466220318,13.131600379943848
663,2.3011087330824243,-0.12443984425422983,12.235699653625488
664,2.3020993240822385,-0.22845214736117847,18.53260040283203
665,2.3018974163318453,-0.3105548075514458,11.80720043182373
666,2.297340786478354,-0.09526264590068934,13.267200469970703
667,2.301460656766426,-0.05282323582436204,13.840700149536133
668,2.3022441029664535,-0.055460630807645746,14.445599555969238
669,2.3019570704517864,-0.14734215875216972,15.592499732971191
670,2.3011721222420487,-0.09497681973743599,14.331299781799316
671,2.301369238847635,-0.05538967712644306,18.233400344848633
672,2.3018601546653126,-0.09403309499758006,15.427599906921387
673,2.2998422411437134,-0.2493932224533406,12.040499687194824
674,2.3018007276589354,-0.2889455924844926,14.280400276184082
675,2.3014665137632155,-0.07243241265478784,12.043899536132812
676,2.3006983575022235,-0.15730507096422863,17.715099334716797
677,2.3010591133012515,-0.17629943527453218,11.533599853515625
678,2.3013502055872244,-0.1634764225760108,19.297199249267578
679,2.3019515312580956,-0.14182010516205024,16.58530044555664
680,2.3020097728767603,-0.13777285206560608,16.501800537109375
681,2.3018619707619115,-0.2131369292978701,10.338000297546387
682,2.3012706562776564,-0.2147239311821374,12.409700393676758
683,2.2999002936546034,-0.2558965780338055,12.392800331115723
684,2.3021359481254358,-0.0706194957976306,23.218000411987305
685,2.3012430265077533,-0.08631693872628121,17.61829948425293
686,2.3006526470270385,-0.217409757875342,16.702800750732422
687,2.3014195963722686,-0.241731998574231,11.142800331115723
688,2.3005811995086716,-0.2896164065060661,14.945699691772461
689,2.3004227050134145,-0.021868568960196157,11.812100410461426
690,2.3020544483321275,-0.24331188415420169,10.41919994354248
691,2.3002665881316693,-0.21399602848796373,19.231700897216797
692,2.3023358133796004,-0.1825280288305423,10.528499603271484
693,2.3022008360846415,-0.1879133754255593,21.394699096679688
694,2.3020372809011156,-0.1460587421746482,15.040599822998047
695,2.301992292158905,-0.08141960461996989,14.76099967956543
696,2.301684806948918,-0.15468639217024083,16.20240020751953
697,2.3017554347653943,-0.20662929725442403,14.265800476074219
698,2.302002099866044,-0.22498723052446035,15.575699806213379
699,2.302092993425816,-0.2802097205956424,10.826899528503418
700,2.3019589889410086,-0.14330633418160577,13.735400199890137
701,2.2950378931757127,-0.2492589737066453,17.235200881958008
702,2.3022961045459067,-0.044808371084557215,18.36199951171875
703,2.302378377511089,-0.16818383381820645,15.241700172424316
704,2.301581934654236,-0.2815973247671191,11.636099815368652
705,2.301837124662661,-0.07715673277597301,11.80840015411377
706,2.3016630852662954,-0.0794619003672037,13.127699851989746
707,2.3022640510982453,-0.04259531657667195,13.689499855041504
708,2.300978667684703,-0.21777374449773268,16.218799591064453
709,2.2981131131159627,-0.10787400116331318,17.039899826049805
710,2.301508134823905,-0.19048485339962734,15.065799713134766
711,2.3002215832761075,-0.11894546986141563,13.66919994354248
712,2.301148353251685,-0.18477144171640025,15.666500091552734
713,2.3014593790243696,-0.19651261797564523,14.124699592590332
714,2.3023551962643394,-0.17862215049660946,11.523799896240234
715,2.302018246905624,-0.23221037987789106,10.916099548339844
716,2.3020661446705923,-0.20229311642064618,10.457900047302246
717,2.3019779283296793,-0.18348309612461922,16.066299438476562
718,2.301952785084724,-0.037416493627151326,16.388599395751953
719,2.301944047544966,-0.21537304506487442,19.922199249267578
720,2.300779794758674,-0.1330913112372636,20.7893009185791
721,2.301695617752991,-0.07229720809295026,18.913400650024414
722,2.2980434876071514,-0.14524471958265028,18.42340087890625
723,2.302159419414168,-0.13961805600489974,10.06470012664795
724,2.3024759004290267,-0.11234624699458706,19.235300064086914
725,2.302130060494463,-0.019114481826828074,11.973099708557129
726,2.300304481821343,-0.10288055253812523,16.622499465942383
727,2.3020716920122277,-0.15855905274717652,16.712400436401367
728,2.3017703165851744,-0.11421594653907918,12.639300346374512
729,2.301981915708575,-0.2551262349875153,10.71150016784668
730,2.301888042705157,-0.1602241979293727,15.124099731445312
731,2.3017786191733487,-0.2283861220531802,10.809700012207031
732,2.3024573124994463,-0.20559010943045486,12.655400276184082
733,2.302377097093075,-0.19865440713142835,12.547800064086914
734,2.3015393803486823,-0.3124264536507102,12.483699798583984
735,2.3020164564713523,-0.024437958303342472,20.22330093383789
736,2.2996256855988246,-0.06286196617581634,19.739200592041016
737,2.2918050847777423,-0.10086474161731962,17.069599151611328
738,2.3013908371037424,-0.15143797936989478,15.228899955749512
739,2.302018234954474,-0.24626112967274416,13.199899673461914
740,2.301032124552098,-0.13271952950449684,15.78499984741211
741,2.3022735098613363,-0.12681459465742462,14.243200302124023
742,2.3021124418217207,-0.1252293989736164,11.587200164794922
743,2.297272808526225,-0.12047898636384416,20.133699417114258
744,2.300878819466475,-0.10469860738382347,21.018600463867188
745,2.301729478895182,-0.15750929291787763,13.264599800109863
746,2.3024078505254026,-0.42762747409241786,13.46030044555664
747,2.298856914564588,-0.0725584359239222,13.119099617004395
748,2.3022296506913347,-0.23951438691582075,11.421600341796875
749,2.3020391053802856,-0.13197870002854753,14.059900283813477
750,2.301125508634531,-0.22187767030598923,16.672399520874023
751,2.3024710270050393,-0.20183478662992316,11.857000350952148
752,2.3016776586574585,-0.1668496268624038,22.01300048828125
753,2.282093795316026,-0.13498209790100246,26.066099166870117
754,2.301176328954493,-0.07495125469976038,12.605299949645996
755,2.3021158951241585,-0.13918510913997006,16.825899124145508
756,2.30191464780179,-0.17848788933499282,21.154600143432617
757,2.3019766783202065,-0.12024764998569937,11.208000183105469
758,2.2986619469951948,-0.19291785992401156,13.255800247192383
759,2.301434216885535,-0.09929384880928271,13.357399940490723
760,2.299574299265023,-0.10598082540406195,23.185300827026367
761,2.300468093491089,-0.04753229106934853,26.680299758911133
762,2.300222297732471,-0.17017987424654235,15.156499862670898
763,2.301214589381929,-0.17851391961242324,13.4931001663208
764,2.3021377967335015,-0.2400471913205704,11.373000144958496
765,2.2964333721543175,-0.12637056353559795,27.07900047302246
766,2.301849191563143,-0.16666684417213462,15.379199981689453
767,2.301953279541065,-0.01867433696323625,13.622099876403809
768,2.301502708671345,-0.026755828050705505,13.307700157165527
769,2.302491067839624,-0.26960914213061216,16.848800659179688
770,2.302079854641881,-0.11250833508781805,14.540300369262695
771,2.299624305184092,-0.17550266640226064,15.4266996383667
772,2.2994542309043218,-0.29747202718240795,19.167400360107422
773,2.300753901461622,-0.21844872220316702,12.813400268554688
774,2.301526144918969,-0.20174960664568053,14.040599822998047
775,2.3006389553738162,-0.05286913718069208,15.165499687194824
776,2.2997691352466147,-0.0046829814025586445,18.615699768066406
777,2.3019618801611026,-0.24985590600758467,13.193900108337402
778,2.2996437786268156,-0.2587549480702299,17.407800674438477
779,2.301640982875049,-0.12881349273554854,15.289999961853027
780,2.3003983762621565,-0.07191965181850801,10.875699996948242
781,2.3012948757810165,-0.15420184297472062,16.884899139404297
782,2.301074691646394,-0.12844571009750538,20.897300720214844
783,2.299150248589556,-0.03637838605935352,16.45789909362793
784,2.301055220887538,-0.11571676088775618,13.256799697875977
785,2.301903027432346,-0.294413208926948,14.40820026397705
786,2.3023239918863405,-0.1576010737522855,8.249899864196777
787,2.3023479084591782,-0.22145683638950142,15.036100387573242
788,2.299868420049359,-0.193427461251924,22.323699951171875
789,2.300970560366475,-0.11482928435960993,14.816200256347656
790,2.3016117174823383,-0.060544952994919465,15.56980037689209
791,2.3023798476389787,-0.18100441611854112,17.758899688720703
792,2.302408894566833,-0.07241301807846093,10.432499885559082
793,2.3021649473039587,-0.2213599118959304,15.077099800109863
794,2.3014428941602647,-0.25810365292887294,17.345800399780273
795,2.3015667590660507,-0.1855846017013132,12.854599952697754
796,2.3015991866804386,-0.039351537290091596,17.90559959411621
797,2.297800527726167,-0.09169276813030514,15.659600257873535
798,2.301098449894108,-0.07368036011062862,21.800199508666992
799,2.30110062864324,-0.11579496885490115,11.402099609375
800,2.3013158689728086,-0.18846505131887437,10.669400215148926
801,2.301883196805527,-0.07090407878465019,15.787599563598633
802,2.3021793908657697,-0.22507862969050763,11.958499908447266
803,2.3013288851608924,-0.2768712202430794,18.981399536132812
804,2.301654965500649,-0.16955086444133005,13.030500411987305
805,2.3008987922436623,-0.1661287723852677,12.681699752807617
806,2.3024151028159063,-0.044846738518833126,10.765600204467773
807,2.301813265764457,-0.25379028979180684,10.545900344848633
808,2.3021422891947614,-0.1332596367738471,15.594499588012695
809,2.3022342972317755,-0.3067352165326154,21.399900436401367
810,2.302288772173909,-0.2265481241432301,14.36870002746582
811,2.302007511937591,-0.2567107994956217,14.645400047302246
812,2.3015953367979547,-0.1693923167511697,15.194700241088867
813,2.3022930088941056,-0.08509323857850805,13.430999755859375
814,2.3007044224531916,-0.3386768897877488,17.118799209594727
815,2.301853237548545,-0.06997164298855862,11.385899543762207
816,2.2999631230247664,-0.07199626814032878,14.722599983215332
817,2.3023682602663085,-0.3422737151139117,9.936300277709961
818,2.3019978656218876,-0.09655128440168814,11.971500396728516
819,2.300911094572942,-0.12036238521428,14.955499649047852
820,2.3001553566867448,-0.1152136296442955,19.18950080871582
821,2.2986694580932268,-0.26802956537141875,17.957599639892578
822,2.279490200898442,-0.06958859156098374,46.76539993286133
823,2.282622293071964,-0.12501293707879968,20.917699813842773
824,2.3020216517755085,-0.17913508031696146,14.904899597167969
825,2.3017142364918954,-0.05140295447641652,10.851400375366211
826,2.2959614072612093,-0.059302461868380396,21.207199096679688
827,2.298821762892817,-0.1504837762341461,20.38479995727539
828,2.2981885822748165,-0.11375233224500438,11.918399810791016
829,2.289213965367938,-0.12960455457995973,18.810400009155273
830,2.301578682209871,-0.23807946332628094,11.507200241088867
831,2.2816174593176624,-0.19825551245073147,25.482799530029297
832,2.302499393406466,-0.1121699265597601,12.876099586486816
833,2.3013326059829486,-0.12293180579961738,17.119199752807617
834,2.30079675007444,-0.002914874081920821,16.476699829101562
835,2.301206824445357,-0.12026248924051341,16.716400146484375
836,2.3012620217480713,-0.21608825573398682,21.05739974975586
837,2.3022881027188187,-0.22098419979523587,12.040499687194824
838,2.300186122783353,-0.04847669183830294,16.476999282836914
839,2.301447761299469,-0.11561503594104017,18.111499786376953
840,2.2978566711367154,-0.1384969150633809,14.452199935913086
841,2.3021620372128586,-0.08590732734683026,14.440600395202637
842,2.2973029754594094,-0.28130687961281087,15.140800476074219
843,2.3017538632985897,-0.12827861752962189,14.741900444030762
844,2.2989145589608184,-0.13070587591137406,20.055599212646484
845,2.301412974081901,-0.15730138769711832,12.960100173950195
846,2.2987048841963342,-0.10205695088377364,15.315999984741211
847,2.300278223454621,-0.07770155768845065,23.72089958190918
848,2.3021644094529545,-0.06061258380973045,20.10099983215332
849,2.3010928095228214,-0.13505035204748594,22.09079933166504
850,2.3010652410770485,-0.21495106561002864,12.403599739074707
851,2.299401730543223,-0.16977763847763017,14.503399848937988
852,2.301779769112324,-0.03327509289263009,17.281299591064453
853,2.298523587455719,-0.23731925273300047,16.843000411987305
854,2.3021163809106566,-0.08410520132244126,19.71619987487793
855,2.295787874684864,-0.13530807339153206,19.09819984436035
856,2.3000439738075174,-0.14086636088971158,13.047200202941895
857,2.2935170306213637,-0.2675722957074349,23.59830093383789
858,2.3019940394423863,-0.3465487417633737,15.151900291442871
859,2.2991834775982793,-0.12069008724371612,22.72209930419922
860,2.3005946876069916,-0.02363685561243989,21.79829978942871
861,2.301766336414574,-0.04863281268018116,13.559200286865234
862,2.2958789219996234,-0.16555790862777298,19.409299850463867
863,2.301051932876213,-0.2393747741944482,18.15239906311035
864,2.3018408269330153,-0.16912749556517037,17.390199661254883
865,2.3010846854813103,-0.10954919181435574,12.900199890136719
866,2.3016943133518164,-0.034285634626100826,21.704999923706055
867,2.3008923419517506,-0.06117887784735816,12.134900093078613
868,2.302504365324481,-0.20449952699971616,17.878299713134766
869,2.3017193157268556,-0.21464304311668359,19.407899856567383
870,2.2961321409365087,-0.26554358980170445,19.71190071105957
871,2.30173351117009,-0.15154642503856297,9.49370002746582
872,2.299952594554937,-0.005958925208332744,13.116299629211426
873,2.3009801217628616,-0.17040670370664823,13.542499542236328
874,2.301692209835479,-0.06362325660443514,12.66450023651123
875,2.302284393151494,-0.24120846797669937,12.931099891662598
876,2.299651297427407,-0.1003125973446295,16.022300720214844
877,2.3018990420261076,-0.16795207550561184,13.081399917602539
878,2.3022940369542844,-0.08880625620487015,15.067500114440918
879,2.3022644431766075,-0.09815083018749504,10.332200050354004
880,2.2993406655212945,-0.15436227263903857,21.828399658203125
881,2.3018199467677567,-0.2950847994792085,14.23490047454834
882,2.3022731599318518,-0.12394741830987266,10.31980037689209
883,2.3002662250202506,-0.1988290705506105,15.649399757385254
884,2.302342259396737,-0.060376132312021435,17.791099548339844
885,2.3018425684799277,-0.1646235252885906,17.831100463867188
886,2.2977977197301698,-0.14126624349467043,17.67060089111328
887,2.301815354365679,-0.2369294244627711,11.131699562072754
888,2.3015551704146526,-0.0662841433937438,11.626500129699707
889,2.3025141604060235,-0.11295922911232725,17.248300552368164
890,2.302307010824264,-0.060114732138925264,9.259400367736816
891,2.30226058431795,-0.3223882891155929,15.357399940490723
892,2.302354548943376,-0.09544716514108254,13.832599639892578
893,2.3016546100335664,-0.13773292393433945,9.759099960327148
894,2.3014761198961766,-0.2605293865098286,10.898900032043457
895,2.297448966663227,-0.07681571374816354,21.714399337768555
896,2.302169972004444,-0.19775869438571503,14.877900123596191
897,2.3024052962626573,-0.18704018830834634,11.549300193786621
898,2.300051825172348,-0.2485726419985007,14.512399673461914
899,2.299382811534965,-0.25173782532101896,20.6018009185791
900,2.301917470665749,-0.19207987870915022,18.605199813842773
901,2.302455423467681,-0.12416937975021669,11.223899841308594
902,2.301106531525254,-0.16873500358912175,15.39229965209961
903,2.3024001239817427,-0.10740940825740253,10.372599601745605
904,2.302413025691701,-0.07974782477609905,14.229599952697754
905,2.3016833999361146,-0.1521004461909159,13.460200309753418
906,2.301380590095845,-0.33381256964995565,10.711000442504883
907,2.302548033485151,-0.06958148136503073,13.9891996383667
908,2.301799036764799,-0.13307298769786102,13.58810043334961
909,2.3005807395313074,-0.1524858956395575,11.383000373840332
910,2.294371365474928,-0.0185156572535919,25.83880043029785
911,2.302315136632094,-0.2580683985590961,11.694299697875977
912,2.2994833137564834,-0.19068759013217162,13.114100456237793
913,2.301797856672655,-0.10757340745259693,13.96030044555664
914,2.2929441069103507,-0.32842315543165934,17.568899154663086
915,2.302399856252453,-0.07747023429872968,11.025400161743164
916,2.301954842261389,-0.03216968013288246,13.83549976348877
917,2.301956397616242,-0.11081368166856775,12.813199996948242
918,2.2976905916060537,-0.19339691211188637,20.00909996032715
919,2.301726873836371,-0.2529951720387742,14.18220043182373
920,2.3005143969299024,-0.12500342151564847,14.56089973449707
921,2.3007581076713377,-0.16310023901623527,13.032500267028809
922,2.299888178187735,-0.12295103642991678,14.406700134277344
923,2.301955900018278,-0.033471070448198414,13.589500427246094
924,2.300621364128682,-0.09565739922585184,12.036700248718262
925,2.301930159001053,-0.148848884075524,15.838600158691406
926,2.3014076586700765,-0.1684222074354227,13.298700332641602
927,2.2997012080155392,-0.03375976758318376,16.64590072631836
928,2.30212299778428,-0.14944564295593954,19.020700454711914
929,2.2997527224315193,-0.00973238588897658,19.008699417114258
930,2.3015006025979194,-0.2010844171555347,13.898599624633789
931,2.302289587806753,-0.12092102507141644,12.103599548339844
932,2.299884642644728,-0.13482395544595369,15.00409984588623
933,2.2995889314632567,-0.07503582037802303,14.235899925231934
934,2.302217032146015,-0.12681516175758833,13.547699928283691
935,2.300911392488893,-0.13874027762331986,12.406100273132324
936,2.296435425693622,-0.3116752271760408,13.288100242614746
937,2.3019492605094456,-0.07651264000377335,17.208999633789062
938,2.2895627772471983,-0.14891713733729425,15.888799667358398
939,2.3012096110718008,-0.04576272936199905,22.611299514770508
940,2.302205103453924,-0.26747165901654035,9.849599838256836
941,2.2926298306104314,-0.14310223344927486,19.29789924621582
942,2.3015117458571948,-0.24867891811957987,16.572999954223633
943,2.301708863486276,-0.08690904186281345,12.315099716186523
944,2.3023781263581364,-0.10577125376238228,13.931699752807617
945,2.302401074417875,-0.18673684592551432,15.906700134277344
946,2.3017622734795014,-0.05375250676338883,10.997599601745605
947,2.3020580267246085,-0.08161847486209181,18.266000747680664
948,2.30135793236128,-0.12197253989767454,12.13539981842041
949,2.2993478249858077,-0.14741596292389691,11.46969985961914
950,2.301336489904881,-0.06521106546178118,14.638699531555176
951,2.3019706512270703,-0.1854417633056702,11.821000099182129
952,2.301196173654531,-0.13790077325779826,15.22659969329834
953,2.302232008858345,-0.23220967369554035,13.897500038146973
954,2.3023414673689553,-0.044023225865720494,11.202799797058105
955,2.301002112605153,-0.09827521820670578,15.67199993133545
956,2.30217514938834,-0.11445295353881058,9.646499633789062
957,2.302538342684941,-0.17853119187943367,16.69179916381836
958,2.300526581739806,-0.17063414700479818,14.132399559020996
959,2.2994740861395253,-0.1495478409158597,19.33930015563965
960,2.300428284793276,-0.10299186238866853,18.546899795532227
961,2.3012008527893943,-0.15198838805031778,10.888199806213379
962,2.3022233589422036,-0.214331694502237,12.036199569702148
963,2.3004082170391493,-0.1551036525339664,20.178800582885742
964,2.301795166572655,-0.23382021109498607,11.746700286865234
965,2.2989825838827067,-0.09801151549761333,12.98960018157959
966,2.301982998973502,-0.07739702600730403,12.885499954223633
967,2.301829413443817,-0.20187133939096358,16.165300369262695
968,2.3005875158971634,-0.08276814785000386,18.00830078125
969,2.3020600649630927,-0.3318296036494459,9.883299827575684
970,2.3013703722313013,-0.05212078009565891,14.105500221252441
971,2.301381594479046,-0.05761545232491616,21.797800064086914
972,2.300710000513351,-0.3204061068314852,12.820300102233887
973,2.3022761255380857,-0.27317788757757455,26.02429962158203
974,2.302124839660059,-0.254623232556379,13.419899940490723
975,2.30146952286257,-0.22009880300976192,19.403200149536133
976,2.2950230551087074,-0.13369555928493315,17.710599899291992
977,2.298850857296637,-0.192330935624468,20.214000701904297
978,2.3011656735639647,-0.11400052173579756,15.053799629211426
979,2.2961415683560364,-0.1027815461115894,17.941600799560547
980,2.302294716369862,-0.0683304397466535,14.622300148010254
981,2.30153829353858,-0.3606974052303319,22.8302001953125
982,2.2982912238361752,-0.07606799986988602,22.086700439453125
983,2.302140372279524,-0.20814293857848654,10.95199966430664
984,2.294654513925207,-0.15248033621457224,16.487699508666992
985,2.3023539702886757,-0.12737275034430506,18.486000061035156
986,2.3021624629439765,-0.17278856485990157,12.241700172424316
987,2.297062772756274,-0.11752675649491628,13.952300071716309
988,2.300533754563868,-0.2489117806842831,14.929699897766113
989,2.3017144595296317,-0.1344743879078827,13.080400466918945
990,2.30014324957758,-0.2865423169799932,11.946700096130371
991,2.301753402181357,-0.15028457883725588,12.235300064086914
992,2.3024653940849387,-0.13644089472269522,18.340299606323242
993,2.301905440247271,-0.2139250642035928,15.972800254821777
994,2.3013799409449387,-0.0947151043842187,14.431400299072266
995,2.300587105350247,-0.12113518380065835,15.949899673461914
996,2.301665675403989,-0.10746557307491555,18.273500442504883
997,2.301400041349154,-0.0979284449262007,12.165300369262695
998,2.2987208867374167,-0.020133907714200205,14.861300468444824
999,2.301846439983224,-0.0232629851523217,16.39389991760254
1000,2.300275843056029,-0.09728242992285854,12.745200157165527
1001,2.3015926941651705,-0.1380638194887771,20.166900634765625
1002,2.3018074768645773,-0.18178590547330709,14.717100143432617
1003,2.3023313001936634,-0.34637845081117546,12.69320011138916
1004,2.3015043442364598,-0.10532665482107173,17.044599533081055
1005,2.3010123411459698,-0.07972422627099074,17.111499786376953
1006,2.302297491493327,-0.18537407497064518,19.977699279785156
1007,2.302303266722478,-0.1653468226153473,13.573800086975098
1008,2.3018834716049166,-0.09965793007232486,11.435600280761719
1009,2.30176515282472,-0.33380457070579794,19.250699996948242
1010,2.3008286529542388,-0.07282128037450422,14.69379997253418
1011,2.301705668259351,-0.039216564005332494,12.629300117492676
1012,2.3019525882313125,-0.361008340140925,8.197699546813965
1013,2.30184906121351,-0.3088300697889065,11.133600234985352
1014,2.302164271724333,-0.06626566417363722,11.684599876403809
1015,2.293102778400013,-0.1589828300825249,23.632400512695312
1016,2.302438302779058,-0.09433916816331545,14.888299942016602
1017,2.2951134618716713,-0.23095386063769296,26.303600311279297
1018,2.301190847022115,-0.031037964266387164,16.60919952392578
1019,2.3009855135574697,-0.06669977712469403,11.128999710083008
1020,2.295432541488525,-0.14632386615860737,20.613300323486328
1021,2.3024253790896854,-0.20683207553965,14.50160026550293
1022,2.3012235058132933,-0.18207814423909952,11.268699645996094
1023,2.2983152431850185,-0.2950755875607747,20.429100036621094
1024,2.302492505873777,-0.25673291725366365,19.644100189208984
1025,2.300303820032972,-0.10453395693938061,15.4350004196167
1026,2.3005067818068885,-0.04948510183029547,25.98419952392578
1027,2.302203651936392,-0.06093760469736787,16.36389923095703
1028,2.3022084803063056,-0.1939912565071058,12.263899803161621
1029,2.301674055185344,-0.3040416616103414,14.394700050354004
1030,2.3020076364415845,-0.06847645903894373,14.026399612426758
1031,2.3024922607113547,-0.15751261831709662,15.264900207519531
1032,2.2975463065868156,-0.11159365751153172,16.457799911499023
1033,2.301467136998021,-0.21960175271305526,14.529399871826172
1034,2.3009990665720217,-0.14264465456159292,13.313300132751465
1035,2.3015390605884245,-0.019276964235104953,17.95009994506836
1036,2.3018816179346335,-0.07953369003942257,17.711599349975586
1037,2.29980076709639,-0.09895281255296311,25.572399139404297
1038,2.3021604633574833,-0.06083074770464236,12.877699851989746
1039,2.3016147510063565,-0.1494972994721214,16.984600067138672
1040,2.3019526218436446,-0.18709261658970266,11.997300148010254
1041,2.2964989573094865,-0.052851021848669806,16.751100540161133
1042,2.3010116805081635,-0.27581367984400584,16.973899841308594
1043,2.3016227717942135,-0.1514864253044208,16.448699951171875
1044,2.3020060051360973,-0.3073556808727087,10.657899856567383
1045,2.3024041769704127,-0.1889400172830259,12.6318998336792
1046,2.3018907354786875,-0.11536815072318708,12.478899955749512
1047,2.3022963011516957,-0.040462040959025815,12.345800399780273
1048,2.302121197519907,-0.20969471604935497,14.841099739074707
1049,2.3013846405796707,-0.2379348607018641,11.173500061035156
1050,2.302105480002571,-0.047699593851812994,12.754300117492676
1051,2.301692347505152,-0.1222121407881821,18.68709945678711
1052,2.3022504320301445,-0.15188124864498265,10.875
1053,2.3012688353139112,-0.09454124743841517,14.239899635314941
1054,2.3017819784185414,-0.1217870949337041,20.199899673461914
1055,2.3022043413434803,-0.12830192795712891,15.55519962310791
1056,2.3016292296217986,-0.11790368414273567,14.98550033569336
1057,2.3024068676432816,-0.03215086997821737,10.30679988861084
1058,2.3023367179670013,-0.11061004400929675,14.225199699401855
1059,2.3009188311901996,-0.17118184082247445,13.131500244140625
1060,2.3011085850422157,-0.23864126927246576,17.720500946044922
1061,2.3020115481440873,-0.13830317496619438,11.935099601745605
1062,2.3014312005898994,-0.18705373111527102,17.119699478149414
1063,2.302038798867041,-0.06452299054173927,15.441200256347656
1064,2.302286538327475,-0.18301942150166625,13.102899551391602
1065,2.301603459686937,-0.10039839622521607,19.327299118041992
1066,2.299703070810604,-0.05922437650977608,15.434700012207031
1067,2.3022078023004755,-0.15195376641330371,9.80459976196289
1068,2.3006102670537536,-0.284199110933231,12.115699768066406
1069,2.3024124085942645,-0.17160242533195713,17.40399932861328
1070,2.302380563854506,-0.07310649593648388,18.503299713134766
1071,2.301630005467673,-0.031190688874309067,19.301300048828125
1072,2.30177277427094,-0.20087658379220663,13.517900466918945
1073,2.3006526909703844,-0.11297196303292688,13.969400405883789
1074,2.3023368840100953,-0.20467062269801195,8.211799621582031
1075,2.2962866584194357,-0.048664868151886,21.556800842285156
1076,2.301465382065676,-0.08385897244276719,15.95419979095459
1077,2.3013596502069986,-0.1420764817190977,13.447600364685059
1078,2.3024447709841622,-0.40469101219573655,9.277400016784668
1079,2.296467815387453,-0.04098972498552649,16.708599090576172
1080,2.3024626158323516,-0.1619700598951277,23.94179916381836
1081,2.30082444348845,-0.2914029883656609,14.60200023651123
1082,2.3015693035271076,-0.20442106517579361,15.300100326538086
1083,2.3009619201476075,-0.35584629318455896,15.690199851989746
1084,2.300619730338735,-0.14117487979743681,22.023399353027344
1085,2.302461403005154,-0.14067878482914686,12.977899551391602
1086,2.302011259886884,-0.3425798277642319,15.146699905395508
1087,2.2850550994313856,-0.08148175376031497,19.841800689697266
1088,2.3020991706882024,-0.14965278530029724,14.265399932861328
1089,2.3017392632236575,-0.15553664401424405,12.824799537658691
1090,2.2990146300743275,-0.3184083208357249,12.501399993896484
1091,2.3023783065168026,-0.33550809903389245,12.10949993133545
1092,2.3013774508617266,-0.04610823905873474,13.291500091552734
1093,2.302251997676544,-0.08865879076280314,10.562399864196777
1094,2.2769389492560514,-0.21036800905580133,23.753000259399414
1095,2.3009980296401467,-0.15135378861009974,16.28849983215332
1096,2.2997607762075827,-0.18801020494050302,21.658700942993164
1097,2.299115977541137,-0.13509946020086505,19.46649932861328
1098,2.3003377296449705,-0.2748209765514078,12.18970012664795
1099,2.3001712899967526,-0.026553224303597744,20.831300735473633
1100,2.3022866816097154,-0.10947028466765815,20.44179916381836
1101,2.299124440841406,-0.14536970739235588,18.731700897216797
1102,2.3023050424576974,-0.1588382074806538,11.167900085449219
1103,2.299415194565795,-0.2137096296579415,15.677300453186035
1104,2.300160045042458,-0.07586502417140584,19.15959930419922
1105,2.300607584722747,-0.06583870119883795,29.542699813842773
1106,2.3004945989722776,-0.1595016049264439,13.094599723815918
1107,2.3020383774557702,-0.009316234864595627,15.577300071716309
1108,2.3012956550714865,-0.1745197264789906,16.33609962463379
1109,2.3022952215780554,-0.15983138443018574,9.628199577331543
1110,2.290984865028928,-0.11526196744342754,14.432999610900879
1111,2.3010423490089233,-0.1636889032380927,12.568499565124512
1112,2.3021966060460115,-0.08697130265260622,14.11929988861084
1113,2.30139771956586,-0.029457243628907243,10.548100471496582
1114,2.300212440259507,-0.10258171764198742,20.40760040283203
1115,2.3020544492781623,-0.27879704606825095,12.732399940490723
1116,2.3005051569213055,-0.008558944094271225,11.846599578857422
1117,2.3018739524473717,-0.15871568157635696,8.183300018310547
1118,2.3016563586057552,-0.044481660281586156,18.25659942626953
1119,2.30140746547691,-0.12981117223748742,17.145700454711914
1120,2.301639326916063,-0.13985114876580643,13.96049976348877
1121,2.301981686490808,-0.10743547535126985,10.189200401306152
1122,2.302257517453212,-0.12186986043175785,12.586400032043457
1123,2.302267174980686,-0.1661023253112418,14.34749984741211
1124,2.30161159990522,-0.13338335490489947,13.802300453186035
1125,2.3016881201182002,-0.1464528956340745,14.79990005493164
1126,2.299420385716158,-0.2899686636575707,12.724499702453613
1127,2.299915704935077,-0.155965254883779,23.341400146484375
1128,2.301627757946324,-0.07111024425547419,13.941499710083008
1129,2.2996013415041783,-0.1465863289601811,15.234199523925781
1130,2.30174440642011,-0.1181867628139821,13.196000099182129
1131,2.3017297779897326,-0.2396922436193627,21.706499099731445
1132,2.3011474028539625,-0.04447243759984352,23.284700393676758
1133,2.302289213213279,-0.11976814175212314,16.83049964904785
1134,2.3021554618787428,-0.21991334620181902,17.47949981689453
1135,2.301626915563129,-0.10068079559846221,13.489700317382812
1136,2.301716065451913,-0.11772937687519991,10.69159984588623
1137,2.3024818518881647,-0.2127115284479546,9.795999526977539
1138,2.3000339207576945,-0.3438738918744706,20.23390007019043
1139,2.302087691333662,-0.07825484771667257,17.56399917602539
1140,2.2996984526003157,-0.17239216508757937,17.407800674438477
1141,2.30093930799625,-0.022268237667743874,19.324899673461914
1142,2.3022469225740725,-0.10574520637575997,14.71310043334961
1143,2.3014391667223104,-0.11883320599457081,16.373300552368164
1144,2.2991852318701596,-0.3344765196568838,25.23780059814453
1145,2.299239634057908,-0.33755472604364556,13.441900253295898
1146,2.3022259351175336,-0.3307983814817561,9.512900352478027
1147,2.2912465575331376,-0.08887389983527172,21.79680061340332
1148,2.3024089546275532,-0.3507703270345637,18.585100173950195
1149,2.302514253140781,-0.1514076542703776,17.50040054321289
1150,2.3020524166308736,-0.3192328917852407,11.915900230407715
1151,2.3010891980910437,-0.21738387944596482,12.170000076293945
1152,2.3020469560752908,-0.15399450843579032,10.246500015258789
1153,2.302342529460302,-0.18638686675722715,20.578800201416016
1154,2.3021901448703685,-0.09872410096454942,17.444599151611328
1155,2.301419926334123,-0.29128717890098166,14.31089973449707
1156,2.2937277116609676,-0.07807632985101728,25.362600326538086
1157,2.299048887050976,-0.1557909856948959,16.131099700927734
1158,2.301806689021696,-0.28939862683348483,10.922900199890137
1159,2.3018845067862372,-0.4010849185331383,11.306300163269043
1160,2.301995588439279,-0.10593929390533009,16.83769989013672
1161,2.3015320972870263,-0.2735449695885415,14.072999954223633
1162,2.3007199005364734,-0.15195396365753666,17.757299423217773
1163,2.296971752517438,-0.24356785736056175,14.919899940490723
1164,2.3015703900656406,-0.19599568694331337,15.245499610900879
1165,2.3024547495959644,-0.0279018538341268,19.714500427246094
1166,2.3014983442967454,-0.13342871598999406,16.04640007019043
1167,2.3007458750862133,-0.09944763521884126,14.393899917602539
1168,2.3025468769834654,-0.13702168862620212,11.604000091552734
1169,2.299357538319742,-0.053641255872260096,13.695799827575684
1170,2.3021263690217797,-0.039532919436225694,12.662699699401855
1171,2.3012564068218633,-0.14382117971542813,11.903499603271484
1172,2.302356677073557,-0.28146171368627637,9.695199966430664
1173,2.302043980968742,-0.19620661491180424,13.73859977722168
1174,2.3020988297995455,-0.17027955228090308,17.179899215698242
1175,2.298299793776912,-0.13207696010803438,14.199299812316895
1176,2.3017592250435284,-0.1392086165226445,11.911399841308594
1177,2.30093983808582,-0.20468087593646722,14.22819995880127
1178,2.301646780082181,-0.2039089384554842,14.758299827575684
1179,2.301004057160118,-0.2813717179920534,16.12529945373535
1180,2.3018043683179745,-0.025439625622430993,26.07270050048828
1181,2.302264269161239,-0.24578954816464982,12.558500289916992
1182,2.301971053898635,-0.1478864737857729,19.65999984741211
1183,2.301296610868451,-0.3105111238721556,13.69729995727539
1184,2.302352342283608,-0.26286545435974673,11.365699768066406
1185,2.300523021850198,-0.25314230452094133,12.779999732971191
1186,2.2991120394478535,-0.07743722172065855,16.506099700927734
1187,2.297042665690124,-0.12287953061516432,17.938600540161133
1188,2.302128063437683,-0.1657550466483224,10.816900253295898
1189,2.2988140232161713,-0.08397612791992104,24.97909927368164
1190,2.301107600337237,-0.03620053891295738,12.786100387573242
1191,2.3025395410743164,-0.1783064308193345,19.699100494384766
1192,2.302428953795473,-0.08956658961528582,14.596599578857422
1193,2.301918168337698,-0.10720499139576778,14.277999877929688
1194,2.2969376006192594,-0.019993574968729413,18.310300827026367
1195,2.3000561662841053,-0.1761642344130787,16.26959991455078
1196,2.284995439848478,-0.19639810198625873,12.377599716186523
1197,2.3013591026298976,-0.05061189597735438,16.17329978942871
1198,2.301575937292565,-0.2782231481904489,13.807900428771973
1199,2.302302165401937,-0.08529668035314687,15.4891996383667
1200,2.3017286108137593,-0.34695498395596924,13.434900283813477
1201,2.296557382129032,-0.018484907385771163,21.542299270629883
1202,2.3020649071377868,-0.12580826403136047,10.588299751281738
1203,2.300096031973287,-0.06610852983533233,11.757699966430664
1204,2.300381070115721,-0.05701231554295876,12.602800369262695
1205,2.3000894576467363,-0.12726378084350534,15.06879997253418
1206,2.3012113664339178,-0.09451961414575205,14.929400444030762
1207,2.300850408162403,-0.16530684927968586,14.1427001953125
1208,2.3021818750579444,-0.12804463539820024,12.86299991607666
1209,2.3015473047772392,-0.16994365995806893,11.278499603271484
1210,2.302020296468334,-0.17972029240814957,13.951000213623047
1211,2.3021411968508056,-0.27098665138832556,10.241100311279297
1212,2.301702016600941,-0.1934187172743308,12.243599891662598
1213,2.300072234360481,-0.2704903135305279,12.32610034942627
1214,2.301523307168944,-0.07600859980147057,15.448100090026855
1215,2.3012803836579034,-0.30363873873827874,15.505499839782715
1216,2.30233426615907,-0.1397965480912915,14.051199913024902
1217,2.3006614505814325,-0.06228302201939662,15.056300163269043
1218,2.3010085816832175,-0.1485275404246823,11.563400268554688
1219,2.3013135046934945,-0.1705364088607778,17.79400062561035
1220,2.3017036527498136,-0.2447338908307337,10.195799827575684
1221,2.299259026695068,-0.16922648325283574,12.746700286865234
1222,2.301310589547347,-0.05415546481805977,10.840700149536133
1223,2.301843514455966,-0.24378520764663314,10.139300346374512
1224,2.3021413042295205,-0.2457654612693183,10.20359992980957
1225,2.3001357994570513,-0.05258066481576407,16.482900619506836
1226,2.299582159096881,-0.18876397143431944,20.594999313354492
1227,2.3020588670101056,-0.21652350600517867,18.925899505615234
1228,2.3022254499767096,-0.06440261499521459,15.243499755859375
1229,2.302145975171613,-0.250131363073544,11.612199783325195
1230,2.302154440556432,-0.11049462909671826,13.901300430297852
1231,2.3021499704063593,-0.20777713111788465,14.772199630737305
1232,2.298277642389073,-0.12788683117857458,16.591100692749023
1233,2.3016771027323526,-0.12452139709881464,11.555899620056152
1234,2.3015558852358837,-0.21292559966897073,17.20330047607422
1235,2.301476067979974,-0.03189529860758744,17.06220054626465
1236,2.3022521722536253,-0.06059116912337951,13.314000129699707
1237,2.3018936523234843,-0.23589537856737763,13.823599815368652
1238,2.299521886560987,-0.18901048506918627,16.864900588989258
1239,2.3021548572450317,-0.12042288451486216,19.99530029296875
1240,2.30208892266448,-0.1512392501440868,11.793700218200684
1241,2.3022949685410663,-0.20177084654619115,12.792799949645996
1242,2.3017084317098577,-0.19677558230916947,11.374899864196777
1243,2.3023765696700353,-0.06820774143831158,12.273900032043457
1244,2.2963594019580134,-0.11416646088035742,25.00469970703125
1245,2.30194167493422,-0.2079104731182554,11.374799728393555
1246,2.3023524541250056,-0.10988264542820847,14.323100090026855
1247,2.3017129933838323,-0.0887831385117398,19.808700561523438
1248,2.3010057589090964,-0.05852943790105602,12.485899925231934
1249,2.3020089916524746,-0.12017941571736024,19.019699096679688
1250,2.2998170415171324,-0.09988114348886412,22.03809928894043
1251,2.3014761763510725,-0.23883580610806043,11.637900352478027
1252,2.294575780762656,-0.18280743308970215,17.54050064086914
1253,2.3024910384585766,-0.09361603517956307,15.265399932861328
1254,2.3003983978353926,-0.2997475351992922,13.799200057983398
1255,2.3022403512416183,-0.1737580644135776,10.269100189208984
1256,2.3010387319194043,-0.20119711495693948,12.880499839782715
1257,2.3020660809879945,-0.06587197939343549,23.349599838256836
1258,2.2996046634412473,-0.04139821371536849,28.87030029296875
1259,2.302240454430737,-0.14572155934840214,13.276200294494629
1260,2.3018961652263727,-0.15269295816861417,19.938199996948242
1261,2.301879024009752,-0.23960001114194707,10.691399574279785
1262,2.300489869379037,-0.2539794835491245,10.762100219726562
1263,2.3002989866959753,-0.0782250525453313,26.411800384521484
1264,2.3020715698640615,-0.056984736612609166,13.38029956817627
1265,2.3024565246589623,-0.053073052521706465,23.660999298095703
1266,2.3018227456384497,-0.1598517571959445,11.085599899291992
1267,2.3015995160054006,-0.14204045577095492,13.430000305175781
1268,2.301878288276568,-0.19803822583404596,17.23590087890625
1269,2.3019796160469883,-0.1207282133371772,15.611800193786621
1270,2.30157015342804,-0.052509662984326355,12.735899925231934
1271,2.301602873296836,-0.3107081077941484,11.010700225830078
1272,2.3024012194327836,-0.05127784393336554,13.621800422668457
1273,2.299618722562995,-0.24663735089425742,12.6358003616333
1274,2.3003487728328382,-0.38804159906085567,17.097700119018555
1275,2.300922178391006,-0.07492374598238784,14.873299598693848
1276,2.301371890107636,-0.10808559493387715,14.711899757385254
1277,2.3010277645328157,-0.24537629551275497,15.67549991607666
1278,2.301900462120174,-0.060730828183941044,20.301000595092773
1279,2.296715237412439,-0.09047901925605795,17.010299682617188
1280,2.301324444447703,-0.11519930079851826,16.220699310302734
1281,2.2989286927203767,-0.11928907438483527,17.387399673461914
1282,2.302170211870814,-0.1877178705754604,14.480500221252441
1283,2.3021389867776603,-0.19121387020377334,10.36620044708252
1284,2.2963849756782198,-0.09632407101021301,21.36240005493164
1285,2.300948293084047,-0.16233646832551948,17.46980094909668
1286,2.3022511349253083,-0.07697435890610538,23.404600143432617
1287,2.3020836615683913,-0.1215824095660869,13.784199714660645
1288,2.301966986858771,-0.2611142820703999,13.636199951171875
1289,2.3011235256866094,-0.166585660891729,23.14929962158203
1290,2.302570552302413,-0.21001335540588384,14.79800033569336
1291,2.3017579470652256,-0.07966255178261132,19.701499938964844
1292,2.3024308407550036,-0.13333790319985234,14.690500259399414
1293,2.300876185571947,-0.2333123972148201,16.74370002746582
1294,2.30082727373403,-0.1125857703920018,18.709999084472656
1295,2.302259937366633,-0.12374405967422675,21.43120002746582
1296,2.3023333992364923,-0.1856501837043999,14.450599670410156
1297,2.3015373606373233,-0.0205615590690557,13.187299728393555
1298,2.3022098389302865,-0.22128854230451456,29.16230010986328
1299,2.300496444716681,-0.04578440346424595,12.556699752807617
1300,2.3018890276609474,-0.14893720479407901,18.32819938659668
1301,2.302326434027948,-0.0553090549520791,15.082099914550781
1302,2.3004606058391874,-0.16561090368646458,16.099899291992188
1303,2.3020221431881662,-0.15069583197666186,13.977499961853027
1304,2.292820665738578,-0.27592188359917813,14.85890007019043
1305,2.300621114404127,-0.2813622274177553,13.888400077819824
1306,2.301914015921393,-0.17541652799346252,11.263099670410156
1307,2.28387891289429,-0.1942462687098585,22.945199966430664
1308,2.3015056880494162,-0.18323905650009498,12.520899772644043
1309,2.301841003671801,-0.16628018710377512,18.8981990814209
1310,2.302385796437962,-0.09343019226933269,12.89050006866455
1311,2.3020697027136747,-0.05466936217261849,12.152999877929688
1312,2.300934253526637,-0.14907533849516763,10.035499572753906
1313,2.300788220989693,-0.1749462138739175,16.331499099731445
1314,2.3010153236308324,-0.13546502647794068,14.008399963378906
1315,2.302350309584885,-0.20292563412953224,13.625
1316,2.3024946714703547,-0.13381890394209606,11.290399551391602
1317,2.2979708318617695,-0.2547700129315871,15.218400001525879
1318,2.302080143101724,-0.07269253050463576,16.758699417114258
1319,2.29812443794917,-0.07977894335856295,15.366000175476074
1320,2.301413786204667,-0.08475558203475458,17.18079948425293
1321,2.2840206450107994,-0.11577652934510355,17.83639907836914
1322,2.302216611802424,-0.1524408756099489,15.908599853515625
1323,2.301683257357056,-0.1922503149977075,13.391900062561035
1324,2.3016021400239386,-0.18190375401405579,10.310600280761719
1325,2.2989344783123933,-0.1509669332620951,12.821999549865723
1326,2.2998833697527767,-0.09939088787998163,23.514999389648438
1327,2.3006910652027863,-0.22469977055370816,13.276900291442871
1328,2.2997282727550954,-0.274178354576736,14.221199989318848
1329,2.3015465922182563,-0.2863953964942034,15.617199897766113
1330,2.302276384952773,-0.036165374639680274,15.146400451660156
1331,2.301265401917901,-0.2927497858445699,16.871200561523438
1332,2.301709008240812,-0.09115882169117917,15.211999893188477
1333,2.3019485946108964,-0.10617648224335413,13.43239974975586
1334,2.3014052615280347,-0.2103034594889852,12.33430004119873
1335,2.300792976125534,-0.15125212149211098,13.598999977111816
1336,2.3010093095065267,-0.08206126563855443,22.269399642944336
1337,2.3017092365361282,-0.2723367964272616,13.293299674987793
1338,2.300187478700214,-0.1671607964364833,13.242400169372559
1339,2.302082549510811,-0.10636976313522728,12.282099723815918
1340,2.3009874260230014,-0.17482743997327765,13.890600204467773
1341,2.2966054241671894,-0.05922084773785676,20.666000366210938
1342,2.30236957348756,-0.16611671875705036,15.656999588012695
1343,2.301860827181735,-0.2982502863536729,11.777099609375
1344,2.301528385807362,-0.21410737249675094,14.413599967956543
1345,2.3023170286144437,-0.16269330878160027,14.413700103759766
1346,2.302235805413131,-0.16273790270068023,15.759699821472168
1347,2.3008602186391682,-0.21787243049372318,19.866100311279297
1348,2.3021152496018327,-0.19524392874639052,13.047699928283691
1349,2.298339147936883,-0.09979316563240113,12.60669994354248
1350,2.302096364166033,-0.13400306323449193,16.278200149536133
1351,2.2983078801391863,-0.3785032779313723,17.792200088500977
1352,2.3015976361437858,-0.21626965430343137,20.206300735473633
1353,2.3009120811432453,-0.20578294971536726,13.649700164794922
1354,2.301881280281784,-0.24291135900770733,10.603799819946289
1355,2.29727151489312,-0.017444688077677552,14.270899772644043
1356,2.2955151863467895,-0.07867555798591172,15.37399959564209
1357,2.3017566827588523,-0.17673350510904964,11.576299667358398
1358,2.301282880403747,-0.09976819119565172,11.465800285339355
1359,2.2995848615763888,-0.3618357269993595,13.098999977111816
1360,2.3021018029154448,-0.22783001459219498,11.826600074768066
1361,2.302173617006069,-0.1737488997725669,11.285599708557129
1362,2.301504572627393,-0.2909061850990855,18.262699127197266
1363,2.3009004558865525,-0.3334139064428463,13.111300468444824
1364,2.300328147410796,-0.22081584268822219,15.171500205993652
1365,2.3019439731686195,-0.09607159619121741,24.508499145507812
1366,2.3023767763402465,-0.19256482815382503,10.907899856567383
1367,2.2933379630084425,-0.18506440524353884,17.030399322509766
1368,2.302284832424922,-0.033181801409327534,20.937599182128906
1369,2.3021831497380703,-0.23664745493552775,18.694599151611328
1370,2.301941652974119,-0.21858064258076126,12.221500396728516
1371,2.3020436609631703,-0.15277540143710655,20.77560043334961
1372,2.299028117661911,-0.10374324381785227,14.14229965209961
1373,2.302426618521066,-0.30036446782207793,10.723699569702148
1374,2.299211249661919,-0.15100701095807167,18.736400604248047
1375,2.3013041429005408,-0.16063705192746613,10.872699737548828
1376,2.2987361021982142,-0.09959825533779731,11.719599723815918
1377,2.3021365345192173,-0.11970300665103373,16.780899047851562
1378,2.3015403532574994,-0.23863113673513225,13.34469985961914
1379,2.301734532005905,-0.3060450434218511,10.470600128173828
1380,2.3017198517075443,-0.30678432026142755,10.925600051879883
1381,2.297910648843441,-0.10471813520172313,17.24530029296875
1382,2.3019022717596287,-0.3244518960271736,11.241900444030762
1383,2.301784579329254,-0.07030426204229256,16.118799209594727
1384,2.3021287544010303,-0.08149677275700629,19.732799530029297
1385,2.3020894434018393,-0.13775242370844742,15.509300231933594
1386,2.302104939490003,-0.15261978644457996,12.833000183105469
1387,2.301118710568502,-0.3163953364613379,11.781599998474121
1388,2.3013438547102836,-0.29691792967483,12.664199829101562
1389,2.3022974555066194,-0.14373773472222734,16.392000198364258
1390,2.3023992964892326,-0.10128649578673565,11.723699569702148
1391,2.301232297170813,-0.15235007179550664,14.624699592590332
1392,2.3022949872241614,-0.30771797574548987,12.021400451660156
1393,2.301325574312622,-0.3599878432560074,13.021300315856934
1394,2.302190271126188,-0.07180468055452172,16.564699172973633
1395,2.2993596250589174,-0.094225966801744,15.663800239562988
1396,2.3009147783623396,-0.12836737372793486,17.17289924621582
1397,2.3021616216837337,-0.23540796021932908,12.325799942016602
1398,2.302161463841923,-0.06510350475421889,14.040499687194824
1399,2.3005209349844966,-0.2434639379963952,16.384300231933594
1400,2.3018370022406356,-0.22308244594199378,10.35669994354248
1401,2.301447028990222,-0.07465569245195389,14.376799583435059
1402,2.3023634369050394,-0.22242804276587735,13.679699897766113
1403,2.301257797033862,-0.22929141118766314,15.223999977111816
1404,2.3018778011925676,-0.05758731320417519,11.396499633789062
1405,2.301920236990779,-0.21541844162921808,12.941100120544434
1406,2.3013886277026883,-0.061219019153134505,19.098899841308594
1407,2.3023669634407327,-0.25961681963538563,11.943900108337402
1408,2.3004127827830367,-0.18477439625257808,28.159799575805664
1409,2.3013169199993215,-0.17226228151371115,8.571200370788574
1410,2.3024776498390818,-0.16434806054009754,20.329099655151367
1411,2.297861947007232,-0.0458335288143164,15.39229965209961
1412,2.3020685841961344,-0.009680210201243053,10.262900352478027
1413,2.3012130823250683,-0.11958828607153593,13.027999877929688
1414,2.301744524749924,-0.30430736460030516,11.904000282287598
1415,2.3019113316175135,-0.16229962348800386,13.984999656677246
1416,2.2990488371488462,-0.1440794057486613,13.711700439453125
1417,2.301464636367899,-0.29484044678490207,21.343399047851562
1418,2.302003536984472,-0.17265831210737648,12.395899772644043
1419,2.3015361873593903,-0.24725603860804668,11.694000244140625
1420,2.3020585743084876,-0.1448972639024264,18.91860008239746
1421,2.297296163487654,-0.19246325525750396,16.183700561523438
1422,2.2977660104010638,-0.14959716544255697,17.45199966430664
1423,2.3010252068665022,-0.13625682389332727,12.879799842834473
1424,2.3022678546749247,-0.23026754868186827,11.41510009765625
1425,2.302527563176469,-0.0902357012480084,8.972299575805664
1426,2.3014179647366326,-0.20562657716156607,17.288000106811523
1427,2.3021492960315357,-0.15323558330329234,15.720800399780273
1428,2.3022426692054303,-0.14691952118636376,13.025799751281738
1429,2.298525050150144,-0.07929536946292115,17.3882999420166
1430,2.3001591240913615,-0.060003132983578726,13.068499565124512
1431,2.301621771481089,-0.1297442445113962,14.862199783325195
1432,2.30192501779855,-0.3031931744815751,12.638799667358398
1433,2.3013828213326755,-0.2045339552196852,17.920400619506836
1434,2.301697353204936,-0.1994773543156495,17.046499252319336
1435,2.2907669312591263,-0.12735342809436334,19.561800003051758
1436,2.3007836451239605,-0.10247496630375275,21.06920051574707
1437,2.3023174574025584,-0.3148707282060099,9.093600273132324
1438,2.3023959691959077,-0.17188976601741046,12.420999526977539
1439,2.302380234213446,-0.12434470946048304,29.047399520874023
1440,2.3016512823747752,-0.047270722574746626,13.078700065612793
1441,2.302338003436492,-0.11993447266065738,11.926400184631348
1442,2.3012254801783225,-0.20767368429765998,18.53820037841797
1443,2.3023710942370226,-0.16113621281863943,12.521699905395508
1444,2.296239725564784,-0.13545092806370973,17.221900939941406
1445,2.2995588736696706,-0.08484723396687088,21.081499099731445
1446,2.3023659742469715,-0.09142653943651424,9.965499877929688
1447,2.301930601180116,-0.06337095105934121,15.363200187683105
1448,2.299141009477804,-0.1853969686054383,23.220500946044922
1449,2.301776111437393,-0.24214591589355905,16.510900497436523
1450,2.2984743659828246,-0.16613292573036756,14.963500022888184
1451,2.3015211897101624,-0.2641755821637872,14.932100296020508
1452,2.3009813756296302,-0.03123684597068979,15.339699745178223
1453,2.300217460963827,-0.1436563317012508,12.105500221252441
1454,2.3018213339582347,-0.19490793089356528,17.246400833129883
1455,2.301313956068394,-0.11115685281662202,16.986900329589844
1456,2.3004822222172527,-0.03713378347049713,17.45039939880371
1457,2.3018557152005403,-0.09518230179989962,9.51159954071045
1458,2.3015028829911173,-0.09364512894891597,14.917200088500977
1459,2.300194436654112,-0.09783460633740801,11.881799697875977
1460,2.301328814230551,-0.12925622057191744,16.570600509643555
1461,2.299462229327722,-0.09049064718823208,14.151200294494629
1462,2.3019072035467847,-0.08268975180151072,16.464500427246094
1463,2.29661620192065,-0.1444596455980971,16.1919002532959
1464,2.300804452567811,-0.0751600050772131,17.935699462890625
1465,2.3022055999699496,-0.22669289304852303,11.778499603271484
1466,2.2999653522495893,-0.21103711087336885,14.54539966583252
1467,2.301869651617378,-0.1607481857299793,10.98840045928955
1468,2.30026634972109,-0.06526985660069962,16.57830047607422
1469,2.3024197759808933,-0.19981646468170278,14.918100357055664
1470,2.299103383407774,-0.06968849776316133,12.267200469970703
1471,2.300427351623388,-0.17572982156949346,15.117799758911133
1472,2.3017059230385604,-0.19477160516259082,11.604000091552734
1473,2.2976744798426907,-0.17445030252821148,30.123899459838867
1474,2.302094840548554,-0.1625125073901773,15.83650016784668
1475,2.30110020369295,-0.0862254594301558,15.807000160217285
1476,2.30160255862814,-0.1266185013216824,12.303999900817871
1477,2.3017593993083323,-0.11675212903263928,23.15130043029785
1478,2.302085973047887,-0.14360332774237605,14.581199645996094
1479,2.30175068243939,-0.3001016700877014,10.781599998474121
1480,2.3024057117422734,-0.21182704135338115,16.89550018310547
1481,2.3007354113809253,-0.10075457889168804,14.834199905395508
1482,2.302303825056449,-0.12378601746310247,11.495800018310547
1483,2.302385133764722,-0.33058547372232727,12.455599784851074
1484,2.3022857439816273,-0.26395091343885735,20.831199645996094
1485,2.302075636432752,-0.14728234155677422,26.452299118041992
1486,2.2986127023755203,-0.22504066435831138,15.768400192260742
1487,2.3006532499336636,-0.1570193089866491,13.433600425720215
1488,2.3023100336755644,-0.17305048650112453,13.714099884033203
1489,2.301834594548612,-0.25210770560948603,14.449399948120117
1490,2.2976253461016567,-0.22105551916382815,18.884300231933594
1491,2.3002988408097482,-0.13090162164318025,15.471199989318848
1492,2.302424187745454,-0.21803542487752547,30.839500427246094
1493,2.300951727620425,-0.27123825437768456,10.273699760437012
1494,2.301692472258829,-0.10587866962780212,11.619400024414062
1495,2.30217173450551,-0.23680491137015325,9.751799583435059
1496,2.3015546486506793,-0.1950225815528962,10.844400405883789
1497,2.3015302706736342,-0.15318200686923156,14.910799980163574
1498,2.3013697922316574,-0.25388741599890796,10.985300064086914
1499,2.302085062120698,-0.22842507287549907,19.38010025024414
1500,2.3024531614815524,-0.09987989385894758,20.247699737548828
1501,2.30219677956441,-0.22759273678450254,14.549500465393066
1502,2.300017266138105,-0.2465007727197055,18.651599884033203
1503,2.301913364653483,-0.1889388097474004,11.288700103759766
1504,2.3004101546896893,-0.030085107369686385,18.55340003967285
1505,2.302236284729082,-0.07895830028022366,10.145899772644043
1506,2.29713361317629,-0.02350759165831731,17.283000946044922
1507,2.3020912218949423,-0.14752155796997735,13.41450023651123
1508,2.3020319714328137,-0.10376327656926676,15.212300300598145
1509,2.300162610571517,-0.1023045949534458,14.101900100708008
1510,2.3006435096187543,-0.11371288818446557,15.17140007019043
1511,2.3016207365661967,-0.33357820178967756,12.14330005645752
1512,2.29944374541867,-0.261002891882516,19.313499450683594
1513,2.3023244772322378,-0.03554792107561945,17.06839942932129
1514,2.3019184217900954,-0.19655243412903667,12.054499626159668
1515,2.300129198669819,-0.09203297681866962,20.23710060119629
1516,2.3017548108708747,-0.34680765801984936,10.52280044555664
1517,2.2985096164985674,-0.044915439934532925,17.2947998046875
1518,2.3018735869332247,-0.05671798613802216,15.29520034790039
1519,2.302103492151266,-0.07345493221591859,15.032099723815918
1520,2.3022349059708866,-0.060872689396984536,18.992000579833984
1521,2.301178156510386,-0.18271188145954653,11.825900077819824
1522,2.3018782104569953,-0.14101218164114004,9.853599548339844
1523,2.3019106313222633,-0.19429749386583406,15.210399627685547
1524,2.3022376010855323,-0.15019814723265257,10.680899620056152
1525,2.302416795112036,-0.10802558319846867,12.045100212097168
1526,2.299989320298277,-0.03499060908351459,17.591800689697266
1527,2.2998236061118673,-0.2799149208188254,26.451200485229492
1528,2.300164409569627,-0.3606021486119876,12.931599617004395
1529,2.301395598362531,-0.3261605637208689,10.999099731445312
1530,2.302236731243076,-0.23379579888781155,12.817399978637695
1531,2.2951359699463394,-0.16379749498546028,16.795799255371094
1532,2.3024920392026953,-0.12069071914222329,20.01129913330078
1533,2.299307066110087,-0.0976187666355246,12.963600158691406
1534,2.299966476154883,-0.2517955551066722,19.862499237060547
1535,2.302232434916196,-0.13550443456443162,9.534600257873535
1536,2.3021090142341225,-0.07309684577057125,14.508600234985352
1537,2.301034173424277,-0.162889107899735,11.649200439453125
1538,2.301631224367208,-0.1433159968164598,17.117799758911133
1539,2.302337377563461,-0.10257546202932476,15.930299758911133
1540,2.301867388045065,-0.020839385850254445,12.46720027923584
1541,2.296619313669561,-0.11534211979884768,11.682700157165527
1542,2.301645656129061,-0.17082363097316788,12.053999900817871
1543,2.3011036441681747,-0.06657715043887212,12.828900337219238
1544,2.301067421562806,-0.04799532384398297,14.687299728393555
1545,2.3015242700083793,-0.12861201733346128,12.67770004272461
1546,2.300297204358262,-0.07522988673160812,13.866000175476074
1547,2.3018296204414175,-0.24845421971602377,11.154199600219727
1548,2.301814713304976,-0.11343270314552623,12.760000228881836
1549,2.301545314473492,-0.06734549687906394,17.1294002532959
1550,2.2991970410189744,-0.06554149115351875,16.263999938964844
1551,2.3010381199865746,-0.16341521894458888,16.14550018310547
1552,2.3020674571706516,-0.17447222135595913,9.511199951171875
1553,2.3024535902616807,-0.2528460236449561,12.82040023803711
1554,2.2908021157130483,-0.23336791216353348,14.54740047454834
1555,2.3007445567537603,-0.07835023071895753,15.707599639892578
1556,2.2898793965259,-0.19846654055858792,23.593700408935547
1557,2.301078005844495,-0.2332588959700271,11.586299896240234
1558,2.3024534096297717,-0.20213985261023026,13.230199813842773
1559,2.300313819129948,-0.12674116224022214,20.25670051574707
1560,2.301115563862245,-0.044423151897110436,14.765700340270996
1561,2.30236223103459,-0.013006799238562352,15.549400329589844
1562,2.3024310652814957,-0.1435279582078306,10.456999778747559
1563,2.300608405633662,-0.14202009736473253,12.423199653625488
1564,2.301297404269684,-0.06781277847890799,17.83989906311035
1565,2.3002815223695805,-0.18725558844493584,11.437600135803223
1566,2.3023660918989974,-0.2314060983185331,9.39430046081543
1567,2.301903345947996,-0.007824306791051328,16.442899703979492
1568,2.301549192319245,-0.1494212996008073,20.424400329589844
1569,2.3023133330078114,-0.03658854785825459,13.123299598693848
1570,2.302179065918373,-0.13771234504445296,12.612000465393066
1571,2.3013994115967726,-0.22617224736391206,12.503000259399414
1572,2.3010249992712755,-0.07659306584189574,17.289199829101562
1573,2.3006039230837856,-0.05351159140283755,16.673999786376953
1574,2.300725532840398,-0.06208683368787282,24.962799072265625
1575,2.3015128466442873,-0.12733981729348304,13.178299903869629
1576,2.300942929739702,-0.09417808919106807,14.639200210571289
1577,2.301553966471536,-0.1373529728077808,16.460500717163086
1578,2.301371235786015,-0.2789699506883534,12.847000122070312
1579,2.298812576624444,-0.24318308552833423,13.905099868774414
1580,2.300158114183417,-0.06827737095953412,13.141500473022461
1581,2.3011485272750347,-0.2808953096799396,20.00119972229004
1582,2.301476587823302,-0.10501752261054476,20.56439971923828
1583,2.2991030109595596,-0.09909851987991569,28.81220054626465
1584,2.3013999639807574,-0.3299900187927908,10.905099868774414
1585,2.301094414370007,-0.36179622848777493,11.476200103759766
1586,2.3024537121620754,-0.1918979426395575,9.553099632263184
1587,2.3010268407595444,-0.16874996514334353,10.234000205993652
1588,2.3020690946850273,-0.28631109568213553,14.920700073242188
1589,2.3014084224128584,-0.1446385291525254,19.174999237060547
1590,2.3014021889139116,-0.1280155626332049,14.825699806213379
1591,2.3011711956512118,-0.10934913128870427,13.985400199890137
1592,2.3013736615332436,-0.0002600856149668524,13.197600364685059
1593,2.301370764665549,-0.06758185528805072,12.034600257873535
1594,2.3022810421434143,-0.2372848658144936,17.39109992980957
1595,2.302216704681954,-0.10384087413607401,14.616499900817871
1596,2.302091041797171,-0.3514007235587324,14.116999626159668
1597,2.3009441455230966,-0.08086661877020429,17.3174991607666
1598,2.3009060991839423,-0.07578616466355736,22.018600463867188
1599,2.3019271152939837,-0.11928813278191586,16.563100814819336
1600,2.3019687330903427,-0.15993150007248413,16.407699584960938
1601,2.3018238898808896,-0.1393725625004124,14.312999725341797
1602,2.299399342269147,-0.15664760755591256,14.104999542236328
1603,2.3006518474153914,-0.13699451147695482,10.180299758911133
1604,2.2988339997498417,-0.0226467501187102,22.163700103759766
1605,2.2998875247375263,-0.11567543725238316,18.26490020751953
1606,2.3020990715832816,-0.17719723730245107,12.30090045928955
1607,2.301735168275268,-0.21365138895015945,11.11359977722168
1608,2.2942454478287155,-0.20494798098823339,16.905799865722656
1609,2.3016881658963935,-0.15376105900642317,15.939399719238281
1610,2.3015770570145913,-0.20829310418381997,11.458800315856934
1611,2.302411670634962,-0.08926759038934391,12.021499633789062
1612,2.2998839034342162,-0.22061810522833084,17.551300048828125
1613,2.2972146239464113,-0.35053042681774826,14.031900405883789
1614,2.302341658256453,-0.2900203699380901,14.147000312805176
1615,2.297278148357882,-0.15040929909125245,16.599599838256836
1616,2.2994937126572994,-0.18029100932038433,14.413200378417969
1617,2.301273696639548,-0.1373769789004301,19.017200469970703
1618,2.302087754271766,-0.12176673376928837,13.316800117492676
1619,2.3017359456515356,-0.11110157278390165,15.315099716186523
1620,2.301125593619749,-0.19342515969186758,20.19099998474121
1621,2.300477176854706,-0.22726199896730748,17.936800003051758
1622,2.301218809052491,-0.24517662088263115,14.071700096130371
1623,2.3018865990466617,-0.07201456588328614,13.279800415039062
1624,2.3013566198298245,-0.1523283876762419,16.28219985961914
1625,2.3017421740719306,-0.15624944178606343,17.6294002532959
1626,2.3019261021620236,-0.014309104585303767,13.249099731445312
1627,2.2860028083966526,-0.17852220163917742,18.587900161743164
1628,2.3016051156002133,-0.03980587355864471,13.068400382995605
1629,2.301780251516084,-0.33397275857709185,13.86970043182373
1630,2.2996573210986866,-0.11993011011983856,16.942800521850586
1631,2.2970862251050854,-0.23041111139274129,17.077899932861328
1632,2.294777073098616,-0.0989062457341986,25.872800827026367
1633,2.3016579247480227,-0.08721020197637619,15.157899856567383
1634,2.3018740043856925,-0.10690905798872208,11.23490047454834
1635,2.2862079431034803,-0.12704807649692285,20.748199462890625
1636,2.3015320536695456,-0.022074717393613826,20.180599212646484
1637,2.2961177046553285,-0.10807671958149226,14.027099609375
1638,2.295314461376536,-0.20906179579847128,15.029500007629395
1639,2.2999216048092954,-0.16594163214024604,27.460500717163086
1640,2.3018674780023227,-0.11825292019743416,11.418399810791016
1641,2.3008987634498235,-0.23923811726755317,17.371200561523438
1642,2.302023159331361,-0.18407824533274486,16.16029930114746
1643,2.302404071262988,-0.2276456245200853,17.559600830078125
1644,2.3020554187511704,-0.12062297688167134,12.076800346374512
1645,2.302332662418342,-0.09454280564117001,16.38990020751953
1646,2.301062327650028,-0.10339894491522861,20.348499298095703
1647,2.2995724409796345,-0.11061186891912889,14.2701997756958
1648,2.3019079290549267,-0.2326605701865193,21.08609962463379
1649,2.3024060567815234,-0.22687800388172952,13.922300338745117
1650,2.2991377284252357,-0.072722251357764,39.6870002746582
1651,2.3021549298616297,-0.05907381984221213,14.409299850463867
1652,2.2973988521449815,-0.10212160527116676,29.14150047302246
1653,2.3023925660384936,-0.17322018896979421,10.513999938964844
1654,2.3002348555023624,-0.04318949132826858,16.28350067138672
1655,2.30046753168419,-0.1978852076799127,11.425100326538086
1656,2.2979857344730923,-0.1833058841041897,22.463899612426758
1657,2.3023945774556966,-0.2094145154077166,10.201800346374512
1658,2.3016090123021495,-0.11803268522040344,14.273799896240234
1659,2.300225151069628,-0.19238853922672472,16.10540008544922
1660,2.3016731110348374,-0.06510790557816493,12.37720012664795
1661,2.3012253852192512,-0.11982508577821094,16.398700714111328
1662,2.302071805634405,-0.03768567294442371,16.91010093688965
1663,2.301329409282426,-0.0785627549661605,16.169300079345703
1664,2.3021106930135717,-0.2578561135340428,13.87440013885498
1665,2.301487448649427,-0.17472168585517922,14.059900283813477
1666,2.3008649929418525,-0.09856370401222267,18.34939956665039
1667,2.301932497692366,-0.05585535056050307,14.08080005645752
1668,2.2934371189951506,-0.028657055418253623,15.522899627685547
1669,2.3021715687726894,-0.16347901247318397,15.366900444030762
1670,2.3022803034517505,-0.1580810252499133,21.84280014038086
1671,2.302506784480791,-0.20807621812435384,9.197699546813965
1672,2.3021388082599668,-0.08417153183524007,16.901899337768555
1673,2.2899202586372276,-0.20588437887048805,21.788799285888672
1674,2.301884730749688,-0.007167096957344353,14.570500373840332
1675,2.2971115340361634,-0.21118875318351638,31.19580078125
1676,2.3018884145422067,-0.08530892881431473,14.157299995422363
1677,2.2977731501255425,-0.21137822325445665,17.324399948120117
1678,2.3014781536867934,-0.24799840466646061,13.488300323486328
1679,2.3004259120495747,-0.08296193601462121,16.67530059814453
1680,2.3013016887743154,-0.27460729742905154,14.747400283813477
1681,2.300549129286447,-0.2568333621916271,14.431699752807617
1682,2.300103600626458,-0.29587019313953666,11.846199989318848
1683,2.3012938705081263,-0.18122246780394524,12.520700454711914
1684,2.3022838442727127,-0.1771633213921301,10.519700050354004
1685,2.298986744291981,-0.011145717739922205,21.549699783325195
1686,2.3013271544973124,-0.15898503896040317,16.567100524902344
1687,2.3020603120159544,-0.2922847907308278,11.337599754333496
1688,2.3021719694960945,-0.26761379289367504,11.19729995727539
1689,2.302202328870049,-0.28813757939293305,11.51259994506836
1690,2.3017199826592423,-0.018038598464558724,11.28339958190918
1691,2.2959267130761933,-0.061086613584763104,16.22170066833496
1692,2.300304756997448,-0.14318900039424198,12.038700103759766
1693,2.301972874597189,-0.1897104148582892,17.81439971923828
1694,2.3022375763617458,-0.0675085740617507,20.1299991607666
1695,2.302062675013224,-0.1941062900660282,12.419500350952148
1696,2.3002874100249704,-0.1552354612492679,20.04829978942871
1697,2.299290988254343,-0.03967282509236599,11.24839973449707
1698,2.3016090630534998,-0.2535379651969952,15.311100006103516
1699,2.302495052690055,-0.03497710424429873,14.284600257873535
1700,2.2958350036482993,-0.3094718810576409,16.51609992980957
1701,2.3018974886462193,-0.29118046488276716,25.87310028076172
1702,2.300734092743377,-0.3644808958007939,15.045000076293945
1703,2.302410461166759,-0.22195805232694388,12.203900337219238
1704,2.3012932144581644,-0.33420453469955014,16.725200653076172
1705,2.3010097215710124,-0.1847301005194586,15.68970012664795
1706,2.3020156217531724,-0.1354696957685002,24.3710994720459
1707,2.3024622488042974,-0.1322876948660896,13.51830005645752
1708,2.3016772166397765,-0.08793327897304834,15.393099784851074
1709,2.3023138106831667,-0.18783160159711265,25.88010025024414
1710,2.301744094161543,-0.19877827244501844,12.614800453186035
1711,2.301269730177649,-0.3271479608809287,11.056400299072266
1712,2.302475082244452,-0.30449301592350864,13.350600242614746
1713,2.301857689807928,-0.20706210202472775,13.034099578857422
1714,2.2938638777019333,-0.016742972427469686,19.042600631713867
1715,2.30230116001142,-0.06139245020399087,16.339599609375
1716,2.3024355296882586,-0.23081765571755142,17.80470085144043
1717,2.3023040159633497,-0.10359603197936351,14.929200172424316
1718,2.2949810607152457,-0.237783240814337,14.268099784851074
1719,2.302515199550276,-0.062328438575735945,10.43970012664795
1720,2.3013177260683246,-0.13777482826321108,10.047100067138672
1721,2.302058310235525,-0.09182457556779272,19.82550048828125
1722,2.301000280637958,-0.1877130991953031,14.218700408935547
1723,2.3024395519719842,-0.3156024937142837,18.132999420166016
1724,2.3013796209395414,-0.24858608099015322,10.592000007629395
1725,2.301632608492639,-0.15077734360772851,10.45580005645752
1726,2.300918493509611,-0.15207046100405286,11.930800437927246
1727,2.3021432061352143,-0.08049114027710047,18.027700424194336
1728,2.300096671466662,-0.09930476471755945,12.475000381469727
1729,2.2996410320383367,-0.07767225809342349,11.87720012664795
1730,2.299117511923464,-0.258002852681003,15.998600006103516
1731,2.300256696887408,-0.0477571022219391,14.551400184631348
1732,2.295093263062882,-0.09306128935405916,22.844999313354492
1733,2.302174873804807,-0.25081937951119926,11.192700386047363
1734,2.300357921449908,-0.10627124699970493,16.522199630737305
1735,2.2968714815603293,-0.14459086780267982,16.390100479125977
1736,2.3018112637849732,-0.14933792902484277,13.52649974822998
1737,2.302203902647392,-0.09725813712063314,13.029999732971191
1738,2.301929111998097,-0.10210825428944303,19.27199935913086
1739,2.300297706500135,-0.1466450082863372,16.513099670410156
1740,2.3023998313296445,-0.2697375438141858,12.498800277709961
1741,2.301032652272193,-0.25973352610377054,20.627300262451172
1742,2.2998526806373745,-0.05593452467849025,23.1382999420166
1743,2.302147411761709,-0.07869906879072663,14.681699752807617
1744,2.300213483629784,-0.16680755112704293,14.047900199890137
1745,2.3001655044115568,-0.09356063710639217,11.57450008392334
1746,2.3016293504255043,-0.015330944388047274,13.110400199890137
1747,2.2914342628945863,-0.1655864733746429,35.51240158081055
1748,2.301334497313709,-0.1321081849815937,26.569599151611328
1749,2.300757637601775,-0.22805203409593844,15.807999610900879
1750,2.3004206300820713,-0.21440617782824622,21.286699295043945
1751,2.298140706502354,-0.10796478401716647,12.338500022888184
1752,2.3022916322276252,-0.06657820981321284,14.425600051879883
1753,2.3020911835458864,-0.058537889229033246,9.46720027923584
1754,2.301965709129379,-0.07355024145267663,12.694499969482422
1755,2.2973179735458955,-0.12681528056906,25.596399307250977
1756,2.301749618956146,-0.21664902806432618,16.576900482177734
1757,2.299976203336216,-0.18752274299934585,14.73840045928955
1758,2.301847490433588,-0.04845402154378193,18.70680046081543
1759,2.30207260502661,-0.2609729780536831,12.026399612426758
1760,2.30029146581178,-0.1535812296753235,14.57509994506836
1761,2.300448662664637,-0.17301570529789767,14.358799934387207
1762,2.3017800976894267,-0.1727438513289079,21.957199096679688
1763,2.3012335536398614,-0.07858721431723333,16.331100463867188
1764,2.2976654868532744,-0.518099295830595,15.409500122070312
1765,2.3011213265239334,-0.08215507879291484,11.503000259399414
1766,2.3006504340214917,-0.07724533284925734,14.820899963378906
1767,2.3017598008331315,-0.2586843857613248,13.925000190734863
1768,2.3022255566778007,-0.28528695582689045,13.952099800109863
1769,2.2947160065774206,-0.2023588921639532,13.528900146484375
1770,2.3022249598321216,-0.20210091578629086,12.041500091552734
1771,2.3020837460693935,-0.20085382609742797,10.755999565124512
1772,2.3021606848024034,-0.12766656284995448,23.64859962463379
1773,2.3005512337251885,-0.13537434368861978,14.818300247192383
1774,2.302521975989627,-0.12706878411998623,12.50160026550293
1775,2.299586658084113,-0.18303957608218036,23.052000045776367
1776,2.302214942944263,-0.1241721101871884,13.595999717712402
1777,2.302435670558621,-0.1964493844746541,15.61620044708252
1778,2.302490773229869,-0.17914414257473854,11.586000442504883
1779,2.301715857888915,-0.12042065737385949,23.689699172973633
1780,2.2984045997352323,-0.225361700173913,15.797200202941895
1781,2.3012141803178996,-0.14615435990971193,12.68280029296875
1782,2.3017486661534527,-0.23588895208539995,16.811800003051758
1783,2.302104482578594,-0.15424433133337423,12.710100173950195
1784,2.30028356399,-0.1053500420198834,12.762100219726562
1785,2.3019096728961146,-0.15575019980029225,10.1048002243042
1786,2.3011192696517444,-0.3693796463401422,17.59910011291504
1787,2.3019911172037575,-0.2209529609642753,12.637700080871582
1788,2.3018343149232425,-0.13393818723954398,18.281700134277344
1789,2.300006763383654,-0.2200645712608228,23.557600021362305
1790,2.3021810519292587,-0.032328606582579,16.63909912109375
1791,2.2975230224700605,-0.23958148241340183,15.214900016784668
1792,2.3002854421722643,-0.1512198165151044,19.399700164794922
1793,2.301048069782262,-0.13574041207569842,13.831700325012207
1794,2.301160699290172,-0.28044355669037513,18.529199600219727
1795,2.3024574442408396,-0.11967726520826427,14.335800170898438
1796,2.295766595099226,-0.3333617216655804,19.86370086669922
1797,2.302481846796983,-0.05167317745929845,17.451200485229492
1798,2.3009170710464133,-0.12931121548530544,15.535599708557129
1799,2.30204486594837,-0.23379609803327372,14.235600471496582
1800,2.2998635394190345,-0.09564697531482633,15.095800399780273
1801,2.301952764961638,-0.38169208601257765,11.676400184631348
1802,2.2999298082607997,-0.1630969380773004,13.137499809265137
1803,2.301378496051714,-0.16725085376101667,12.894800186157227
1804,2.3025093729854644,-0.2185662825014134,13.997900009155273
1805,2.299873537621052,-0.1632534257976168,12.075300216674805
1806,2.3016042806371804,-0.2523102716582084,10.667099952697754
1807,2.302109178858033,-0.0459852824264505,21.747400283813477
1808,2.2995885647862897,-0.1446348866879995,12.640399932861328
1809,2.3013312235929986,-0.12225772762884679,12.48289966583252
1810,2.3017822784158373,-0.06487721713872852,25.593900680541992
1811,2.302106761898123,-0.046980251536238346,14.583399772644043
1812,2.3012712370161834,-0.11423797193831212,16.995100021362305
1813,2.3018782446293575,-0.13345721643215347,15.263099670410156
1814,2.301856424249865,-0.06964159072542664,9.503399848937988
1815,2.2985032796184064,-0.2097913387246706,20.952699661254883
1816,2.3023314760228373,-0.19769491283528928,13.831000328063965
1817,2.286537588213662,-0.24860916817163048,23.02239990234375
1818,2.301620932163628,-0.09313797787385658,15.759499549865723
1819,2.301511840896714,-0.16725899693063517,15.109800338745117
1820,2.302150997120916,-0.20447942648492504,9.357999801635742
1821,2.3018501111658867,-0.1455752470093543,18.440500259399414
1822,2.3019186480719513,-0.30419063680666225,12.281900405883789
1823,2.301542493856179,-0.13352046897152364,11.530699729919434
1824,2.3020828051865854,-0.2878290045865981,15.248800277709961
1825,2.3021818989914076,-0.09626271258391073,9.281700134277344
1826,2.301881568662474,-0.10178409210789903,17.50200080871582
1827,2.301786410734514,-0.3528423380390677,12.293000221252441
1828,2.302150976207483,-0.13632311750611864,14.576499938964844
1829,2.302215835447331,-0.07196334744724786,21.435100555419922
1830,2.302340119120407,-0.2987707119672862,11.819299697875977
1831,2.2995003960939044,-0.19084929735602196,12.969200134277344
1832,2.3022837576865416,-0.30058070918597934,20.895999908447266
1833,2.300242941502597,-0.21344383394269018,25.711000442504883
1834,2.3019092935723253,-0.12196143891331879,14.92039966583252
1835,2.3019311642788196,-0.12184214922293157,15.672200202941895
1836,2.302248502027545,-0.2865432831462673,10.88230037689209
1837,2.3017241623443936,-0.12589260217441012,20.44540023803711
1838,2.301724513120577,-0.11597614915854493,21.20599937438965
1839,2.3021765830554366,-0.07312049656607189,17.809900283813477
1840,2.3018510338746077,-0.019591264744789536,13.802300453186035
1841,2.3023148313745887,-0.10982952645271371,11.193699836730957
1842,2.3006376636447787,-0.1317504521606786,11.796199798583984
1843,2.301306195839081,-0.15950683221292578,12.731399536132812
1844,2.3011875163212294,-0.20562727278555515,12.718899726867676
1845,2.3008751785567028,-0.19664647733493412,14.151000022888184
1846,2.301819501386459,-0.06205074051605964,14.04170036315918
1847,2.3004639477023217,-0.27298143736167446,18.203699111938477
1848,2.301935866967491,-0.13829403863542108,20.259300231933594
1849,2.3019146456469537,-0.15573566453403365,13.846099853515625
1850,2.302282686065275,-0.2641473747559342,10.054499626159668
1851,2.301350175224411,-0.2302331578265019,11.344300270080566
1852,2.299010636227071,-0.21466710034025716,14.82759952545166
1853,2.2964675624748265,-0.015176117665243261,18.40239906311035
1854,2.302208544688149,-0.047177435432227965,11.379799842834473
1855,2.2962147482296764,-0.21057471033638286,15.699199676513672
1856,2.3017303577348645,-0.14884342291137975,14.001099586486816
1857,2.3024674935669904,-0.127671511476678,17.718299865722656
1858,2.3019156856822396,-0.1435798775976077,15.486499786376953
1859,2.2984746979008004,-0.04854143425447408,18.766599655151367
1860,2.302384976410853,-0.22532100744469286,14.740300178527832
1861,2.3021976266266435,-0.03852513490184606,14.988300323486328
1862,2.301605875008715,-0.23117311053254497,11.570500373840332
1863,2.3003724441650357,-0.17831634341978475,19.33139991760254
1864,2.301879741821976,-0.16157829047757355,17.128000259399414
1865,2.3011649978033697,-0.18593251239276076,14.16819953918457
1866,2.3017368266711435,-0.10433048091660962,10.093199729919434
1867,2.3014302452149997,-0.23976185440395514,15.67609977722168
1868,2.3013695347796825,-0.16711110505011983,10.850899696350098
1869,2.2983637871112337,-0.21645118162808774,15.718799591064453
1870,2.3016873435777465,-0.1281250098982193,20.753400802612305
1871,2.3009396700149614,-0.21692659760658717,13.647600173950195
1872,2.2982598964352583,-0.10460882820903061,26.675199508666992
1873,2.3002727836958203,-0.2352903235303695,26.861099243164062
1874,2.3002426302774386,-0.18120749505663447,14.922599792480469
1875,2.302006665309321,-0.15411994000506346,18.006799697875977
1876,2.3003105012507477,-0.09704853054708684,15.73740005493164
1877,2.302070116747908,-0.22457209138718237,16.46470069885254
1878,2.301974175321661,-0.032408565069133144,15.307499885559082
1879,2.30143788133275,-0.06646903009629368,12.369000434875488
1880,2.302484300610687,-0.246235292316884,13.321599960327148
1881,2.3016256151791317,-0.08566478841385106,11.85159969329834
1882,2.2979760280643906,-0.15921173179578563,33.23860168457031
1883,2.3013247017085936,-0.17351369567835007,20.30340003967285
1884,2.3018736927826993,-0.06407938119186252,17.848600387573242
1885,2.301502912352865,-0.2843136140083413,17.545700073242188
1886,2.3019910645870194,-0.20277890812982413,17.97480010986328
1887,2.3023351351900843,-0.04174368128446204,21.971799850463867
1888,2.301115881757963,-0.20398255591557113,14.23449993133545
1889,2.3024225829525142,-0.18194821965280095,8.719200134277344
1890,2.3007207520322126,-0.24388009913108555,13.538200378417969
1891,2.29772857258485,-0.1338548930628466,14.621000289916992
1892,2.3013761676589137,-0.10515919105030047,10.442000389099121
1893,2.3011532524257756,-0.26926028844694183,11.606599807739258
1894,2.300517016312784,-0.14355725676983755,20.340200424194336
1895,2.3022722229805064,-0.15956185703290782,11.584600448608398
1896,2.3015419010667455,-0.1987633695994333,11.453100204467773
1897,2.301842481654736,-0.2373016738857715,21.84630012512207
1898,2.300262125801533,-0.27984062979943214,12.521100044250488
1899,2.301879991389477,-0.07357961186103817,16.4906005859375
1900,2.299190800355887,-0.07267082892326684,16.517200469970703
1901,2.302354351596371,-0.05367662473429469,9.023900032043457
1902,2.300905047418787,-0.2959248917150059,14.386199951171875
1903,2.300776725480689,-0.1302690022056383,21.173599243164062
1904,2.301869581857301,-0.04816629973844154,20.89189910888672
1905,2.291387854777324,-0.015674118239661954,18.529800415039062
1906,2.3021530024207135,-0.10236370730086825,16.143299102783203
1907,2.3015749099257334,-0.08414673939213013,19.273399353027344
1908,2.2605483383349756,-0.182894103268869,27.528400421142578
1909,2.3020792134907717,-0.18546112487311195,10.41469955444336
1910,2.3011280087860704,-0.11972543556429194,16.28260040283203
1911,2.3022689956427507,-0.2235194095265456,12.244400024414062
1912,2.3024661681595275,-0.12972890714555851,12.793700218200684
1913,2.3022359306331723,-0.25248511109326266,11.515399932861328
1914,2.3024073275793113,-0.1289128260810134,22.66349983215332
1915,2.302307128720688,-0.09818857259843564,12.3725004196167
1916,2.301512721531746,-0.11506144428606735,13.55370044708252
1917,2.3012798846246714,-0.25279011118842054,15.560199737548828
1918,2.3010898656977243,-0.26138443484171503,14.902899742126465
1919,2.3023542190018076,-0.09238224789996125,12.3951997756958
1920,2.301386729341309,-0.24302782433675663,13.660799980163574
1921,2.3011157049389004,-0.07969486417538274,16.336999893188477
1922,2.301787501152048,-0.13511790126622736,11.138899803161621
1923,2.3023292944433256,-0.05145291499790168,13.512800216674805
1924,2.3020110714801287,-0.14034459174954206,11.713199615478516
1925,2.30182550328552,-0.17313142967728457,12.839099884033203
1926,2.2999634936715663,-0.12298731039576345,18.446699142456055
1927,2.3022147256102303,-0.13718412265585328,13.349699974060059
1928,2.3016419011712195,-0.37949874198285194,9.102399826049805
1929,2.302331142193094,-0.4127402616505458,13.067299842834473
1930,2.3013036862705265,-0.1399176531805889,17.012300491333008
1931,2.3003655784999713,-0.14452775762120335,14.964699745178223
1932,2.3010642638918397,-0.2983258370102221,16.452600479125977
1933,2.3013818512994817,-0.013178220228347826,13.452099800109863
1934,2.3023538112549438,-0.27802361423233657,15.058199882507324
1935,2.3021601716741915,-0.04573188206396406,17.373600006103516
1936,2.3013874605625215,-0.017403841676570105,16.530000686645508
1937,2.301968237832226,-0.22029022618808525,19.83340072631836
1938,2.3017695549565653,-0.10497220146344395,24.838699340820312
1939,2.302204274339527,-0.2468444816064368,16.89430046081543
1940,2.301567284030746,-0.21126950773503494,20.270700454711914
1941,2.301632912039801,-0.06556385035464707,11.757699966430664
1942,2.3021788553886475,-0.2192405292373638,11.712599754333496
1943,2.302217436240532,-0.2199669649634428,13.695300102233887
1944,2.301896855212865,-0.16698975055501986,11.421099662780762
1945,2.3016999920309353,-0.05732848482299566,16.339599609375
1946,2.3020447712375165,-0.2680438731318281,14.96399974822998
1947,2.3014525160065875,-0.21257435365331112,21.766300201416016
1948,2.3008214246940715,-0.10057718099717405,19.73579978942871
1949,2.300210884471066,-0.16528771698520772,15.751399993896484
1950,2.3010468941557276,-0.15693660263831943,11.497400283813477
1951,2.3005052213067745,-0.11855747242366843,22.17180061340332
1952,2.29938439217948,-0.044127750363183615,18.054399490356445
1953,2.302198863484689,-0.2267485903179134,15.126399993896484
1954,2.297237976018286,-0.15016312212508562,21.81839942932129
1955,2.2984961145214546,-0.20549845896715607,21.72450065612793
1956,2.301045460146915,-0.1303130875005677,20.147600173950195
1957,2.3024596907082264,-0.044959452362929975,12.423199653625488
1958,2.3019027091127424,-0.192463348194856,17.315200805664062
1959,2.3021733063242538,-0.35604860766292823,10.062399864196777
1960,2.3013186918897492,-0.1760904426673403,13.548299789428711
1961,2.3019753424922995,-0.07715447029679057,15.407600402832031
1962,2.3002009631319806,-0.054843785964442386,12.467000007629395
1963,2.3015992009658346,-0.23606209441909864,28.27519989013672
1964,2.3020594166017,-0.17621499950020303,22.74180030822754
1965,2.30185584626179,-0.10181132383460978,19.553600311279297
1966,2.2960724914977626,-0.04584351170886136,12.010499954223633
1967,2.3022435573569444,-0.03432804695759888,15.315600395202637
1968,2.3011754754421534,-0.05541167796390221,13.26609992980957
1969,2.301767435732367,-0.13328749424971065,14.179800033569336
1970,2.3019081849469623,-0.20606204908663972,12.517499923706055
1971,2.30074668385806,-0.098785604806367,21.26810073852539
1972,2.302174149394811,-0.1885694929737154,16.441999435424805
1973,2.298070281903003,-0.18333948610723638,21.056400299072266
1974,2.3012420397018074,-0.1335655598549531,15.381099700927734
1975,2.3011402820419176,-0.25191764217207324,17.255399703979492
1976,2.301444501792292,-0.12388764518947129,17.3257999420166
1977,2.299966845586188,-0.27292022941075755,13.636300086975098
1978,2.3023639696464637,-0.15703407280274684,15.525300025939941
1979,2.3007813196130584,-0.1718928394122895,12.641599655151367
1980,2.302233877083091,-0.24437739073928544,21.038700103759766
1981,2.3023063801613306,-0.11179159420965121,14.531900405883789
1982,2.3021913181948843,-0.050818771453191726,15.159899711608887
1983,2.300845549215425,-0.029161613641866677,9.114800453186035
1984,2.3022740415613536,-0.24070340788435696,11.0423002243042
1985,2.3019537122535354,-0.13634033546752589,18.88450050354004
1986,2.3019827828246004,-0.10036667104772312,16.74020004272461
1987,2.302201804754802,-0.21618647647851175,13.685999870300293
1988,2.301664625180204,-0.11506736240259652,13.155599594116211
1989,2.302296991943074,-0.23804814188555845,11.175999641418457
1990,2.30185698798057,-0.2562572134100919,16.582700729370117
1991,2.301039967546732,-0.17000502489596198,18.524499893188477
1992,2.3015046350833623,-0.23846597834524363,19.209800720214844
1993,2.301938407069489,-0.13457673870003273,13.574199676513672
1994,2.2999852479687415,-0.20802622704220042,10.880999565124512
1995,2.302398416762276,-0.2081371433452438,20.559999465942383
1996,2.2956992368496945,-0.2149325789598977,20.464000701904297
1997,2.296629013709301,-0.20044925802312086,15.744999885559082
1998,2.3020337646614077,-0.25555120900546235,11.696100234985352
1999,2.3014867911759658,-0.0576563886272872,16.157499313354492
2000,2.300738262664531,-0.19709654565464774,18.919200897216797
2001,2.3022846435742963,-0.24310277020748794,11.790399551391602
2002,2.3012975147132417,-0.21873507781224688,14.57509994506836
2003,2.3000056233981185,-0.1458426013478148,18.920499801635742
2004,2.3009705922861534,-0.23480476447467935,18.29800033569336
2005,2.3023200067650658,-0.09174266003850962,17.275400161743164
2006,2.302005897259917,-0.19278385562701683,21.319499969482422
2007,2.300844065001769,-0.05413923559758836,25.90060043334961
2008,2.2948219464997273,-0.032035491784597345,16.09239959716797
2009,2.301664043904195,-0.17387646684187658,12.873700141906738
2010,2.302096779542042,-0.03545932255022399,10.949799537658691
2011,2.3014347173477034,-0.12482656522647195,14.581700325012207
2012,2.3018501536272953,-0.19554889192550595,11.819499969482422
2013,2.302256407626854,-0.11023348398119592,9.638699531555176
2014,2.3024622574180915,-0.16754835400100454,8.272000312805176
2015,2.2999847791416532,-0.18428832551959518,18.117599487304688
2016,2.301999225916518,-0.23422160481434273,12.945300102233887
2017,2.2991714822640734,-0.10505181210628034,15.943400382995605
2018,2.3021535514411764,-0.10376155495595363,12.225500106811523
2019,2.3023519304679954,-0.2535112073434558,10.80679988861084
2020,2.300151880360206,-0.1048423012278693,13.353699684143066
2021,2.301985287834695,-0.12113488503917891,9.996199607849121
2022,2.3011837044768786,-0.10992928360608933,13.165300369262695
2023,2.3015001029374993,-0.23661141496550353,15.627400398254395
2024,2.2999905223836974,-0.07209537162471535,23.951400756835938
2025,2.300311962881199,-0.1624009609416308,15.314599990844727
2026,2.297471823955502,-0.18457166355574284,16.055200576782227
2027,2.301572179120192,-0.12433826438051176,14.2391996383667
2028,2.299949155732811,-0.05655975530121525,17.536399841308594
2029,2.3006188673081236,-0.2242202556589914,14.335599899291992
2030,2.302478145703172,-0.11292421124007013,17.462400436401367
2031,2.3017657631025723,-0.121215382354109,11.63599967956543
2032,2.301071194653144,-0.02182174323650088,14.614500045776367
2033,2.3023519601052143,-0.10477238304879358,27.74370002746582
2034,2.3023520092182097,-0.1624574735009109,11.848400115966797
2035,2.299432610907835,-0.2504725374060932,13.990400314331055
2036,2.3022410094281422,-0.20309720989983748,19.753799438476562
2037,2.301044232403933,-0.03260612231065246,13.20930004119873
2038,2.302488728654881,-0.10698621726645008,12.60830020904541
2039,2.3002957729589224,-0.315280038877801,13.666399955749512
2040,2.2998639699544436,-0.16607611652734788,11.98960018157959
2041,2.2998059097703236,-0.031006330766932894,13.999500274658203
2042,2.3013661055380363,-0.17279677110468714,12.37660026550293
2043,2.301809878423411,-0.42060943990826116,12.113300323486328
2044,2.299276573146885,-0.05597589845089352,27.212400436401367
2045,2.3009970322320763,-0.05908111168861702,19.176700592041016
2046,2.3010015328227476,-0.08075212721987635,13.586999893188477
2047,2.300231876259269,-0.1556231936110206,14.465700149536133
2048,2.3018783503113136,-0.23367309924409785,15.19629955291748
2049,2.299175554405306,-0.1806570308901736,18.200599670410156
2050,2.3010593134136776,-0.25692989738998673,14.313899993896484
2051,2.302138183157516,-0.12202212109870725,13.92140007019043
2052,2.302255143687955,-0.3312560717016453,12.13700008392334
2053,2.302163372080544,-0.1450040030339248,15.928299903869629
2054,2.3014838463379093,-0.3408598060024256,13.084199905395508
2055,2.3023421407591096,-0.1594716034082,17.87339973449707
2056,2.3023805727048456,-0.09595989288781381,12.449899673461914
2057,2.301629496746083,-0.1805457346994016,13.147700309753418
2058,2.3023933563367334,-0.145148721467954,11.861100196838379
2059,2.3014901436427637,-0.12626855941108497,16.82939910888672
2060,2.2928453062764156,-0.28728035709402444,19.463300704956055
2061,2.301068043176189,-0.3581044754876146,12.230400085449219
2062,2.3021119105042653,-0.20811173476960895,18.567399978637695
2063,2.3024023079508433,-0.28680373827636885,15.93239974975586
2064,2.301912721138022,-0.06693203074975962,11.477899551391602
2065,2.302396704752684,-0.1226371635110226,15.638999938964844
2066,2.301397585902953,-0.048742256545721126,13.774299621582031
2067,2.3015311457133136,-0.14241175023980612,15.83080005645752
2068,2.3016732059359937,-0.27296349027448163,13.53380012512207
2069,2.3023266744233783,-0.17701613702517516,14.310400009155273
2070,2.297872159267386,-0.1717044528900109,19.170299530029297
2071,2.3017235846980197,-0.21600288177944904,12.125800132751465
2072,2.3018280868219234,-0.10275289239226348,17.278400421142578
2073,2.300870629306167,-0.02360443072942265,11.349699974060059
2074,2.3004064197914875,-0.3089041780628099,15.139900207519531
2075,2.3024980535690807,-0.17759369946737724,14.557700157165527
2076,2.29611779784306,-0.06322894511985637,20.629899978637695
2077,2.302317105349776,-0.21505965971920205,11.899299621582031
2078,2.301308625465636,-0.2537244172564307,9.916799545288086
2079,2.3003478877840657,-0.14251285174257855,13.608099937438965
2080,2.3019901743607933,-0.15042763932114955,12.501799583435059
2081,2.3000554360388383,-0.01897966654030911,17.62700080871582
2082,2.2994722015599587,-0.11853464307063727,16.392000198364258
2083,2.3020236352885655,-0.16296016258515056,10.418299674987793
2084,2.302502425723119,-0.115487252720758,16.142099380493164
2085,2.2939805873722543,-0.25507160987595245,17.61440086364746
2086,2.3002120597698803,-0.2372185950904857,10.86970043182373
2087,2.302086632693757,-0.25049420815859413,10.369000434875488
2088,2.3022843946029043,-0.03539484177419805,21.179800033569336
2089,2.3016261353832568,-0.16189375599039812,11.21780014038086
2090,2.298630940061961,-0.07966384787238087,13.824299812316895
2091,2.302305786071643,-0.164999959135127,10.58810043334961
2092,2.3018091696333687,-0.2741341800593169,9.900400161743164
2093,2.297259039028856,-0.05966883698683745,17.503000259399414
2094,2.3012578729328617,-0.19052590631227873,15.23900032043457
2095,2.301125678826538,-0.2951296904543552,16.637300491333008
2096,2.3019674830019494,-0.18798963234929678,10.657999992370605
2097,2.3014618884101963,-0.15634560273346887,19.005599975585938
2098,2.3024664990023944,-0.24005430790352722,15.002900123596191
2099,2.3009623652202684,-0.07416705398217771,12.336099624633789
2100,2.3024248928577244,-0.150497179479256,9.846799850463867
2101,2.293730621834959,-0.05804519184371989,16.555700302124023
2102,2.30194829506407,-0.11927621399555255,9.997599601745605
2103,2.299901427033534,-0.21811072994922842,13.437000274658203
2104,2.301146907564073,-0.050107072287820416,19.84779930114746
2105,2.301571840528632,-0.06843167289548162,17.86870002746582
2106,2.3004645196842417,-0.1494146658673502,20.416799545288086
2107,2.301312703416323,-0.17853625723442101,13.308899879455566
2108,2.302094670802649,-0.05808035521816701,17.45199966430664
2109,2.2995412240565596,-0.1655822091501036,18.792200088500977
2110,2.3018794354446905,-0.006406950686880464,17.384000778198242
2111,2.3012703416788396,-0.13109323797182593,16.496599197387695
2112,2.3021133383920906,-0.06245966844824249,13.841099739074707
2113,2.3020473765917053,-0.1645498192459771,16.000900268554688
2114,2.3004871792919297,-0.1452845617841233,12.917499542236328
2115,2.301290503168158,-0.24139399052516453,14.62440013885498
2116,2.30188388729855,-0.07579173232432378,13.192399978637695
2117,2.302396223625002,-0.057961337223694454,10.805299758911133
2118,2.298715369527669,-0.002492610301188858,15.955300331115723
2119,2.300605545551088,-0.10472167420041101,16.453699111938477
2120,2.3016360082431455,-0.13273382185096883,12.615099906921387
2121,2.2996336716266486,-0.16683668283826592,15.139399528503418
2122,2.2984095762502723,-0.10142058265496756,20.890600204467773
2123,2.299855568911878,-0.17336759792118372,13.251199722290039
2124,2.302187073656003,-0.19032855545027694,11.892800331115723
2125,2.3020839100839954,-0.058222524277228925,15.237899780273438
2126,2.3008879710305115,-0.15287786690987237,15.25730037689209
2127,2.301900477508061,-0.1517343845575605,16.462400436401367
2128,2.3013350630925915,-0.13519913445959775,14.921099662780762
2129,2.3014276557843316,-0.03041461570426296,15.787599563598633
2130,2.302387859931318,-0.03568224569885873,12.493000030517578
2131,2.3023752713978904,-0.23881287592897305,10.522600173950195
2132,2.300122975607823,-0.14142532739757152,14.469300270080566
2133,2.302400550544189,-0.15655726958331317,13.319999694824219
2134,2.3000124962037165,-0.15992817539627102,20.68779945373535
2135,2.300066482155944,-0.11493347109628695,12.797499656677246
2136,2.2944986494415853,-0.04746218652559108,22.161300659179688
2137,2.300989118325553,-0.025401638049711628,11.49470043182373
2138,2.3009397907414457,-0.13271135027460135,18.9783992767334
2139,2.302437585013921,-0.05558129819888062,16.931499481201172
2140,2.3022509847401325,-0.12509292176122389,9.992899894714355
2141,2.300564530918166,-0.14610898470426392,12.801600456237793
2142,2.301917338493627,-0.37529924466872266,12.762100219726562
2143,2.3002220424572735,-0.31599168843036374,15.765000343322754
2144,2.302169650452125,-0.248426364707365,11.327300071716309
2145,2.300956378842077,-0.24768846610157824,12.107999801635742
2146,2.2990656014828073,-0.05252097217472359,16.687000274658203
2147,2.3009329439305404,-0.012359655103127901,17.84079933166504
2148,2.299944046124477,-0.24532634593241898,15.273200035095215
2149,2.3021991039016063,-0.2339493527445915,12.243000030517578
2150,2.3014521969564696,-0.12941068552679447,16.114299774169922
2151,2.3016200664932374,-0.16431751731710784,13.86240005493164
2152,2.301802235444685,-0.11931172025903991,13.163299560546875
2153,2.3013502695687142,-0.1234963606704652,18.334699630737305
2154,2.3001097658835334,-0.07702996079743973,18.663299560546875
2155,2.302360422802697,-0.20448820679100255,15.783100128173828
2156,2.301137649758564,-0.15338895785400986,16.89459991455078
2157,2.3019342367773747,-0.08468001346224319,10.59850025177002
2158,2.3009067329980817,-0.14628797310731978,10.982600212097168
2159,2.3011495858050273,-0.1675403967829432,8.752699851989746
2160,2.30222457204499,-0.13148758561934593,14.693300247192383
2161,2.302451060875619,-0.2035161204051259,8.795000076293945
2162,2.3024493626580402,-0.24673801093052805,10.033900260925293
2163,2.302205666559776,-0.06370656464733016,11.207599639892578
2164,2.302025099821252,-0.08924624373065793,11.259699821472168
2165,2.3024257809107707,-0.059467081704206115,14.136699676513672
2166,2.30212161946907,-0.27824415996709373,14.955499649047852
2167,2.3013764373313053,-0.28669466127387544,13.552399635314941
2168,2.3011567406202853,-0.1479620377498757,15.799200057983398
2169,2.2993935372623913,-0.07091648101484516,22.565900802612305
2170,2.2998309130216574,-0.12214920037726718,13.323599815368652
2171,2.286358201715474,-0.22359859929771086,17.03070068359375
2172,2.3015012979253595,-0.12823469381984642,22.150699615478516
2173,2.2946176546077592,-0.07178739540320815,20.2091007232666
2174,2.299309979475632,-0.10580605641289687,16.83930015563965
2175,2.300442874386036,-0.07480154900206315,16.865299224853516
2176,2.3016648640564807,-0.18037916491654493,19.609399795532227
2177,2.302364870241338,-0.08095571105944233,12.727299690246582
2178,2.3017207596381812,-0.06348821028207949,23.376300811767578
2179,2.3023988122418824,-0.14322261286184756,20.185100555419922
2180,2.3017819523137035,-0.18469591814086306,13.405400276184082
2181,2.3004239964750512,-0.1715894568722165,14.143500328063965
2182,2.302004427393677,-0.21753249697937618,10.060999870300293
2183,2.2973825884770327,-0.138426976250682,22.404699325561523
2184,2.3004634347396657,-0.19307240587302288,20.70479965209961
2185,2.301542846335531,-0.12787969512117434,13.197799682617188
2186,2.3012111935131254,-0.23634275042554265,24.543399810791016
2187,2.302158372927191,-0.07548836926039659,11.45829963684082
2188,2.301910435792775,-0.2813725600932111,21.371299743652344
2189,2.302134139486389,-0.15880785206052062,12.031700134277344
2190,2.301936332952306,-0.1574589155475703,14.85219955444336
2191,2.3022937960754914,-0.08399117322556392,10.125
2192,2.30204646700827,-0.1953494393344175,12.128399848937988
2193,2.301345349617038,-0.09341778212659502,12.698599815368652
2194,2.2996002547098686,-0.26235534116484327,12.557499885559082
2195,2.30244180101544,-0.12034151536775972,12.014200210571289
2196,2.3019119148971914,-0.021627744973727214,13.340100288391113
2197,2.297997026530435,-0.14499750066636707,18.06559944152832
2198,2.3017924153413087,-0.2211760123643002,10.62399959564209
2199,2.3016231512354977,-0.21562734321611865,12.388099670410156
2200,2.3013737771140956,-0.13094278315380536,11.552399635314941
2201,2.3009565703886343,-0.057601318530346154,14.333499908447266
2202,2.302273103716835,-0.13990140096855286,16.529600143432617
2203,2.3017200756530283,-0.16424156832771064,12.912799835205078
2204,2.30186144929923,-0.18388940007106314,10.868800163269043
2205,2.301782796647273,-0.24303551447799787,8.84220027923584
2206,2.3007473617751217,-0.137866268754462,19.961000442504883
2207,2.3014367543653647,-0.18653909497664478,12.087400436401367
2208,2.301809249937249,-0.04150668442598328,14.162099838256836
2209,2.300674200150272,-0.11384284365298891,16.69070053100586
2210,2.3023754868330712,-0.15659064292728953,12.095499992370605
2211,2.30198135569489,-0.05838179399719167,14.816900253295898
2212,2.294263689282683,-0.040105769166418614,15.56410026550293
2213,2.302055754704373,-0.1262075067189683,15.474100112915039
2214,2.3011577503068135,-0.18804877907351658,9.7475004196167
2215,2.300404182406383,-0.10729552768593927,16.864700317382812
2216,2.3007240272643683,-0.24946719494885355,13.618399620056152
2217,2.3015917280446194,-0.23415095243498685,15.504599571228027
2218,2.3022852295100265,-0.3250046472940368,12.419400215148926
2219,2.3009367679404327,-0.07887464703667024,18.1028995513916
2220,2.3014834089910434,-0.23687858828206743,10.458399772644043
2221,2.295541651966,-0.07096346190197775,13.788100242614746
2222,2.301819487188327,-0.05656428407635049,15.240099906921387
2223,2.3025023459162015,-0.22254682311056306,9.364899635314941
2224,2.301685859006101,-0.2814966075151756,11.51039981842041
2225,2.3005125036611735,-0.22313647052638697,17.40719985961914
2226,2.290857877917409,-0.20176952869896325,15.928000450134277
2227,2.30148569635151,-0.25409671101336684,17.425399780273438
2228,2.3019680034830308,-0.16528330049584905,14.920000076293945
2229,2.3024395971381453,-0.18022780606929797,9.260299682617188
2230,2.3016906338242125,-0.15300088856701333,20.86840057373047
2231,2.300808132935818,-0.2660647755848158,13.373299598693848
2232,2.30105938864398,-0.20827256690086038,18.12619972229004
2233,2.3003928420830033,-0.18928778134320254,13.637299537658691
2234,2.299732986802803,-0.18482848757936687,12.594499588012695
2235,2.3021856928532225,-0.1066228392409447,19.233699798583984
2236,2.301598620818755,-0.0766759885204773,26.616300582885742
2237,2.3021813377798583,-0.1316802414864755,10.85260009765625
2238,2.3019609017600127,-0.22265479602276084,12.78439998626709
2239,2.3017412675373263,-0.15173234002081895,13.922300338745117
2240,2.3013171379463127,-0.2644060729974418,15.595999717712402
2241,2.3014892776542144,-0.15525510281520694,13.8725004196167
2242,2.3023898782802052,-0.2033432372003272,12.556699752807617
2243,2.3020637471170895,-0.09737185924977121,15.095100402832031
2244,2.297634743218795,-0.07880557516448658,23.720300674438477
2245,2.3008591244624617,-0.14838873241668615,12.256600379943848
2246,2.2988937922862305,-0.043861352732053605,21.068199157714844
2247,2.3011162013114204,-0.11112918272694472,12.568499565124512
2248,2.3013309984322157,-0.13253491217680746,15.211999893188477
2249,2.300495137879188,-0.09740216084806741,16.3700008392334
2250,2.301850488465638,-0.16431108197940847,14.490400314331055
2251,2.300565122720976,-0.10622429867204808,12.878199577331543
2252,2.3018417956763173,-0.03449110135907236,12.367500305175781
2253,2.301346276718482,-0.14694032924603473,15.668100357055664
2254,2.3020760654650037,-0.13028658082028366,10.807700157165527
2255,2.3015948816878757,-0.16707094108196685,12.957099914550781
2256,2.28940187294971,-0.08127251168425909,38.2317008972168
2257,2.3011551558060894,-0.2871649532439058,13.094799995422363
2258,2.30174701159797,-0.06372743550239135,13.12440013885498
2259,2.301457132920488,-0.07047257720482092,12.946200370788574
2260,2.302279893163113,-0.13264528003308607,11.329500198364258
2261,2.30176817107445,-0.24912290740068244,15.93529987335205
2262,2.301182105930432,-0.053645621663480164,12.567099571228027
2263,2.3016692010706143,-0.3259581214059861,15.852299690246582
2264,2.3023756356418295,-0.15336019420574765,9.803000450134277
2265,2.302247045755836,-0.20195088710945042,12.80109977722168
2266,2.301930454791505,-0.18496389979456174,12.371399879455566
2267,2.299471442483046,-0.06632798702993574,15.274399757385254
2268,2.2974022616525724,-0.13158397803888153,20.574899673461914
2269,2.302325060749644,-0.2536429497528755,10.903800010681152
2270,2.3023343142593884,-0.20258454679661497,8.343700408935547
2271,2.3015643984410867,-0.2613136965035717,13.340399742126465
2272,2.3017195682233216,-0.08003701209215719,12.97920036315918
2273,2.3024622067475966,-0.14872586828231238,10.696700096130371
2274,2.2957786664255244,-0.1816035732718978,12.786999702453613
2275,2.3017419423354646,-0.1460894533902488,17.24049949645996
2276,2.3011811738398653,-0.09480787489162512,13.235300064086914
2277,2.3008425388185207,-0.12107429693106198,21.22130012512207
2278,2.3024220070259593,-0.15643123555455485,15.830699920654297
2279,2.302353453846168,-0.19335803663624418,12.339799880981445
2280,2.3017090588225626,-0.07981283811095316,17.035200119018555
2281,2.301077401459521,-0.1444162521883513,19.734600067138672
2282,2.3024484638327394,-0.11788861295546396,10.721699714660645
2283,2.3023982204521705,-0.10076363836442104,17.44409942626953
2284,2.3009470614665495,-0.1812160219847917,20.799400329589844
2285,2.3021693136954267,-0.2755966068296245,10.933199882507324
2286,2.3022535892255926,-0.1239902703889375,11.06879997253418
2287,2.3023433701337446,-0.4697635572816913,11.020299911499023
2288,2.301723481799474,-0.20891470175838445,14.46500015258789
2289,2.295526954055718,-0.18415516791748787,17.30430030822754
2290,2.3000115261079364,-0.01644065958009951,22.41160011291504
2291,2.300501338707604,-0.2212477986057827,15.9173002243042
2292,2.298350075803902,-0.05462030033314136,15.917799949645996
2293,2.301561988063973,-0.255984425170261,24.105199813842773
2294,2.30185617116582,-0.3267497993332995,13.12030029296875
2295,2.300726588422091,-0.2654147060441584,10.983799934387207
2296,2.301628366754456,-0.11886008597542852,12.126299858093262
2297,2.301314041846836,-0.05537889281325988,12.94629955291748
2298,2.301376903585821,-0.21225984802734033,12.275199890136719
2299,2.302286463870401,-0.35286451299019095,25.8794002532959
2300,2.3022434417390887,-0.163881335387559,16.986299514770508
2301,2.291334255721764,-0.14468767196917043,19.422100067138672
2302,2.3002326482887923,-0.1840834364501589,19.034500122070312
2303,2.3013332559029984,-0.2415347537218473,18.462900161743164
2304,2.3006461089790515,-0.1219577526904353,13.94320011138916
2305,2.2995352606400035,-0.08496595811418016,16.437599182128906
2306,2.302281668282187,-0.05149404143924799,19.960500717163086
2307,2.3014918273104614,-0.2420864837379031,16.002099990844727
2308,2.3019989486373587,-0.2888820403310425,16.497299194335938
2309,2.3019779222964485,-0.08058046896005588,12.85789966583252
2310,2.300946888812708,-0.005598399137602428,15.853899955749512
2311,2.3023489156490355,-0.14879261880295125,16.009000778198242
2312,2.3022089999074566,-0.044498433270693916,14.378000259399414
2313,2.3002764415380166,-0.06444935093336591,16.85420036315918
2314,2.3020987527452688,-0.15329596051195127,13.81820011138916
2315,2.301629470470987,-0.18341637146977519,10.062199592590332
2316,2.30114745886322,-0.16491375651063744,12.246100425720215
2317,2.3009592766767617,-0.2841641679638708,13.08180046081543
2318,2.302045023075297,-0.143414386427702,10.63129997253418
2319,2.3011818920527958,-0.1492643410764245,15.035599708557129
2320,2.3019495962910184,-0.10581213591146973,10.927000045776367
2321,2.300062037987687,-0.27647095382478226,12.41189956665039
2322,2.3019850483820026,-0.20872667783527799,25.73110008239746
2323,2.30138376230009,-0.16200636357733944,14.270299911499023
2324,2.2995796389576637,-0.029049166929587342,14.673399925231934
2325,2.302273842314874,-0.27870588017062214,12.0068998336792
2326,2.302461941533613,-0.18515455013546922,12.09160041809082
2327,2.3019889904191495,-0.24144225018043952,9.971599578857422
2328,2.300727258780412,-0.15154340616862083,13.829899787902832
2329,2.3022549161787538,-0.12919084240696765,14.656100273132324
2330,2.3006139527722875,-0.048170718147205194,26.034900665283203
2331,2.3022179071492777,-0.19774949912901363,10.587599754333496
2332,2.301720184545088,-0.1512634130317222,34.759300231933594
2333,2.3021767888903817,-0.3241378052914915,12.769399642944336
2334,2.3010497356854254,-0.06372744992750878,15.202300071716309
2335,2.3021017782139785,-0.18044156002264866,12.461299896240234
2336,2.3024008823277526,-0.08335898973908051,12.912199974060059
2337,2.3018838533096404,-0.10537836677511216,14.705900192260742
2338,2.301654514664306,-0.13189061443550387,20.173200607299805
2339,2.3021837196326955,-0.0758688303680719,15.807299613952637
2340,2.3022073960230065,-0.08207996787850401,19.323999404907227
2341,2.2784367953146116,-0.1212507326263833,18.803800582885742
2342,2.301511811873608,-0.07466089135439583,12.555100440979004
2343,2.299895101983626,-0.16748449480797412,14.11970043182373
2344,2.301502990962766,-0.18278260748232333,10.077199935913086
2345,2.3024805533716903,-0.07809218378446281,15.581700325012207
2346,2.3011222731623286,-0.32541021654486746,11.599699974060059
2347,2.301294534087835,-0.037999478682415745,17.853900909423828
2348,2.3009726031589066,-0.21520625419598627,17.627700805664062
2349,2.3017695089999104,-0.07461819030759888,21.07990074157715
2350,2.302075854922331,-0.1893490314080396,11.151300430297852
2351,2.2992095715179866,-0.11466175772583674,16.397499084472656
2352,2.302010331374782,-0.04559091369850895,14.1274995803833
2353,2.2978678324189064,-0.12476646752412168,25.470199584960938
2354,2.302105020854972,-0.12881329628928362,11.637700080871582
2355,2.301933292599357,-0.32364989560029744,10.85099983215332
2356,2.3023381175715767,-0.23571420205827387,19.239500045776367
2357,2.299092456643181,-0.107183231019924,22.887399673461914
2358,2.2985815311900586,-0.08364379538277655,14.161700248718262
2359,2.300569585192825,-0.06490346161698379,15.008099555969238
2360,2.2955506360348497,-0.12903258657169375,21.778499603271484
2361,2.3014545731282685,-0.32123731516038223,11.475899696350098
2362,2.302062198345641,-0.11653924501431057,8.776300430297852
2363,2.30039386639797,-0.06252261327506403,15.559800148010254
2364,2.2987114321538322,-0.184799678112462,15.321700096130371
2365,2.3021455946600966,-0.08723205246851595,16.68630027770996
2366,2.291712340394496,-0.13649565094390465,18.553699493408203
2367,2.301774880019453,-0.07571842922444372,24.84630012512207
2368,2.3010487475319685,-0.15149782772478315,24.946699142456055
2369,2.302295454786589,-0.016259608514403397,14.905099868774414
2370,2.2959535688856536,-0.14505786772463292,19.374300003051758
2371,2.3015880415622867,-0.14247967423525432,13.860699653625488
2372,2.3021919942266664,-0.12569950803027274,14.440199851989746
2373,2.301894881648933,-0.23155835593526564,11.854000091552734
2374,2.301318058164766,-0.31097498606072627,12.911999702453613
2375,2.2991402629839564,-0.12145134468115132,16.417400360107422
2376,2.3020128084458293,-0.2710618364589745,17.128999710083008
2377,2.3022242912068043,-0.037789494721491936,11.55739974975586
2378,2.3005936151394732,-0.19010198934388564,19.981000900268555
2379,2.3017216058633516,-0.08627392623661079,14.098699569702148
2380,2.301221408882193,-0.17229583568584417,14.57229995727539
2381,2.3014221750939137,-0.03996052721679516,18.374000549316406
2382,2.2996945475971415,-0.16618111958466386,15.199199676513672
2383,2.3000364618017812,-0.09173066310900702,17.723499298095703
2384,2.2927128997248825,-0.03104283329298596,20.921300888061523
2385,2.301087840112503,-0.1618371063310624,14.676600456237793
2386,2.2955949165788505,-0.1731544551985209,19.46179962158203
2387,2.3023961714009373,-0.08812586845526844,10.937899589538574
2388,2.300896526901563,-0.17161518668695086,15.662099838256836
2389,2.3021703283563513,-0.11984812205138251,21.290599822998047
2390,2.3008011474761005,-0.04804317102556951,19.705699920654297
2391,2.301657390273721,-0.21860088627561314,13.62339973449707
2392,2.301683236305139,-0.15285266971600786,15.638799667358398
2393,2.3025101847687948,-0.14343755194397845,9.42020034790039
2394,2.3015479649497737,-0.040939147318441504,14.22070026397705
2395,2.302250929165462,-0.1081031043762789,9.575300216674805
2396,2.3022925304160693,-0.07338668913056767,16.651899337768555
2397,2.3023745393300747,-0.15975505461109796,13.43649959564209
2398,2.3019510082026677,-0.19473928863715173,15.614500045776367
2399,2.302312017642951,-0.23564426987547804,12.074199676513672
2400,2.3023164497150184,-0.17372533511063648,10.928899765014648
2401,2.3016746703045827,-0.38931708763446693,18.70840072631836
2402,2.3013190568989184,-0.27287466388796133,16.270700454711914
2403,2.30214727881697,-0.11125121768439628,29.39620018005371
2404,2.3020263961448535,-0.2055754926874251,9.813300132751465
2405,2.302324743988598,-0.08995547568576945,27.573699951171875
2406,2.2941215217332442,-0.19527105797858368,27.729400634765625
2407,2.301625276946219,-0.16129706458217785,13.292400360107422
2408,2.2978361860297447,-0.20210929905241434,18.06369972229004
2409,2.3009587720550653,-0.14241610597100163,11.151399612426758
2410,2.3009740724408276,-0.19622158794818467,10.68649959564209
2411,2.301687963845333,-0.1634366407041251,15.245699882507324
2412,2.3013424643661393,-0.09980342711841005,12.77180004119873
2413,2.3008160590442346,-0.09394621438855816,19.15089988708496
2414,2.3024890689048556,-0.13231399517999165,14.680000305175781
2415,2.3023497866520466,-0.3072572561527388,11.346799850463867
2416,2.299842152645502,-0.313613868082502,18.434499740600586
2417,2.3017750991840358,-0.21307020853945335,13.825400352478027
2418,2.300553804647057,-0.16735748809818363,19.188199996948242
2419,2.3009087548173377,-0.16588613432907262,14.612000465393066
2420,2.301866504879677,-0.14174578553403472,10.3681001663208
2421,2.3005664158218186,-0.3979608511495697,11.345399856567383
2422,2.3006715719454323,-0.22519554847418766,11.374899864196777
2423,2.3022455928406176,-0.022030787371716088,22.73150062561035
2424,2.3016320107869013,-0.1941335936465104,13.803600311279297
2425,2.302455921002765,-0.15191878797883596,16.488000869750977
2426,2.301738196005277,-0.19476130252063406,11.964900016784668
2427,2.3015807499724734,-0.1321225481946331,13.06779956817627
2428,2.3023818671059573,-0.194866034253509,12.440199851989746
2429,2.3022653968864493,-0.18241717708649974,14.983599662780762
2430,2.3024971138197525,-0.055936002985291444,16.471099853515625
2431,2.301002103021716,-0.24893209140884043,17.081600189208984
2432,2.300814492293699,-0.14801095254842392,20.392000198364258
2433,2.3021562447288306,-0.2021463092115735,12.2121000289917
2434,2.2995352606400035,-0.08671876829465006,16.437599182128906
2435,2.3009255034090805,-0.2778787172616006,15.968999862670898
2436,2.301859276582648,-0.25845490029165763,9.637499809265137
2437,2.301654479431103,-0.030949125207430202,15.853599548339844
2438,2.300302890467333,-0.07908153506440563,15.126500129699707
2439,2.299160052444449,-0.21933008478408622,17.142000198364258
2440,2.2910432173482893,-0.02271017681333487,21.520700454711914
2441,2.301276404369285,-0.16746662125829148,11.477800369262695
2442,2.302188611840684,-0.24936535316034003,10.612199783325195
2443,2.2973191708605594,-0.09033564414163897,16.44499969482422
2444,2.302306610756235,-0.16268566294847453,16.242300033569336
2445,2.3012089077194355,-0.21990963114565742,14.975099563598633
2446,2.3006643991315174,-0.17440410490065883,11.340800285339355
2447,2.30205744823368,-0.18064028646538688,11.80720043182373
2448,2.3003217309700394,-0.2293639270666521,18.66080093383789
2449,2.3020498010241353,-0.05907371739194787,12.607000350952148
2450,2.301934257683523,-0.1827305746589154,21.220699310302734
2451,2.299771038743335,-0.13044589227092085,20.182600021362305
2452,2.2977365784437427,-0.0023543706275441258,21.697999954223633
2453,2.299747873527089,-0.16093419284796973,20.421600341796875
2454,2.3022919545879694,-0.2323431233580484,10.477899551391602
2455,2.3019419979699913,-0.11808140316363214,18.117000579833984
2456,2.301307320312841,-0.23262462111216564,13.108499526977539
2457,2.3018607511733147,-0.18042339535591934,17.064699172973633
2458,2.3023967135008117,-0.12935416829765312,12.417699813842773
2459,2.301315307286407,-0.08835015149925891,23.700300216674805
2460,2.3014777510949407,-0.19354306992644155,15.904800415039062
2461,2.3016701516759306,-0.13163809860471803,12.5024995803833
2462,2.300682750582271,-0.1262521767387259,14.887900352478027
2463,2.2984297599531596,-0.16936413123998217,11.765700340270996
2464,2.300333922375716,-0.021795578399222346,17.008100509643555
2465,2.3013231708792605,-0.2660016087189643,25.810100555419922
2466,2.301648588069109,-0.2203370163711077,15.549200057983398
2467,2.3018668207412416,-0.1299140998013898,13.58329963684082
2468,2.2996134688469443,-0.24600184091219912,10.784299850463867
2469,2.3019663614298618,-0.16081070980451073,14.662099838256836
2470,2.2992435782968204,-0.029547178098726982,19.536699295043945
2471,2.3004308912605094,-0.09015778286902129,16.36910057067871
2472,2.300885203189256,-0.21304827608065935,11.484299659729004
2473,2.302384753162096,-0.25118660898318523,19.16200065612793
2474,2.3006948686384425,-0.08972256251549401,12.776000022888184
2475,2.2982044966595203,-0.06914680215829803,16.539100646972656
2476,2.302241237081099,-0.22906783314287246,10.594099998474121
2477,2.3004466423297196,-0.34117842193611736,12.02929973602295
2478,2.3021784139880417,-0.21009107728918194,9.835200309753418
2479,2.3021097746863326,-0.12233186215388236,11.338800430297852
2480,2.302212753225357,-0.3907913844876817,12.021400451660156
2481,2.302186208454045,-0.056912449218823546,10.443599700927734
2482,2.3012988964687295,-0.1700948217101068,10.142600059509277
2483,2.302083940791833,-0.29568217406979613,15.271699905395508
2484,2.3021308116273644,-0.2122420878087481,16.994400024414062
2485,2.302079387165919,-0.20511592990570904,18.012399673461914
2486,2.3021335422430758,-0.09886405105204343,13.666899681091309
2487,2.3005782561130688,-0.218620340111066,10.586999893188477
2488,2.301092334489115,-0.06743592392561448,11.208700180053711
2489,2.301278358305154,-0.3092809883394576,12.983400344848633
2490,2.2992565288386806,-0.23343079234688602,13.992300033569336
2491,2.3017635665042553,-0.17816171001313985,12.6181001663208
2492,2.3007600486233772,-0.1393223723429653,14.888400077819824
2493,2.3017177739462307,-0.005629268458420711,22.549699783325195
2494,2.3018393569661786,-0.11688222866476383,11.280200004577637
2495,2.302355836304534,-0.27595760401755065,12.088299751281738
2496,2.3004896752376887,-0.06605856370166,29.502500534057617
2497,2.3006450123412163,-0.19884757378658635,16.178499221801758
2498,2.300785964016347,-0.2205323123028391,11.162099838256836
2499,2.3008674745242876,-0.12608521249021065,16.021499633789062
2500,2.299899403240347,-0.13148960834861656,13.338700294494629
2501,2.301969971319525,-0.0543672715690089,10.652700424194336
2502,2.302238485054822,-0.15942702910736362,13.392499923706055
2503,2.3011697951929557,-0.24478312015899995,12.644800186157227
2504,2.2987222539609773,-0.020439475393751128,14.791099548339844
2505,2.3019317773194445,-0.23196136035139592,18.118600845336914
2506,2.301348500303216,-0.19452387040315705,14.219400405883789
2507,2.3019167632414037,-0.3044795378477828,11.008600234985352
2508,2.3017621726057143,-0.09674157359306298,17.35700035095215
2509,2.3022514603290896,-0.35271045296596437,10.39799976348877
2510,2.30235904460003,-0.15879470804470797,14.802000045776367
2511,2.3003603952739624,-0.271681084774002,14.751199722290039
2512,2.301276769499743,-0.07873230751611704,21.629199981689453
2513,2.302245841501681,-0.29234091533340045,11.617400169372559
2514,2.302346259580387,-0.07885388467625165,14.9621000289917
2515,2.3007131566386168,-0.12003231398641245,14.356200218200684
2516,2.297712998793932,-0.17133386543966322,17.679899215698242
2517,2.3021674872519293,-0.1473605666399478,13.859800338745117
2518,2.302141380741546,-0.0619348649442919,16.97879981994629
2519,2.30138698461773,-0.14993158550793273,15.012200355529785
2520,2.301409231956505,-0.37025536346726884,12.889900207519531
2521,2.298291960754222,-0.07940418938812799,14.421500205993652
2522,2.3013218063466874,-0.23213672775666738,12.288299560546875
2523,2.3005041404493545,-0.05533452130623237,17.881399154663086
2524,2.3012102932150134,-0.15258670052011247,23.283300399780273
2525,2.2951858587335843,-0.11805240167893227,27.87380027770996
2526,2.301694276795699,-0.06024322017049912,11.810999870300293
2527,2.3025760128508366,-0.2079483881680878,12.380399703979492
2528,2.298426304298847,-0.04173778095244663,17.1387996673584
2529,2.301471850973677,-0.08722444986013322,16.620899200439453
2530,2.301468771968012,-0.2810867719711537,18.404499053955078
2531,2.3015687403355147,-0.031602066363193085,15.49120044708252
2532,2.301823524037209,-0.1258005317965757,15.390299797058105
2533,2.3003324888500956,-0.18028123512651584,12.652400016784668
2534,2.300167967319217,-0.05974052203864557,13.190799713134766
2535,2.299895225605344,-0.15806307411695986,13.059800148010254
2536,2.3021575596298884,-0.2850637300714999,19.731599807739258
2537,2.3010007298761708,-0.17018842583640614,12.69950008392334
2538,2.298503865016994,-0.1323020515050367,13.31470012664795
2539,2.301531594686377,-0.1958276112225973,13.87339973449707
2540,2.2984642084433577,-0.24875942653703298,11.46030044555664
2541,2.300760567591573,-0.19233175629326515,15.632599830627441
2542,2.300865881473302,-0.17460407535935354,16.961700439453125
2543,2.302409137298274,-0.11035516310136777,17.1028995513916
2544,2.3022592400294766,-0.19976855585701203,13.898099899291992
2545,2.30069547715912,-0.09969778551054098,14.366700172424316
2546,2.3023505894646954,-0.14699255797605185,10.612799644470215
2547,2.3020323270354024,-0.09664978135548519,18.19029998779297
2548,2.3020313896279734,-0.17098167068896641,10.0447998046875
2549,2.301580404565715,-0.16189548790584762,11.864500045776367
2550,2.3011127867312893,-0.07163182512941402,19.9375
2551,2.3011293524089567,-0.1089890245195192,14.347599983215332
2552,2.3000122272445522,-0.1483234779539362,19.027000427246094
2553,2.3017850226305505,-0.2119234433155125,16.020599365234375
2554,2.301967573925976,-0.07468028995553977,18.11680030822754
2555,2.301780601171422,-0.042159483266709846,15.096400260925293
2556,2.3011970345719086,-0.049983239220269815,12.24429988861084
2557,2.3014859439209756,-0.12322802807822997,14.554699897766113
2558,2.3021311589795252,-0.0021137722447106297,14.160900115966797
2559,2.302228530212492,-0.2214388076009185,14.09060001373291
2560,2.2997458884089483,-0.11399325879726005,15.333800315856934
2561,2.300334287282823,-0.19424656409395558,18.80419921875
2562,2.2988670392565465,-0.10244928565591341,20.194499969482422
2563,2.29439530304855,-0.05334960450948234,17.503299713134766
2564,2.3002429077416022,-0.09797409616183428,11.768400192260742
2565,2.3022738956031352,-0.14251429358225864,16.62470054626465
2566,2.302186610590741,-0.2894739836509358,10.400799751281738
2567,2.3023774665612464,-0.2378788333429962,8.071800231933594
2568,2.3016455337404373,-0.20227176148503456,14.345100402832031
2569,2.3019928167937493,-0.09484466652665835,13.500499725341797
2570,2.3025608274357907,-0.2587862039421438,16.531200408935547
2571,2.3010785600745356,-0.21861694091546724,14.115099906921387
2572,2.3006086929130913,-0.05674660640357809,14.572500228881836
2573,2.2990649745602485,-0.15520204997124498,19.020200729370117
2574,2.3023454339538216,-0.2115121656503849,15.737799644470215
2575,2.302083925814088,-0.10598055091950154,12.47599983215332
2576,2.2996071269585445,-0.16296643472368655,15.67240047454834
2577,2.301239961985495,-0.27241861967655323,17.77400016784668
2578,2.302124454777198,-0.009194681892587975,23.237199783325195
2579,2.3019540829954592,-0.3061465699861395,15.724599838256836
2580,2.3003437810697274,-0.14494108800472247,12.373200416564941
2581,2.297340209212585,-0.04737723937168181,14.791000366210938
2582,2.299833749972271,-0.2324127628068875,16.15519905090332
2583,2.3014225775363486,-0.3320226477616042,12.805500030517578
2584,2.301905054880106,-0.18957059010228938,9.980299949645996
2585,2.3007669778937965,-0.18353757652448044,13.644800186157227
2586,2.3017792117451825,-0.05513783877283241,13.823200225830078
2587,2.3016701684269374,-0.22634720186064572,11.342300415039062
2588,2.3016738120239246,-0.1623668897130371,14.467499732971191
2589,2.301978155156342,-0.12664673103904356,9.912400245666504
2590,2.301495094361281,-0.0936273162461434,27.476299285888672
2591,2.3008452511746538,-0.01970502603530768,13.21030044555664
2592,2.300904381824549,-0.1448805635812389,18.452699661254883
2593,2.29855045042996,-0.0786248006604886,17.269500732421875
2594,2.3017723796126544,-0.14415496768232783,15.265600204467773
2595,2.3011176486924643,-0.20541232468201542,12.218099594116211
2596,2.3020343495443556,-0.03914292188832669,16.581100463867188
2597,2.30136042701773,-0.20771260926619195,13.214099884033203
2598,2.295712353111661,-0.12401126442108701,16.814800262451172
2599,2.3018278885531283,-0.18270264518046986,12.465999603271484
2600,2.302330271587251,-0.18367350729330478,17.045499801635742
2601,2.3018745540387786,-0.19974848762544972,11.464599609375
2602,2.301650001876565,-0.14759656155793166,17.182199478149414
2603,2.2998341805932108,-0.13029523517629693,15.506699562072754
2604,2.299151253558821,-0.30411209713156495,12.18179988861084
2605,2.300910893751773,-0.1849538500028094,12.922200202941895
2606,2.3022596947110823,-0.05362626508104007,11.818599700927734
2607,2.3022033009731704,-0.25963882038149677,14.367300033569336
2608,2.301815907938154,-0.252650700354505,14.187700271606445
2609,2.300433787251739,-0.18538981203846172,12.593600273132324
2610,2.301004894533732,-0.14482157373297333,15.740400314331055
2611,2.300845029755003,-0.26186058881128327,22.203500747680664
2612,2.302050230530392,-0.17325105639284588,12.102100372314453
2613,2.3019182790187216,-0.23119300839542578,16.608400344848633
2614,2.302286868448167,-0.20032488049378014,11.565400123596191
2615,2.301883149564237,-0.14725348554135342,18.6205997467041
2616,2.302478829926645,-0.17128702703210885,17.844100952148438
2617,2.3018812989542674,-0.31397422841080047,11.872200012207031
2618,2.3010074437064647,-0.2264083403757713,16.291799545288086
2619,2.3017930407537834,-0.2379339998727481,14.303799629211426
2620,2.3018909695031926,-0.08937817345542921,22.21980094909668
2621,2.302290991368451,-0.16609868333698774,10.219900131225586
2622,2.301773410727236,-0.1580660777180397,12.342300415039062
2623,2.3011693029657163,-0.018387051288902966,20.013399124145508
2624,2.301864657825167,-0.15274078872805352,14.03279972076416
2625,2.3003807585265506,-0.046672910687489376,11.831600189208984
2626,2.301415585152783,-0.03286179845519732,15.994999885559082
2627,2.3008162719806986,-0.26739107451686805,16.65489959716797
2628,2.3018410597926606,-0.07810656579410657,11.620100021362305
2629,2.301641535885216,-0.11333621916093439,21.627700805664062
2630,2.3008172945935286,-0.16534942617914428,9.794699668884277
2631,2.3016075844907,-0.23331518044659372,12.41409969329834
2632,2.3021297413237805,-0.05246653359734767,15.442700386047363
2633,2.2990031334364467,-0.16409573568363456,16.62179946899414
2634,2.301318953032247,-0.21631224645598657,11.695199966430664
2635,2.2905253339840352,-0.22532195482032813,18.012800216674805
2636,2.3021009854143886,-0.23767422579500375,14.749899864196777
2637,2.2988335859620497,-0.21403043305339012,15.71679973602295
2638,2.3022174247346694,-0.13288691822776844,12.495200157165527
2639,2.3023060932919197,-0.18905122389676143,14.04640007019043
2640,2.300781776350681,-0.23436694716491857,14.862099647521973
2641,2.3018145901459905,-0.3303458446213302,11.254799842834473
2642,2.2998110072521927,-0.1755177671280801,13.701399803161621
2643,2.302292344246126,-0.11877308982329776,10.554200172424316
2644,2.3012547687525946,-0.1672204167680834,14.029999732971191
2645,2.300608650430021,-0.16992239591771996,18.60540008544922
2646,2.3016233903409145,-0.24110587114434867,19.451400756835938
2647,2.302291470213428,-0.14995658457108685,14.720100402832031
2648,2.3020866705179492,-0.1961956767885461,15.631099700927734
2649,2.301534614796391,-0.026377775912463233,14.771499633789062
2650,2.300977339312362,-0.014399962713980585,17.090499877929688
2651,2.3007580831166905,-0.20464385433282561,11.843299865722656
2652,2.299075210218419,-0.1213753437007783,20.359800338745117
2653,2.3023664081280417,-0.13017895459148487,13.008600234985352
2654,2.3022270161859963,-0.18830285410338451,17.173799514770508
2655,2.298640045091861,-0.23434124853488192,14.601499557495117
2656,2.3015870211941714,-0.06696093598237651,13.58549976348877
2657,2.3019857023337873,-0.23761678962639354,10.737199783325195
2658,2.301950115881501,-0.010745166705817991,15.763899803161621
2659,2.3023055022024455,-0.11590031086260522,14.276300430297852
2660,2.2900969900431134,-0.0014478898160805527,39.878700256347656
2661,2.2634849722028347,-0.05291941725037386,24.759199142456055
2662,2.3021038798528615,-0.2833500704194911,13.2475004196167
2663,2.300100325893727,-0.1833350912843965,16.484800338745117
2664,2.3017028014994736,-0.16115323443508234,10.724699974060059
2665,2.3024920137685214,-0.059557579154337105,11.682600021362305
2666,2.3011154906692717,-0.1102992962860257,14.901200294494629
2667,2.300332977335503,-0.05249214022529358,12.926300048828125
2668,2.30203947234455,-0.05160584596835108,19.88010025024414
2669,2.3023388304284134,-0.15862979893185913,13.729299545288086
2670,2.301940863892479,-0.10854782350717918,15.265700340270996
2671,2.300428960952938,-0.26693062179390203,11.036100387573242
2672,2.300359454074102,-0.15775956763507437,16.135700225830078
2673,2.301001589193731,-0.038106568776592145,18.32110023498535
2674,2.3014997944628344,-0.21637580278808755,12.831299781799316
2675,2.3021416241870383,-0.13016009531919667,15.19849967956543
2676,2.301828650416869,-0.08842759670682898,13.289799690246582
2677,2.2997343912302135,-0.36470010041181133,17.3533992767334
2678,2.2964267097396793,-0.06870758540104871,22.534700393676758
2679,2.3024412590840244,-0.2431392700381272,9.14430046081543
2680,2.3016520173443085,-0.1969014740100844,14.251500129699707
2681,2.2970972937461482,-0.0316130747342771,28.006000518798828
2682,2.301055330981473,-0.18319981635301197,15.463600158691406
2683,2.2986532736962895,-0.05867169586995357,17.5585994720459
2684,2.299997361133422,-0.14061551663126948,27.191699981689453
2685,2.3022429290136697,-0.34626944856018926,18.627700805664062
2686,2.302245892720337,-0.05797559733445623,16.396499633789062
2687,2.3018456222635835,-0.20217320961574092,12.758000373840332
2688,2.302007539426728,-0.20238417950276477,12.526000022888184
2689,2.29933239173512,-0.025336360336898064,17.26919937133789
2690,2.2993502796154366,-0.0891374889851474,20.77120018005371
2691,2.2887449952526833,-0.2406233415770096,22.487600326538086
2692,2.3020771526555213,-0.12715672196200378,10.601699829101562
2693,2.3022197140987646,-0.17389669850389966,12.770400047302246
2694,2.295805148065956,-0.18950412006131578,13.095399856567383
2695,2.2999474777224833,-0.17547669362621665,16.614099502563477
2696,2.2985587758640307,-0.23047703172415257,20.523799896240234
2697,2.301651372783568,-0.24282684289805756,15.992199897766113
2698,2.300758082727342,-0.204030085856723,14.429400444030762
2699,2.302436645424857,-0.2786195011565562,13.666799545288086
2700,2.302353959659415,-0.3110574178835923,13.892399787902832
2701,2.3013280391202002,-0.21638324586099766,12.52970027923584
2702,2.3023813736499616,-0.12973359614008073,19.77079963684082
2703,2.299827141577084,-0.033735248305300905,18.197099685668945
2704,2.2921674693618193,-0.10789891797582962,20.84779930114746
2705,2.301567135317177,-0.06604433396428211,15.856399536132812
2706,2.301028220872828,-0.25414909951955156,13.975099563598633
2707,2.3019752367739272,-0.1930262767204225,14.293700218200684
2708,2.2978102660500177,-0.09611052586787994,14.300800323486328
2709,2.3013923922998325,-0.22847678099929603,11.386099815368652
2710,2.301817439174438,-0.11656652133497504,19.48550033569336
2711,2.3018865990466617,-0.19359033058089958,13.279800415039062
2712,2.301494911961739,-0.043751363861246784,13.52079963684082
2713,2.3014243178455778,-0.19172998663566732,13.713299751281738
2714,2.302473258707218,-0.13942613765838707,15.914299964904785
2715,2.300484125323165,-0.20007396845906233,15.552000045776367
2716,2.2996458381418154,-0.09279867851705859,19.328399658203125
2717,2.298179607408011,-0.159809370511804,16.365299224853516
2718,2.302080441717381,-0.1013289440654459,16.777599334716797
2719,2.302040732952882,-0.009295423928468457,12.877300262451172
2720,2.301874081568876,-0.2633162224403094,9.90880012512207
2721,2.301797290885747,-0.1461617900889595,22.1875
2722,2.3021280557319432,-0.2621784980881703,13.31190013885498
2723,2.3016870977128785,-0.2712291424392904,13.937600135803223
2724,2.302212099651711,-0.13473392465198353,18.867900848388672
2725,2.298307129306359,-0.1273245901621789,21.881500244140625
2726,2.296062430113357,-0.10249671064313559,15.126999855041504
2727,2.301419220087286,-0.104860378545089,12.471099853515625
2728,2.3002031425317138,-0.0903702822443957,16.4148006439209
2729,2.3022427017657714,-0.07543557824277336,9.813899993896484
2730,2.302106582640776,-0.1894510670672903,13.782999992370605
2731,2.302051787595088,-0.13905123378979223,13.85420036315918
2732,2.302414643087905,-0.22854734295398704,16.230300903320312
2733,2.2997474955007817,-0.12147076553349767,18.82390022277832
2734,2.302106503908192,-0.12441860636303115,13.376999855041504
2735,2.3018646707344104,-0.28498809354349763,14.041199684143066
2736,2.301801361246322,-0.26123942946498335,15.166799545288086
2737,2.30249867802417,-0.20920996492334965,11.487700462341309
2738,2.30157006700006,-0.031356388622968745,12.620200157165527
2739,2.3020408451267858,-0.2426386780457941,12.272700309753418
2740,2.302036748027746,-0.32339256435827823,11.156299591064453
2741,2.3017300885759555,-0.19909342830587473,10.656800270080566
2742,2.3017036390950287,-0.04039193292836529,13.379799842834473
2743,2.3019044630553394,-0.2423762654959577,12.999300003051758
2744,2.3021966430104253,-0.10290577910610499,17.214399337768555
2745,2.290967683821304,-0.07773469379523969,17.68000030517578
2746,2.2985647711931656,-0.2083412525330116,26.3617000579834
2747,2.3018754848378333,-0.3515310150980526,13.39490032196045
2748,2.3020861981951874,-0.26091071458596005,12.753999710083008
2749,2.3018258420095976,-0.2908751734115178,12.17870044708252
2750,2.3010209220547697,-0.26110433385455334,15.080900192260742
2751,2.3017718415559285,-0.1339540706408966,10.4443998336792
2752,2.3020519574375697,-0.001177029667780565,14.929300308227539
2753,2.2996197655714607,-0.009488313308181439,10.675000190734863
2754,2.302302955581595,-0.2202903001054748,13.595100402832031
2755,2.3011912795668996,-0.15716130087776026,21.927400588989258
2756,2.3020864427444185,-0.09546348897367607,12.009900093078613
2757,2.301846877432518,-0.3025948499352412,18.327800750732422
2758,2.301460883336555,-0.11178887356869649,17.30190086364746
2759,2.300540582152421,-0.22148379866119638,14.814499855041504
2760,2.3021094370793507,-0.37081329735239144,12.696700096130371
2761,2.3005696289037543,-0.17894659619941566,13.206299781799316
2762,2.298508942533907,-0.0810674488332638,16.74959945678711
2763,2.3020883690198812,-0.2882154384830463,11.71030044555664
2764,2.3021294839993667,-0.2550990401400378,15.475600242614746
2765,2.3009519997122356,-0.10546038422941828,31.67639923095703
2766,2.3019507463067943,-0.3034455640222332,11.599900245666504
2767,2.3024774014657727,-0.17263961815205198,16.95359992980957
2768,2.3023235251044087,-0.006108470762155237,15.952099800109863
2769,2.3013071803023024,-0.19291473191892705,19.051799774169922
2770,2.302378079775337,-0.2181071833673699,17.731300354003906
2771,2.3003696643367797,-0.21999030917903517,19.554399490356445
2772,2.301570659047453,-0.22732999994348357,11.308300018310547
2773,2.301985902849902,-0.12703061275371652,11.301799774169922
2774,2.3005014707310507,-0.12236510441070869,17.80299949645996
2775,2.3022289485031693,-0.3049385336436412,16.325700759887695
2776,2.3024113578935292,-0.05719019479753342,10.183300018310547
2777,2.3011531651784365,-0.24424520558740936,13.889399528503418
2778,2.3019402416164962,-0.26619010831899803,19.788700103759766
2779,2.300949342511644,-0.1763128626517596,16.646099090576172
2780,2.3023610327457407,-0.17336674395901985,14.494500160217285
2781,2.301708343862347,-0.17594081889084867,13.660300254821777
2782,2.3021681268960186,-0.07771075715701481,14.65369987487793
2783,2.3020855467505466,-0.387477858132911,12.440400123596191
2784,2.2998298681139566,-0.158709025418018,34.16709899902344
2785,2.3018290454472825,-0.26597845983112034,15.39780044555664
2786,2.3007039053582026,-0.12528507364965424,16.97260093688965
2787,2.3024507624501704,-0.21873060202167016,10.47700023651123
2788,2.3020091437693986,-0.17398759282868181,22.66069984436035
2789,2.301201739382579,-0.10948165753892514,15.509499549865723
2790,2.3020159839180465,-0.08050365893944693,10.256999969482422
2791,2.302216427579453,-0.1868829983667849,17.709199905395508
2792,2.301836894895171,-0.06016290296392535,13.301899909973145
2793,2.302437357184713,-0.1874334433723418,16.42009925842285
2794,2.300243226084206,-0.10435866586392434,18.787399291992188
2795,2.2982827033809614,-0.09200009470278747,19.361600875854492
2796,2.301597164195648,-0.22663026172077805,11.740400314331055
2797,2.300889069228566,-0.23832621079611194,11.80459976196289
2798,2.2994449866412103,-0.02141841901923389,13.7701997756958
2799,2.297716689893736,-0.0725615788820775,18.092100143432617
2800,2.302034102160396,-0.06347363680062411,23.79330062866211
2801,2.302143444960546,-0.12660927340474826,19.037200927734375
2802,2.3023686349458354,-0.25620384373327243,14.246199607849121
2803,2.287961236800731,-0.16295359370489182,23.224300384521484
2804,2.301541109840542,-0.21083383616041784,11.556900024414062
2805,2.302439592925562,-0.1155154062211814,12.777099609375
2806,2.302307600061959,-0.1513274124942683,13.859700202941895
2807,2.301793321101496,-0.027674328115570763,12.72130012512207
2808,2.3024009688342777,-0.12310078707261951,16.322200775146484
2809,2.3011095991564714,-0.24787079854449567,13.586799621582031
2810,2.3016442248279065,-0.16828072390531712,11.05620002746582
2811,2.299947309712717,-0.25578091216308685,14.26509952545166
2812,2.3009530927309143,-0.04686459093484394,10.426300048828125
2813,2.300614363778146,-0.035621846045523764,23.00429916381836
2814,2.302288489777724,-0.26636499103652156,10.183099746704102
2815,2.301833967805156,-0.1899369301837252,15.756699562072754
2816,2.301361754490418,-0.22407145504930515,12.73449993133545
2817,2.300959926856502,-0.26465811148063145,11.527899742126465
2818,2.301207810797188,-0.14987331309954066,14.446399688720703
2819,2.3020937204116194,-0.08988105328649354,13.923800468444824
2820,2.302253810166524,-0.011779045072319522,12.804400444030762
2821,2.3013678911330557,-0.230298997111976,15.560999870300293
2822,2.3010754424273867,-0.15550711749393276,11.088500022888184
2823,2.297660191216094,-0.09771349348064795,17.775699615478516
2824,2.3014239552362787,-0.24675708381847006,23.226600646972656
2825,2.3013051864230802,-0.24427369193717952,11.765899658203125
2826,2.302076518937133,-0.17542021411295394,13.688799858093262
2827,2.2989655410373433,-0.1817414953444353,14.329700469970703
2828,2.302152077988453,-0.23156609171404696,14.305800437927246
2829,2.299727879144836,-0.15830534631810353,13.692899703979492
2830,2.301350558226576,-0.12652167512402865,12.7391996383667
2831,2.30178715583849,-0.16401512977468036,13.051300048828125
2832,2.3011076068872303,-0.24403535076832106,10.052499771118164
2833,2.3024771264482884,-0.3633750905101891,16.87929916381836
2834,2.3018682638345163,-0.1990673392460236,20.590099334716797
2835,2.3010984558445924,-0.2557878879964932,11.95989990234375
2836,2.300311962881199,-0.1248300336756335,15.314599990844727
2837,2.3017720900931553,-0.05961933027172128,16.337400436401367
2838,2.302048703181829,-0.14317955236988344,20.502399444580078
2839,2.2896219974657455,-0.14452713893348335,22.28019905090332
2840,2.300512795333622,-0.2680624205412675,11.935500144958496
2841,2.3021743199382034,-0.19393722631879573,15.888699531555176
2842,2.299940141392066,-0.18087444511305106,19.813400268554688
2843,2.302118101090883,-0.0993996844618205,12.728400230407715
2844,2.3013013183542648,-0.21105387213658744,15.12090015411377
2845,2.300387355875235,-0.19477163560590133,24.20050048828125
2846,2.3023251926313435,-0.039979660768053905,22.0492000579834
2847,2.301914476909647,-0.26296781508311085,11.328399658203125
2848,2.3012028673481675,-0.24598779887401157,13.1899995803833
2849,2.3018322836069327,-0.21289031619958965,15.980400085449219
2850,2.3020409694991506,-0.0010023669898028434,12.566900253295898
2851,2.3008798573747473,-0.1795702488897355,12.636300086975098
2852,2.3023372697679534,-0.06930203197845264,17.424800872802734
2853,2.301629640837259,-0.12320994501598104,27.25309944152832
2854,2.3022394548773666,-0.28151045329879487,14.317399978637695
2855,2.300242693420357,-0.16811160024442173,24.78619956970215
2856,2.3008251503138597,-0.0854286202646064,13.651000022888184
2857,2.3006927587018633,-0.19418168394611612,12.463899612426758
2858,2.3012150337849273,-0.07151409826775357,15.64840030670166
2859,2.299789703725015,-0.1613939637529569,13.019800186157227
2860,2.3010908829547807,-0.15397083697260905,17.75819969177246
2861,2.2994088516808695,-0.2094197465085682,17.216899871826172
2862,2.3002915783432973,-0.19871638525993063,25.455400466918945
2863,2.301507099508263,-0.1028466413312582,10.712599754333496
2864,2.301835574810485,-0.07242226209779061,18.457599639892578
2865,2.3007760396399037,-0.1768789655294326,18.928199768066406
2866,2.302025828940442,-0.11290647125587921,13.381400108337402
2867,2.300865507439334,-0.13021141814319406,18.949499130249023
2868,2.299932195162569,-0.05412603322930276,16.244699478149414
2869,2.3024519582013125,-0.25101663152796583,18.981199264526367
2870,2.3013569421088773,-0.11585246775710355,13.988200187683105
2871,2.301955440908588,-0.11447629940129411,12.246199607849121
2872,2.302448960152805,-0.12933048391934343,12.144499778747559
2873,2.3016954218002317,-0.18463109019499147,13.996000289916992
2874,2.3020434457881627,-0.07653966096616856,11.667900085449219
2875,2.3015577470050754,-0.07824549623757793,12.343899726867676
2876,2.3019454036719056,-0.1887813601915065,15.853599548339844
2877,2.300517882059693,-0.02402245233164039,15.844599723815918
2878,2.3023154588192036,-0.11109916594732384,19.225900650024414
2879,2.3007166545941606,-0.07241995411535708,14.017900466918945
2880,2.3018723161901327,-0.2128828098963998,11.934399604797363
2881,2.2997886551212976,-0.06470522112642497,15.718500137329102
2882,2.3022140179033235,-0.12220062789569208,15.713399887084961
2883,2.3017465068846215,-0.06139458029454925,12.084600448608398
2884,2.302183300579544,-0.3308880731459811,10.970800399780273
2885,2.302259149782819,-0.25012941979443326,15.69379997253418
2886,2.3018938789503625,-0.1671291638008121,18.773500442504883
2887,2.3001473027502475,-0.16221649839215013,18.594600677490234
2888,2.3017849198821057,-0.08574662090646357,13.354399681091309
2889,2.301922518295572,-0.1136176383848937,20.529399871826172
2890,2.3019497202874653,-0.1008757591373094,13.707300186157227
2891,2.301587670944022,-0.26530065293184535,11.426300048828125
2892,2.300584633882586,-0.09711563958485891,18.912399291992188
2893,2.302271966636765,-0.09313192193171675,10.93589973449707
2894,2.299528825828938,-0.09324926605990247,20.321399688720703
2895,2.298905728127243,-0.1267878854090989,13.537099838256836
2896,2.3025330022322534,-0.36495679809942594,21.275800704956055
2897,2.301934070632587,-0.12928618119318505,15.878499984741211
2898,2.301558429954642,-0.1837254931842338,14.143799781799316
2899,2.299069156437172,-0.05736208279141486,15.192500114440918
2900,2.3015145696775967,-0.030658760009754538,14.652999877929688
2901,2.301282787981714,-0.1429437922129163,18.389400482177734
2902,2.3016919595698986,-0.07048916786212434,14.49370002746582
2903,2.3021784407340666,-0.12915368161191443,11.439000129699707
2904,2.3022662444570474,-0.10526220980039569,11.954999923706055
2905,2.3024429739547836,-0.25810002770131146,17.67690086364746
2906,2.302459858420366,-0.2284079351177506,8.201600074768066
2907,2.3020443689368846,-0.12473067225270877,15.435700416564941
2908,2.301638747299678,-0.09808755801036805,16.607099533081055
2909,2.292830648338933,-0.06052159467012369,18.582500457763672
2910,2.296422846966347,-0.12551795814561084,15.087400436401367
2911,2.3003057525435398,-0.25201720970630936,13.651800155639648
2912,2.3018617937559314,-0.10823683247469584,10.440899848937988
2913,2.301029888332936,-0.07849590875747159,15.21679973602295
2914,2.3021557881321266,-0.08230115864358589,13.720100402832031
2915,2.3020865468577174,-0.24644501971022292,11.162199974060059
2916,2.2983116307522597,-0.11174623493545255,22.078500747680664
2917,2.3010916649218274,-0.16583169749179738,10.422100067138672
2918,2.2966885190637747,-0.14975606710680778,18.769399642944336
2919,2.301395427986581,-0.0469379733120755,18.509899139404297
2920,2.3016162401321694,-0.11889819500351784,15.11240005493164
2921,2.30188446776516,-0.25317490210392624,13.378600120544434
2922,2.298129868485022,-0.18101668639726654,16.451400756835938
2923,2.3009922421025193,-0.10451015539403807,10.827699661254883
2924,2.298504417727214,-0.21967334560638552,22.52549934387207
2925,2.300022158844757,-0.031242892013196744,12.060600280761719
2926,2.3023791818664865,-0.1735847965918732,11.048199653625488
2927,2.296484046109753,-0.019522645978559013,16.98509979248047
2928,2.301225167584062,-0.22060059393353748,10.434200286865234
2929,2.3019010134856637,-0.14700671374263985,15.911800384521484
2930,2.2933133576531923,-0.1727917165580436,17.95870018005371
2931,2.299917244687167,-0.33103070103909005,13.979000091552734
2932,2.3024089775052827,-0.16456636019295834,20.73040008544922
2933,2.3012408005014615,-0.23296995235662443,14.979499816894531
2934,2.3025774406572523,-0.11999327330997878,24.088199615478516
2935,2.301576951310923,-0.06097477408282496,20.64240074157715
2936,2.3016698357861465,-0.18760484984170755,13.248000144958496
2937,2.301775710771433,-0.10068197323208716,9.413200378417969
2938,2.2975277608096385,-0.177191968526341,18.526500701904297
2939,2.3011159290747423,-0.11528161835309791,11.243599891662598
2940,2.3013573329516666,-0.03143921602332078,17.50790023803711
2941,2.298983280878389,-0.19193200273562006,16.03569984436035
2942,2.2996764799902625,-0.11519678776899211,17.98310089111328
2943,2.294026029414004,-0.21103800743996592,19.752899169921875
2944,2.3020825127192905,-0.23064720126912175,11.05519962310791
2945,2.3016252551773033,-0.23230385343797533,18.63360023498535
2946,2.301490368233809,-0.004528002883995874,18.06170082092285
2947,2.2991113097849287,-0.39799583835589125,14.451399803161621
2948,2.3001199993148855,-0.04473959363220921,14.679699897766113
2949,2.3021779870527674,-0.23666701580435712,15.78219985961914
2950,2.3019653891739758,-0.1520921084672473,8.6141996383667
2951,2.302503905033541,-0.12514944738770062,16.67970085144043
2952,2.3012732101617845,-0.13976886955003742,11.791500091552734
2953,2.301843301979025,-0.17442673114064777,12.70930004119873
2954,2.301302063399463,-0.12100109875398309,23.04490089416504
2955,2.300543420208787,-0.010902477518060647,18.09869956970215
2956,2.3020917193313872,-0.11594286326002463,22.703500747680664
2957,2.3023878732902388,-0.07490336280023567,13.134699821472168
2958,2.3009312448546204,-0.11581448462851052,13.106399536132812
2959,2.2914133721774554,-0.04094037025220065,26.180700302124023
2960,2.2992996801351553,-0.2285149157063735,20.872299194335938
2961,2.3020912031970324,-0.07493223486749183,26.458999633789062
2962,2.2990248305980328,-0.04703215406329734,13.920599937438965
2963,2.300183823487125,-0.2630050832716915,16.04759979248047
2964,2.297258614864953,-0.0545406704328536,16.48069953918457
2965,2.300758575078418,-0.06956793934351083,11.362199783325195
2966,2.2998312473645033,-0.14481561547171784,17.253000259399414
2967,2.300173887848824,-0.03069893314629013,15.80840015411377
2968,2.3013251640395898,-0.09224294862523175,18.861900329589844
2969,2.302142313710103,-0.19795158537181123,20.914400100708008
2970,2.3016190493459026,-0.1842504525708688,15.809300422668457
2971,2.299850386964921,-0.0015677719748217506,19.221200942993164
2972,2.3015542496498553,-0.2988192279595524,19.223400115966797
2973,2.3015623824313742,-0.18977057852066181,11.842499732971191
2974,2.3012027026098654,-0.09751155041146725,19.822500228881836
2975,2.290844909527703,-0.18218444279326018,20.134000778198242
2976,2.3015807542841276,-0.20648586357580107,12.46150016784668
2977,2.302495696999173,-0.05914592485632616,14.891500473022461
2978,2.3010857624454024,-0.11902793606314022,12.454899787902832
2979,2.3017775531881544,-0.22677638980760884,16.723600387573242
2980,2.299733332898313,-0.13239475320903316,18.3572998046875
2981,2.3017602679878233,-0.06116059960245333,11.21049976348877
2982,2.3019366910688492,-0.21099041052926798,15.647500038146973
2983,2.302051680725975,-0.04192909030331127,16.984899520874023
2984,2.301704121367749,-0.19626578549732243,18.106399536132812
2985,2.302259978737461,-0.18039656519759617,17.263200759887695
2986,2.3012381627392,-0.0941942030639521,19.387399673461914
2987,2.3021439522062184,-0.10316455644996254,14.8548002243042
2988,2.3022307884158577,-0.26097039837520064,13.361800193786621
2989,2.299247218332872,-0.027732242672943216,17.182899475097656
2990,2.3019632063756883,-0.16772876668487594,13.34850025177002
2991,2.301521825827182,-0.25651602310277954,17.236799240112305
2992,2.3023716975903654,-0.20264354061112932,12.438899993896484
2993,2.3022213564498846,-0.06637510962649784,18.712400436401367
2994,2.3021983097523355,-0.04989226346241642,12.559700012207031
2995,2.301376351662695,-0.2550962162743876,13.687399864196777
2996,2.301747812428051,-0.20535496857951097,12.038800239562988
2997,2.2922202223685497,-0.0980874408125282,20.1835994720459
2998,2.3014473276644396,-0.19825617736754964,10.369400024414062
2999,2.3010250573655653,-0.23528295339308114,14.810099601745605
3000,2.301848278616402,-0.13127114271740115,12.714200019836426
3001,2.2990369840624196,-0.031997215789944855,20.33690071105957
3002,2.3008974756764022,-0.12858226570682596,14.59060001373291
3003,2.294177150721866,-0.2774462612984061,21.350500106811523
3004,2.301249531712623,-0.17319763336166893,13.593899726867676
3005,2.301678486706795,-0.35822165656227856,22.0314998626709
3006,2.3019666464393427,-0.16061528783664147,13.859999656677246
3007,2.3001539219053146,-0.11611886662741587,28.891000747680664
3008,2.3014013551825356,-0.12987934264843903,15.492899894714355
3009,2.3016623631731115,-0.35244173103936305,12.060400009155273
3010,2.3002954051380478,-0.13563867456672796,14.122099876403809
3011,2.302160096037203,-0.14608880240287647,33.78310012817383
3012,2.2993356308183737,-0.19582493497868592,24.26110076904297
3013,2.301025152486921,-0.004418446337305768,16.914400100708008
3014,2.3022140290633937,-0.1951931197165847,9.555999755859375
3015,2.3016329446808594,-0.18115042400715575,13.010199546813965
3016,2.300195843282931,-0.1861264881018253,17.93560028076172
3017,2.3020497115943193,-0.18183612698197194,16.936399459838867
3018,2.299919546628935,-0.022664550072206118,19.292800903320312
3019,2.300112817924821,-0.14288600802261775,11.817099571228027
3020,2.3022549620028117,-0.0813554165599486,13.649399757385254
3021,2.3018103522868554,-0.11879714241569761,13.971599578857422
3022,2.302331700744527,-0.16450826072509794,11.07699966430664
3023,2.3008040141470265,-0.12086675039679805,16.888500213623047
3024,2.3015172448161496,-0.0557932024232199,26.7898006439209
3025,2.3015820248298824,-0.2682812404396201,15.293600082397461
3026,2.302196825961502,-0.21574945812848778,14.543700218200684
3027,2.3017940007637177,-0.14017415652448584,13.416000366210938
3028,2.3010221139715554,-0.3429809212794357,12.59589958190918
3029,2.300150893187105,-0.22042103202263685,10.603099822998047
3030,2.2973572180116353,-0.026341854998967,22.2189998626709
3031,2.30159372671673,-0.23264914476804854,12.037300109863281
3032,2.2975880313334227,-0.21240559667942704,16.50779914855957
3033,2.301699486843008,-0.26358580437828694,13.208399772644043
3034,2.300312531592941,-0.13438487945089095,11.666899681091309
3035,2.299999251958026,-0.019039669521797562,12.694100379943848
3036,2.3016477572771867,-0.06326203111171191,12.098299980163574
3037,2.3018791406948864,-0.27018946081959205,19.517499923706055
3038,2.301164947470869,-0.22380794283814376,14.804100036621094
3039,2.3018121790267116,-0.24427398246018872,10.893099784851074
3040,2.3022181080076796,-0.06165469222016706,14.929800033569336
3041,2.302177390320558,-0.18359885245449092,14.074199676513672
3042,2.300465199381945,-0.1903857952010899,15.771499633789062
3043,2.3023209826126285,-0.05402818228949826,20.83060073852539
3044,2.3025171640525395,-0.14142413724422287,12.032600402832031
3045,2.3015757687331644,-0.19926924081548092,15.024800300598145
3046,2.3011810090947855,-0.23871319150071457,12.619600296020508
3047,2.300033225837082,-0.09340389448748335,22.414499282836914
3048,2.3021057766586517,-0.22156558550893335,11.9350004196167
3049,2.3023659522361446,-0.18307337177612193,20.65530014038086
3050,2.302506177531128,-0.1461795222884995,10.149200439453125
3051,2.3021304430965657,-0.07802590372949293,20.034400939941406
3052,2.3017988995404117,-0.13049754201352837,16.985700607299805
3053,2.3021212210189708,-0.06399861980385191,12.290499687194824
3054,2.3014196571707513,-0.2328881389720614,11.047300338745117
3055,2.3017073418424996,-0.3114962526330709,13.187000274658203
3056,2.3020572601048244,-0.15770354091297256,15.29580020904541
3057,2.301049945720256,-0.10184157625621892,11.835700035095215
3058,2.2991959141912854,-0.25970327702216434,30.08209991455078
3059,2.299482542836322,-0.16665559893284976,12.287300109863281
3060,2.3017576813146836,-0.19831253633294876,11.532999992370605
3061,2.3017255287951928,-0.28470997775726303,11.78219985961914
3062,2.302070524267535,-0.23816207642174003,13.45829963684082
3063,2.295280955568221,-0.029863868185495784,16.493799209594727
3064,2.3017708306677083,-0.290590448616144,12.582799911499023
3065,2.302327881548964,-0.21816302242105834,10.723299980163574
3066,2.301885012902787,-0.24297205406451017,14.696000099182129
3067,2.301665558880238,-0.18614692284291923,17.692800521850586
3068,2.301849192598917,-0.0789142908590067,16.019500732421875
3069,2.302391275967798,-0.29483188707938957,16.888900756835938
3070,2.3025343814592008,-0.24100069378363154,10.870100021362305
3071,2.2994945349953504,-0.31566492610001573,10.510000228881836
3072,2.3011758817659578,-0.21924442634143837,13.675299644470215
3073,2.30065980562225,-0.17892691819829654,21.49959945678711
3074,2.302380728497223,-0.10993838101890847,17.85890007019043
3075,2.3020959003536245,-0.08937604351041431,11.007499694824219
3076,2.30183189879052,-0.07640222208341096,21.90399932861328
3077,2.3021959431379964,-0.22141406002332675,11.807700157165527
3078,2.3010526850002586,-0.31674498395537387,21.60890007019043
3079,2.3023479833613085,-0.30190574678617743,8.350299835205078
3080,2.3017417738195807,-0.0613020809035022,12.194899559020996
3081,2.3017971169761453,-0.09725805450615332,15.932100296020508
3082,2.301733884916146,-0.14068985680680698,10.689000129699707
3083,2.3008619157064585,-0.18042491181459563,12.598999977111816
3084,2.2972168376881217,-0.3450726208514254,15.545000076293945
3085,2.301847153158009,-0.22707624049803987,12.656399726867676
3086,2.300768899545356,-0.1419147493919013,14.538399696350098
3087,2.301135133801968,-0.05439955159690326,14.336799621582031
3088,2.301375236443855,-0.047122379473640286,14.409299850463867
3089,2.300285825870171,-0.17519569308516825,17.952299118041992
3090,2.3018932807220067,-0.3036671907707511,16.37579917907715
3091,2.3022735480470513,-0.15614363029716127,12.331999778747559
3092,2.302149184096151,-0.36606472272365786,16.838600158691406
3093,2.3015704292842103,-0.18502584090016017,21.060800552368164
3094,2.3003200518371894,-0.05508330773417258,17.181800842285156
3095,2.30089063921305,-0.10106096316116853,10.946800231933594
3096,2.3020977613691835,-0.024984884496200933,18.654699325561523
3097,2.300985359945405,-0.18719192088074976,10.347999572753906
3098,2.3022102994413522,-0.2736747407496347,15.562899589538574
3099,2.3022758357656423,-0.11332899423092246,12.716699600219727
3100,2.3018026937508007,-0.09173328344065135,12.19729995727539
3101,2.3023783583914534,-0.15810601684696823,14.362000465393066
3102,2.3015511742799206,-0.08055680523831082,11.98449993133545
3103,2.3019964630055854,-0.2399247900740601,11.713700294494629
3104,2.3018655494811666,-0.13902879205059715,16.7101993560791
3105,2.301703731879281,-0.21632291791254032,13.753299713134766
3106,2.298896224563738,-0.13240080558625744,13.965999603271484
3107,2.2981401134346795,-0.1485895925915085,22.619199752807617
3108,2.302378074485918,-0.2125112635998183,11.19950008392334
3109,2.3006712166521543,-0.09124845340826038,15.732500076293945
3110,2.3016903011628664,-0.1612581563475004,12.452500343322754
3111,2.3016887286924073,-0.21473277708399863,25.885400772094727
3112,2.301008751090578,-0.15375034896034534,13.721699714660645
3113,2.302166626113102,-0.1075230639496686,12.975799560546875
3114,2.3011187113039755,-0.08968438372380372,11.943900108337402
3115,2.301459910502402,-0.14999542874330796,18.47170066833496
3116,2.2947006459367847,-0.15135856678455006,21.011699676513672
3117,2.3021471641900666,-0.09452793107309507,15.656299591064453
3118,2.301985354022469,-0.09856373120457373,19.575599670410156
3119,2.3017100634438528,-0.12335426059570798,13.634099960327148
3120,2.3016617864609623,-0.28991084855050747,16.464799880981445
3121,2.299792725303135,-0.11802124207431341,25.617700576782227
3122,2.301244520615706,-0.09617188290541179,15.271400451660156
3123,2.3016615667628844,-0.10162199732243149,21.973899841308594
3124,2.302369887080041,-0.06955392235167379,20.624300003051758
3125,2.302323607457088,-0.21513460798033146,11.226300239562988
3126,2.3013488394600983,-0.32471391069463296,13.417499542236328
3127,2.3013875115846547,-0.1599381651111379,17.922199249267578
3128,2.3025794645539177,-0.11433819371761444,14.073399543762207
3129,2.301899893633882,-0.07270704932796468,11.450499534606934
3130,2.3019118104655933,-0.21072079908078123,9.560999870300293
3131,2.3017649897654406,-0.27414868118790103,16.44059944152832
3132,2.300628197356972,-0.22731132655855024,20.271299362182617
3133,2.3012466683534867,-0.11477305349002478,16.904800415039062
3134,2.299899544456222,-0.1111603277728872,13.031000137329102
3135,2.30085039988367,-0.1325411765364255,12.790900230407715
3136,2.301921940324823,-0.17675184769436658,14.26710033416748
3137,2.2872994201259056,-0.07048876276773297,24.321699142456055
3138,2.3021353916505385,-0.18021490232449366,14.635299682617188
3139,2.302084404409579,-0.14989023676689828,11.357199668884277
3140,2.301962451801273,-0.029932314817214752,17.35610008239746
3141,2.3017203986684396,-0.08401081178310535,15.32509994506836
3142,2.301445001742585,-0.14686288761788446,10.96030044555664
3143,2.301347715565224,-0.26065819806867496,11.973199844360352
3144,2.3020652663544157,-0.1912771085219036,14.141900062561035
3145,2.3023175297616625,-0.09929828255322704,12.528300285339355
3146,2.3017723567493955,-0.015368816409016972,13.369500160217285
3147,2.2996568722287374,-0.17030406985543323,12.61870002746582
3148,2.301943371895267,-0.1270566332053903,13.527299880981445
3149,2.302279648231313,-0.19421723277712996,10.192399978637695
3150,2.3014026172185007,-0.4320366196453733,13.22700023651123
3151,2.2985097231295355,-0.2036362468606424,20.57069969177246
3152,2.3008142558523574,-0.24302342468187665,14.287699699401855
3153,2.302296750160443,-0.3068516178118408,14.908100128173828
3154,2.3018487809319557,-0.08547751782432078,12.128899574279785
3155,2.3019944181792615,-0.06147015495010766,12.263299942016602
3156,2.302217318836078,-0.10781822929524632,22.58300018310547
3157,2.3003312316572324,-0.09567485695423161,22.114200592041016
3158,2.302142646138218,-0.0002483831985955476,13.977700233459473
3159,2.302366697511905,-0.1491693980099713,15.56410026550293
3160,2.3021436416871923,-0.1612210365558967,10.995200157165527
3161,2.30048004014876,-0.07385464481537773,15.566300392150879
3162,2.301062879727869,-0.15669787994493378,14.949299812316895
3163,2.30187818628803,-0.17539706807793454,19.627700805664062
3164,2.3008935427528914,-0.2910368436105806,20.735700607299805
3165,2.30158170683614,-0.11874555007508814,20.113800048828125
3166,2.302198087357277,-0.0567664309073328,13.61970043182373
3167,2.301966050783103,-0.1484224433509751,12.950200080871582
3168,2.2993745228657847,-0.17619143805309256,17.36720085144043
3169,2.3012333693292155,-0.039387558450044144,12.276900291442871
3170,2.302063539073331,-0.09679900369820948,12.517499923706055
3171,2.298648032741513,-0.10885872230053051,12.621100425720215
3172,2.3012597384704225,-0.07324373549274209,19.501300811767578
3173,2.302415373302261,-0.18021478086826193,16.978500366210938
3174,2.302028387670015,-0.08457171795899898,13.36460018157959
3175,2.3011352205808184,-0.18026109809098922,16.023799896240234
3176,2.3016140728370136,-0.06830029737670637,21.954599380493164
3177,2.302209377478847,-0.2866890369145949,10.442700386047363
3178,2.3015772397136187,-0.09101617908536885,18.330900192260742
3179,2.298278747510256,-0.20432090778492062,14.986900329589844
3180,2.302518478393717,-0.10572079615561047,16.874500274658203
3181,2.3013895702345337,-0.21564479194157737,12.57859992980957
3182,2.299382849760897,-0.14340310324730332,21.118999481201172
3183,2.3011781960544564,-0.1735737293735493,14.696800231933594
3184,2.2991225131477226,-0.06761826624159023,18.068899154663086
3185,2.302164474053488,-0.048008321701039525,15.3149995803833
3186,2.302338130427842,-0.06332381577593152,15.143799781799316
3187,2.3008020534890345,-0.17839297645626917,21.891000747680664
3188,2.3020783663808384,-0.08108622890166281,14.636099815368652
3189,2.300516886285333,-0.04479634557007212,18.173900604248047
3190,2.3011009710492245,-0.06012134819430206,17.347700119018555
3191,2.302543802182137,-0.35241569237722714,13.459199905395508
3192,2.299332470236695,-0.15303612814273915,16.780399322509766
3193,2.2985081401095258,-0.18682060883140905,13.585000038146973
3194,2.2999443364842125,-0.18883275018744183,11.670100212097168
3195,2.3024783857543274,-0.1975882318301032,12.938799858093262
3196,2.3011526312287063,-0.16227688708622778,13.027799606323242
3197,2.301889095473818,-0.2012718648851659,12.82390022277832
3198,2.2987869402548444,-0.11966553734681151,19.377599716186523
3199,2.3008371558698157,-0.23194474781937668,15.203499794006348
3200,2.2981885829214406,-0.04525459080106656,17.02120018005371
3201,2.299568494517606,-0.06164563853182159,14.486800193786621
3202,2.3020158225735408,-0.11621521428911463,21.341299057006836
3203,2.292029259060064,-0.14841688998519242,20.706899642944336
3204,2.3017624642789274,-0.22400612259728803,12.758399963378906
3205,2.3020598517246054,-0.3035278726224976,12.420299530029297
3206,2.301527659186224,-0.23981306250502077,17.35540008544922
3207,2.301214643589264,-0.07179746941388968,13.007499694824219
3208,2.299856939410516,-0.18719239342514005,16.545499801635742
3209,2.3010291824159483,-0.09251273804460677,11.769700050354004
3210,2.295368455756032,-0.178976428659534,24.174100875854492
3211,2.302389644999656,-0.22720200331042673,16.033300399780273
3212,2.298266131268127,-0.0716678885431504,16.658100128173828
3213,2.302346453372614,-0.09234415010193531,10.138999938964844
3214,2.300422430849899,-0.2925507994398391,12.069499969482422
3215,2.298848824542157,-0.10229710613854293,23.240800857543945
3216,2.302345095544455,-0.2038283508579557,11.570899963378906
3217,2.301884371359374,-0.1443165505170878,13.028400421142578
3218,2.3024531805993274,-0.20841529771267986,11.873800277709961
3219,2.2830377699587796,-0.15973645291469263,21.93429946899414
3220,2.3022373873983537,-0.2718723701593321,14.746500015258789
3221,2.301070209471616,-0.21809654461650596,12.364399909973145
3222,2.3017454136969984,-0.29564267878265227,12.141300201416016
3223,2.301497825640577,-0.1474329141745887,13.073100090026855
3224,2.299228389483398,-0.07584580965377441,16.747600555419922
3225,2.300602189418612,-0.12420746301907337,21.782800674438477
3226,2.3019020869722566,-0.19687995910894163,17.424999237060547
3227,2.3023631292813866,-0.2265081870406651,13.024900436401367
3228,2.3019014205708443,-0.2156951329488912,10.7923002243042
3229,2.3017605900707667,-0.3956389608987969,10.066800117492676
3230,2.302425983116346,-0.20423774609366718,9.163399696350098
3231,2.2933737166749113,-0.09045088472510066,17.85140037536621
3232,2.3020394013231877,-0.18427742184655266,21.38800048828125
3233,2.300670472740456,-0.2578524839055829,23.34950065612793
3234,2.3007370484732643,-0.24348980951978116,17.275400161743164
3235,2.301947051374588,-0.3230919378426743,15.241100311279297
3236,2.3020429429429177,-0.25112749036941295,11.666999816894531
3237,2.2999240227089195,-0.07472683963001525,14.597399711608887
3238,2.3021878309805737,-0.1675424514937034,10.751399993896484
3239,2.298579375011649,-0.2918329667906967,12.044599533081055
3240,2.3002963464490955,-0.2017411183265286,11.91469955444336
3241,2.3013368910312724,-0.16735529088803203,32.32320022583008
3242,2.300923712086609,-0.1212913771204498,13.336400032043457
3243,2.3015586278938915,-0.35012465340702803,10.515899658203125
3244,2.297483256102766,-0.1708624186808024,24.220699310302734
3245,2.3020062258825953,-0.19094086608398064,16.83970069885254
3246,2.3011492133502314,-0.04471795745659919,14.458200454711914
3247,2.3018211461220326,-0.17196902617470688,13.20009994506836
3248,2.3020224427038602,-0.024436674839421357,20.601900100708008
3249,2.3019147210413453,-0.15518927793627624,10.455300331115723
3250,2.3011435911892995,-0.07772630027472674,17.36440086364746
3251,2.301233342419142,-0.13918398353824202,14.318099975585938
3252,2.287136485038304,-0.2610710298394946,18.66360092163086
3253,2.3025296403821467,-0.27387252932920647,9.073699951171875
3254,2.299585567277935,-0.03594372256682705,17.65489959716797
3255,2.301981861704763,-0.19268016291460288,8.83240032196045
3256,2.302117246944968,-0.10774382136389404,13.419300079345703
3257,2.3010063459458836,-0.17200698722307228,16.909000396728516
3258,2.3013687149112116,-0.20465703811585811,14.97599983215332
3259,2.302348836197276,-0.26894950124615047,14.57409954071045
3260,2.301734321583411,-0.20175378010828948,9.804200172424316
3261,2.3012180192173037,-0.20045561611684093,15.465299606323242
3262,2.2998844005285655,-0.16765807701084598,22.068899154663086
3263,2.3024102429089175,-0.06228156603684189,17.760099411010742
3264,2.3019377721350027,-0.09938991368957048,11.797499656677246
3265,2.3021242438689735,-0.07093077920364739,17.693700790405273
3266,2.3015644934972737,-0.0977560314468161,10.495400428771973
3267,2.3021198745847467,-0.055742456740419964,15.782400131225586
3268,2.302307816415552,-0.09801512324636064,20.532499313354492
3269,2.3019510987128964,-0.16429298905806222,16.354900360107422
3270,2.3021200734992546,-0.15846037516416034,16.776399612426758
3271,2.302075990887334,-0.20966981773930715,20.069599151611328
3272,2.298910653470977,-0.09558041120546211,15.314000129699707
3273,2.2973983629921517,-0.06019468955851626,21.70829963684082
3274,2.2989062125654676,-0.20195095529572327,19.580799102783203
3275,2.301070943628458,-0.13665137973082142,13.233699798583984
3276,2.3021328567643256,-0.14376455437813884,14.855799674987793
3277,2.298753906471598,-0.11986293179893548,21.249399185180664
3278,2.301938388787746,-0.22628228122520155,14.2253999710083
3279,2.3013021876889046,-0.20795159874358482,13.642200469970703
3280,2.301901959062732,-0.24960181492678213,9.697600364685059
3281,2.302215007012681,-0.22938492812350464,9.388799667358398
3282,2.3005125470123473,-0.021232232758357145,19.675399780273438
3283,2.3016187147900427,-0.12040793797421671,14.235899925231934
3284,2.302248376949871,-0.08987847655107672,14.96310043334961
3285,2.3019301028727126,-0.25838693135262947,12.75790023803711
3286,2.301430718147657,-0.21760537879993747,11.345600128173828
3287,2.300519571145183,-0.11740444334542466,11.954400062561035
3288,2.301772095205905,-0.07842383867610826,18.77359962463379
3289,2.3022600573617975,-0.18874798450311348,13.380399703979492
3290,2.2999321947752733,-0.1771475123894426,23.539400100708008
3291,2.3016162113428478,-0.2492218366839346,9.589699745178223
3292,2.301947775353786,-0.09044904862227354,14.748499870300293
3293,2.301802260227267,-0.15001091594734905,13.85200023651123
3294,2.3015299750779974,-0.1994690267155208,16.987899780273438
3295,2.300002931796918,-0.2120360469975182,29.300199508666992
3296,2.3001962163061336,-0.09110039801690162,9.847900390625
3297,2.293193686657289,-0.01713888254274957,17.483800888061523
3298,2.290286891342613,-0.14791606693194786,19.84910011291504
3299,2.2981708285195,-0.22761027748675833,14.124099731445312
3300,2.3017812814234815,-0.1344989245265199,17.96470069885254
3301,2.3013612175040064,-0.22223402069358522,17.08009910583496
3302,2.301995694759131,-0.02299919808376394,15.998100280761719
3303,2.300826154992069,-0.2642997553397559,18.366100311279297
3304,2.2985472310777917,-0.07586908045559193,15.144700050354004
3305,2.302117384210066,-0.03481631022418193,24.058000564575195
3306,2.300487283700595,-0.06345610458145337,20.693500518798828
3307,2.296175115358532,-0.08646444252904018,22.052000045776367
3308,2.3008894388134236,-0.12728225824898082,15.711899757385254
3309,2.294481142469396,-0.1749017775365842,12.413100242614746
3310,2.301188547586769,-0.1524684487713006,21.464000701904297
3311,2.2818406921050043,-0.028724397108581434,36.67610168457031
3312,2.301667423002816,-0.17586916042809875,12.666299819946289
3313,2.2998941183121255,-0.15555869902574038,14.340999603271484
3314,2.302093258868323,-0.2232896257778232,20.3174991607666
3315,2.300347933465333,-0.09836261934141499,14.565600395202637
3316,2.302395270203756,-0.23318864788225507,11.901599884033203
3317,2.302147484223469,-0.13378677298178823,13.930899620056152
3318,2.301632479214421,-0.18871941866059305,12.289199829101562
3319,2.302548887025041,-0.20690545083329404,15.871199607849121
3320,2.301574646487731,-0.1860502578963319,12.592499732971191
3321,2.2923652400273267,-0.10697142836578866,19.17340087890625
3322,2.3013870500032643,-0.19450371873342576,52.712799072265625
3323,2.300109130942998,-0.054155830595486856,24.59589958190918
3324,2.3019947997560144,-0.12823925042574302,12.563400268554688
3325,2.2951708763325693,-0.21596611252411932,32.59389877319336
3326,2.301741045994314,-0.1421358822381078,10.600600242614746
3327,2.294656384365092,-0.21737189180053895,14.967399597167969
3328,2.296889723283127,-0.08385091876136769,16.17609977722168
3329,2.289317093633561,-0.04595218510436805,33.49369812011719
3330,2.302403829960569,-0.17248937205709203,11.10990047454834
3331,2.302223390389762,-0.1014021634372877,11.57979965209961
3332,2.3009172251530097,-0.15447240907888782,14.946700096130371
3333,2.301865764566818,-0.13851840121568404,18.240400314331055
3334,2.3014918808659677,-0.15038630526456254,14.09119987487793
3335,2.3017748685308694,-0.07730835107686262,11.95829963684082
3336,2.302083797034247,-0.36363485137185814,9.739899635314941
3337,2.301583655973298,-0.07192420991471128,21.585599899291992
3338,2.3019753393103692,-0.19738831910091992,14.661499977111816
3339,2.30174297076554,-0.12220174415656071,24.762399673461914
3340,2.3024523569070423,-0.2543630714089242,11.058199882507324
3341,2.3023959909651586,-0.23971123034064323,10.837699890136719
3342,2.301519156741213,-0.12861214077686212,18.28219985961914
3343,2.3013004661003724,-0.2601471331754873,15.55739974975586
3344,2.2985346346647826,-0.07755813594350547,23.698999404907227
3345,2.3018575091325744,-0.15963452296942338,19.311500549316406
3346,2.30233031622346,-0.3289558056844024,22.39430046081543
3347,2.3016744325862137,-0.12413835164009679,22.278499603271484
3348,2.3018898898268154,-0.17033356260186794,13.13029956817627
3349,2.301253956254746,-0.15981844402760337,22.30699920654297
3350,2.301934632248502,-0.06234774724264691,13.206299781799316
3351,2.301533073438108,-0.11319469100101553,15.621700286865234
3352,2.300988797395076,-0.28268469135577223,9.482099533081055
3353,2.3020456536094187,-0.1056141106429195,15.913700103759766
3354,2.30081193506068,-0.18517711897089695,14.908599853515625
3355,2.3022756037037237,-0.11419077929997223,13.611700057983398
3356,2.3008404600498507,-0.13299989300305698,15.185600280761719
3357,2.302380764366817,-0.11024645566148207,14.165499687194824
3358,2.2997350995043533,-0.14105624964428187,19.607500076293945
3359,2.3016083933973985,-0.2917743862723805,9.98859977722168
3360,2.298277477234379,-0.2515167570460307,18.48390007019043
3361,2.300174084721448,-0.14112231515194362,22.559799194335938
3362,2.299001618591621,-0.13572786299482342,18.98419952392578
3363,2.2995977308082165,-0.1265130207644969,14.393600463867188
3364,2.3020413094999883,-0.2855454425101026,10.129300117492676
3365,2.30201372616234,-0.11980679060768618,16.489099502563477
3366,2.299576851586863,-0.23808923031387685,20.147499084472656
3367,2.30225215718443,-0.39056133505043356,20.383499145507812
3368,2.301506446038463,-0.175605896360862,13.891900062561035
3369,2.3002593723469458,-0.27234272937277326,15.605799674987793
3370,2.2964475937677813,-0.04461539792434097,26.363300323486328
3371,2.3020487961048355,-0.190665548362808,15.0177001953125
3372,2.3016515796617263,-0.32020776070789914,12.535200119018555
3373,2.3009168865807097,-0.06904533861433892,21.46780014038086
3374,2.301985337762802,-0.17846328460514682,15.171899795532227
3375,2.302419500925326,-0.1995528307810196,12.633999824523926
3376,2.29538277372729,-0.1291055741270459,13.893699645996094
3377,2.302328041830954,-0.17004832105533063,15.359600067138672
3378,2.3016458677089027,-0.19735837459783967,11.536800384521484
3379,2.297454792267325,-0.15654580710757623,18.873899459838867
3380,2.3016124355058563,-0.3712451589156557,10.733599662780762
3381,2.3017201899849895,-0.1573359859376855,12.425399780273438
3382,2.3014754155425052,-0.2385306974189949,10.979599952697754
3383,2.298708129439827,-0.2740779816921054,14.206000328063965
3384,2.301590768782519,-0.1738595773522369,14.31719970703125
3385,2.2994140777924303,-0.28220420923055034,16.412700653076172
3386,2.302010376421194,-0.17944149556198663,19.422399520874023
3387,2.302404466468482,-0.18448933475878126,9.616700172424316
3388,2.300497896467412,-0.1702382157044347,15.365300178527832
3389,2.2956839793553305,-0.26654811490080466,14.89490032196045
3390,2.3001205059804217,-0.207909587489682,17.788400650024414
3391,2.3022536739635058,-0.07143341329104547,13.633700370788574
3392,2.3009921208730346,-0.16134078425277043,14.121299743652344
3393,2.2982818406084626,-0.04067509231182298,20.259599685668945
3394,2.299689469948557,-0.22547480952402665,15.672100067138672
3395,2.302059873104178,-0.11707421414331587,20.058700561523438
3396,2.3020417499349164,-0.1927013355489613,11.703800201416016
3397,2.3000051043696152,-0.028903141048097325,25.538799285888672
3398,2.302347420046941,-0.2672182016841358,12.226099967956543
3399,2.301639438244663,-0.03129399752919523,10.46399974822998
3400,2.3022516434681606,-0.22485925579521282,17.734399795532227
3401,2.3014514256086684,-0.18227221930700482,10.20680046081543
3402,2.3002531442125878,-0.15983683714648556,15.458100318908691
3403,2.3008263100308524,-0.18574748925831253,11.563400268554688
3404,2.301168294173546,-0.20554894298927762,18.882200241088867
3405,2.294348054066217,-0.14014187497035535,17.425600051879883
3406,2.2999436858376616,-0.26599810208099317,10.388199806213379
3407,2.3022236835632555,-0.25472090457619423,17.11680030822754
3408,2.301858314635446,-0.3014530089504718,13.74120044708252
3409,2.3011510708587806,-0.1455885772796338,13.519599914550781
3410,2.3015129460439665,-0.06491941594417368,16.319799423217773
3411,2.3023204034206572,-0.05781027505207561,14.90939998626709
3412,2.300286850470197,-0.2030420665185343,13.116000175476074
3413,2.290064278067286,-0.09210685467476099,25.304000854492188
3414,2.301890533075948,-0.26846732489569014,9.583800315856934
3415,2.3021548660744764,-0.22397964930021608,16.907400131225586
3416,2.3013271544973124,-0.07201599441489992,16.567100524902344
3417,2.300973520114142,-0.3477490873642858,14.568900108337402
3418,2.301448217583144,-0.1280831897257525,20.812299728393555
3419,2.3004834497351236,-0.23696642745617055,20.007299423217773
3420,2.2987630942331387,-0.217989564696507,15.044300079345703
3421,2.3015815039348344,-0.19866016267955888,13.562600135803223
3422,2.3022273901875865,-0.20049269464725689,12.343299865722656
3423,2.3018751707250646,-0.14746415322420747,20.229900360107422
3424,2.2941629463622264,-0.10709461446185742,21.092300415039062
3425,2.302312157453761,-0.1272039059276311,15.294599533081055
3426,2.30178592815349,-0.24225540874748697,11.562000274658203
3427,2.3019512038262704,-0.1339558119974763,9.358699798583984
3428,2.2988538043418134,-0.02523963750489341,25.179500579833984
3429,2.3021975173483162,-0.05976911132401091,15.501399993896484
3430,2.3013616071081664,-0.23916640292108848,12.84280014038086
3431,2.3006095122264263,-0.04657036307016555,32.515098571777344
3432,2.3010060162257275,-0.3008482724430163,13.979299545288086
3433,2.302089238032167,-0.13296883192228615,10.523099899291992
3434,2.30220963426487,-0.2662273703224707,11.454299926757812
3435,2.2986981362691727,-0.15022590936090113,20.608400344848633
3436,2.301228909540938,-0.3133235000735084,11.841300010681152
3437,2.302196490437764,-0.3159892525665402,13.340800285339355
3438,2.302278883794531,-0.07091126347298926,18.309499740600586
3439,2.293520271703754,-0.10123815457143814,23.875499725341797
3440,2.3015242031639778,-0.17551348286817525,18.776100158691406
3441,2.3006707660910375,-0.16273325058332688,21.479299545288086
3442,2.301363426131867,-0.043422457537861364,18.637100219726562
3443,2.3022412269215895,-0.18601441922525674,11.301899909973145
3444,2.298514265413397,-0.032551640206545725,18.095500946044922
3445,2.298914138116982,-0.18666318276470328,14.494600296020508
3446,2.3021999129154356,-0.12328400106524669,10.440400123596191
3447,2.298761420338082,-0.2201860490345754,23.070100784301758
3448,2.3014615041126256,-0.21791996303036842,15.65999984741211
3449,2.3018835485341143,-0.2881137155774587,11.628399848937988
3450,2.300226251107956,-0.22830829618354098,16.232099533081055
3451,2.300926698971404,-0.16060463894775168,16.615699768066406
3452,2.302393562746014,-0.29677528003635334,14.98740005493164
3453,2.297706588290476,-0.19347402734016794,16.153400421142578
3454,2.3020105456033697,-0.021740987229710147,16.10849952697754
3455,2.3021908591957088,-0.33252273862817094,24.778600692749023
3456,2.3015362300848103,-0.08103521835863167,13.8996000289917
3457,2.302287794862681,-0.2331794494907875,9.773900032043457
3458,2.299532160912603,-0.06944044204589017,15.197600364685059
3459,2.301920368266617,-0.19134401983497662,15.235300064086914
3460,2.300501338707604,-0.25826440795729855,15.9173002243042
3461,2.2959188713436522,-0.05164530444813609,17.993799209594727
3462,2.3019715006616868,-0.055173208683215555,18.186399459838867
3463,2.2985162197729863,-0.16916188552928846,13.079700469970703
3464,2.302053456413509,-0.3821020725960014,12.128399848937988
3465,2.299341909422329,-0.15650155402908072,17.88610076904297
3466,2.3000107231721376,-0.05535964074495703,24.265600204467773
3467,2.3022559187831364,-0.2447373250345377,12.22760009765625
3468,2.301315492374034,-0.2260326623032256,12.98270034790039
3469,2.3009297747844566,-0.2335887804058805,21.69540023803711
3470,2.3006564120159796,-0.031608955760008106,17.394899368286133
3471,2.3024331614763778,-0.16842246293239072,12.813599586486816
3472,2.298540021340753,-0.2143222789194893,12.040499687194824
3473,2.302233043918979,-0.16913574676759324,8.489299774169922
3474,2.298654975878609,-0.069023341854753,16.472400665283203
3475,2.302364049209996,-0.007078212098439901,17.50200080871582
3476,2.3007500270619454,-0.2655903015076857,16.52400016784668
3477,2.301566003184709,-0.12995463080980318,17.35099983215332
3478,2.3024552851343043,-0.09471850303093976,13.186100006103516
3479,2.300553685716117,-0.23728343097264293,20.25670051574707
3480,2.3016438706185434,-0.1843944514105219,16.64940071105957
3481,2.300190870338197,-0.15714071938503948,16.577199935913086
3482,2.3012357651697757,-0.23416537011623528,18.244800567626953
3483,2.2984361808528115,-0.10744364819079577,15.566900253295898
3484,2.2998289847744036,-0.10228691744332391,18.123199462890625
3485,2.3013772893793734,-0.19950680112895736,15.582799911499023
3486,2.300035370103117,-0.17457208285660666,14.222700119018555
3487,2.30182233353365,-0.15401076977439043,10.303400039672852
3488,2.3020919301861915,-0.28448710919193043,17.938600540161133
3489,2.3013370333800443,-0.10068106670685306,17.537399291992188
3490,2.3018585740801525,-0.025041664353645837,17.22570037841797
3491,2.300664437226776,-0.10824721655561831,23.479999542236328
3492,2.301807957664161,-0.24621195813963304,10.526000022888184
3493,2.299969697475611,-0.19998510441471562,28.20210075378418
3494,2.3014465934266033,-0.1506524646958124,11.633299827575684
3495,2.301812228220499,-0.3346059032808729,10.071800231933594
3496,2.3007684023755126,-0.23174149114753628,11.31410026550293
3497,2.3020035833184957,-0.19557310117392035,12.024200439453125
3498,2.3010559102152675,-0.22663569623109603,15.935799598693848
3499,2.3002205969177516,-0.06786099175029706,13.026200294494629
3500,2.302011953434034,-0.15684638634915993,13.377099990844727
3501,2.3008824242619847,-0.1548640388016027,18.044599533081055
3502,2.300971113348752,-0.2210122487712981,13.79069995880127
3503,2.3020805462150835,-0.1971687422256333,12.53339958190918
3504,2.3018050400693557,-0.19158424582262767,19.849000930786133
3505,2.292590783924195,-0.08240259699067276,15.157699584960938
3506,2.2973898145527545,-0.20994467473876854,12.614800453186035
3507,2.3005482772732178,-0.062636601292969,16.638200759887695
3508,2.302266359556237,-0.17658766373036583,24.205900192260742
3509,2.3021517431327987,-0.14241078520225314,14.761500358581543
3510,2.2930539646163193,-0.15545401359906197,22.166400909423828
3511,2.3022423082518024,-0.23955234829915284,14.803400039672852
3512,2.3021687996261977,-0.11530644815983448,20.521699905395508
3513,2.3016927416268755,-0.11878312617417941,12.990500450134277
3514,2.3015843857087797,-0.3407958529940237,12.078399658203125
3515,2.302437553121698,-0.06609335598959447,16.578399658203125
3516,2.29931854824474,-0.07575585694614417,16.615299224853516
3517,2.298713231487069,-0.20043930368406393,12.063699722290039
3518,2.3025678565128884,-0.08164956401853166,13.111100196838379
3519,2.3012991699509837,-0.3037747791886609,14.934100151062012
3520,2.301634556290995,-0.14867517266836083,12.469499588012695
3521,2.299575334690299,-0.25374663491116056,17.498600006103516
3522,2.301861286243802,-0.12005331313812406,15.084500312805176
3523,2.3016879683668137,-0.23092243053906492,13.780500411987305
3524,2.302068231445177,-0.16926941177571997,12.934499740600586
3525,2.301696497772827,-0.09689787467291247,17.850400924682617
3526,2.3017893308132216,-0.11993370213900442,12.23550033569336
3527,2.3014756280917865,-0.11330487907848621,13.50059986114502
3528,2.2997474021437427,-0.23693005019830105,15.776900291442871
3529,2.3016179373297896,-0.12439861570328481,12.131400108337402
3530,2.3023607535821213,-0.0646754796043869,14.873600006103516
3531,2.3017122670262737,-0.24403392948995672,21.610300064086914
3532,2.301427602463897,-0.19037539251750202,12.461199760437012
3533,2.301000716959551,-0.294492290645088,13.313799858093262
3534,2.3006623099927097,-0.12748404475322145,14.337599754333496
3535,2.298035973111941,-0.12852604494406394,15.50409984588623
3536,2.3016346298446297,-0.26259638391352524,12.133000373840332
3537,2.3015205316131038,-0.05872241299490433,15.376199722290039
3538,2.300779794758674,-0.1824453590517663,20.7893009185791
3539,2.300768718719542,-0.19820490125624968,11.23900032043457
3540,2.301962847529382,-0.2688141591081963,28.960100173950195
3541,2.3003058447435243,-0.19418161299608483,15.190500259399414
3542,2.300775522446456,-0.24432690733380003,16.03380012512207
3543,2.299144717514358,-0.09146041601409916,12.562700271606445
3544,2.301451247166325,-0.16063896953716017,15.518899917602539
3545,2.3001229090967805,-0.23722301596977058,23.13089942932129
3546,2.302335618105481,-0.13696260985523145,11.754199981689453
3547,2.3023485061121445,-0.1272706218624211,10.660900115966797
3548,2.2970272053024043,-0.16978027074760504,16.70789909362793
3549,2.2774036656851915,-0.06214298865587112,31.441999435424805
3550,2.302261387186582,-0.1348260647197128,11.463399887084961
3551,2.3022898143798938,-0.0007126670776642641,12.968999862670898
3552,2.299276562021446,-0.09087275015584984,20.172000885009766
3553,2.300011492564232,-0.10871896521360129,14.441100120544434
3554,2.30126743914509,-0.066625810666434,17.35110092163086
3555,2.2966185710374836,-0.10272196808338108,23.435100555419922
3556,2.3009289263350614,-0.1919645458431952,14.54580020904541
3557,2.301843874031385,-0.10950206575684873,15.854399681091309
3558,2.3010170946026753,-0.14633244364166842,22.36870002746582
3559,2.2968075574633016,-0.12161009542568497,17.861400604248047
3560,2.3022514502087748,-0.1872084974606807,9.619600296020508
3561,2.3021474928440253,-0.3178026725700994,9.084400177001953
3562,2.3010640093072143,-0.055191792703889554,14.846400260925293
3563,2.3018596808622607,-0.06854744635318233,13.722999572753906
3564,2.299586334547615,-0.06709061203031784,18.62179946899414
3565,2.301201026216166,-0.21763377972799158,18.223499298095703
3566,2.302269642898252,-0.19365952914735896,11.287699699401855
3567,2.3004218954570472,-0.014602716669264836,23.675600051879883
3568,2.290664366715789,-0.18709194523983363,30.583799362182617
3569,2.3012594124034647,-0.25873666929913486,19.525100708007812
3570,2.3015427903012475,-0.28610651465242354,10.058500289916992
3571,2.296823110022368,-0.18999991467351274,18.255399703979492
3572,2.2962308387304553,-0.238126976953426,14.050700187683105
3573,2.3015494558252074,-0.23077300670493628,13.394399642944336
3574,2.3000827130196484,-0.1315363304173235,19.310400009155273
3575,2.3002166570182987,-0.3533577649874715,10.239899635314941
3576,2.301375647187289,-0.16911585472898394,10.40250015258789
3577,2.301322282969704,-0.22389056860344958,11.628399848937988
3578,2.3022126073483116,-0.1586921556035461,17.80929946899414
3579,2.301260773474364,-0.142785617183538,10.836700439453125
3580,2.2996099655390965,-0.20221009931351164,12.996100425720215
3581,2.302010662765966,-0.2840689160819422,16.905000686645508
3582,2.300228970849612,-0.12265086613305445,18.89080047607422
3583,2.3002035796294527,-0.11824698094184305,13.17039966583252
3584,2.3024304042400647,-0.11425573703675063,12.82859992980957
3585,2.2976529266388708,-0.11298036052845899,14.476200103759766
3586,2.300132749268252,-0.05560279347804864,14.473400115966797
3587,2.3019957824165282,-0.21652044600047216,11.251500129699707
3588,2.302065406997439,-0.09071952686014384,13.730299949645996
3589,2.3016846085091625,-0.09875087046163844,16.005699157714844
3590,2.3016976163917295,-0.1735285756248639,14.159700393676758
3591,2.302375858962917,-0.039579687575148625,14.777999877929688
3592,2.2983760526639805,-0.1619318234581439,13.592000007629395
3593,2.302249871836043,-0.1532107000865397,17.15250015258789
3594,2.3012059418175235,-0.3296647235668999,21.695100784301758
3595,2.300724875757724,-0.1477655490424341,12.012900352478027
3596,2.3017152488681107,-0.23757717072834783,11.246500015258789
3597,2.297604669825212,-0.20877820105618916,27.585100173950195
3598,2.301243024951902,-0.09349390764494503,16.889999389648438
3599,2.3022930509003534,-0.19469551301355414,12.20580005645752
3600,2.3016738130291876,-0.2999180254996604,12.888699531555176
3601,2.3025313157145972,-0.10195774057756724,19.564599990844727
3602,2.3020365874595226,-0.06475259687426393,11.496399879455566
3603,2.300847218985406,-0.18356010426013825,27.32159996032715
3604,2.2989728921884076,-0.16445212586072777,15.353799819946289
3605,2.3002169744557706,-0.19236978144536632,12.314900398254395
3606,2.3021254219247345,-0.33390053956645094,14.20359992980957
3607,2.301827524626458,-0.21137621330792378,12.692000389099121
3608,2.302068690613042,-0.2664261262315817,18.110300064086914
3609,2.3008278883891244,-0.1276647468348312,11.966400146484375
