id,perturbation_spread,flip_rate,text_length,n_valid,mean_cosine,mean_jaccard_dist
A01000,0.3577896849490914,1.0,933,5,0.9312969446182251,0.7556793221739536
A01001,0.0578619016191281,0.0,646,5,0.9789928078651429,0.6544267691497448
A01002,0.4826870756371207,0.4,744,5,0.9593244910240173,0.7321798412534624
A01003,0.3595500990039398,1.0,650,5,0.9519431233406067,0.6685182232508964
A01004,0.3818192806963596,1.0,819,5,0.8839650511741638,0.7801578546120926
A01005,0.32047194847409105,0.2,906,5,0.8635060310363769,0.7915260999366959
A01006,0.0085922106236567,0.0,989,5,0.954245388507843,0.7374244149296508
A01007,0.01184848907613111,0.0,990,5,0.9668833255767822,0.6585579921618491
A01008,0.04028619674358138,0.0,543,5,0.9742925286293029,0.5705847775412993
A01009,0.29130143637851835,1.0,848,5,0.9661606311798095,0.6538264221090216
A01010,0.08514994318828478,0.0,993,5,0.9539233922958374,0.7270870375556248
A01011,0.01014927137028649,0.0,1334,3,0.8995291590690613,0.7928399723773808
A01012,0.0035760238391752026,0.0,1321,5,0.8341452717781067,0.7267099961661712
A01013,0.009167892668090212,0.0,2110,4,0.9584895074367523,0.6959077025185842
A01014,0.4341527513152837,0.4,1068,5,0.9468080878257752,0.7680073494839834
A01015,0.003270446821450007,0.0,1383,5,0.9313878417015076,0.7607201885337853
A01016,0.37073657099492174,1.0,2506,5,0.9545835018157959,0.7704124911098683
A01017,0.005792493821850593,0.0,1163,5,0.9582012295722961,0.7575666550300528
A01018,0.33883271451264285,0.4,2181,5,0.9430695056915284,0.7826235958326097
A01019,0.00037279948986606546,0.0,1543,5,0.9609563469886779,0.6542316367548129
A01020,0.004041242594575986,0.0,1046,5,0.9685564398765564,0.6449196791239424
A01021,0.41632959672670605,0.6,1038,5,0.9318095803260803,0.7459387488482527
A01022,0.36657193140538447,0.8,2671,5,0.9537397146224975,0.7568393094491728
A01023,0.26233245645493675,0.2,1220,5,0.9326745510101319,0.7280770262990807
A01024,0.38922274297680126,0.2,2702,5,0.9662196040153503,0.6114804920361643
A01025,0.3584956454716717,1.0,2992,5,0.9398184895515442,0.6710578446436826
A01026,0.4112757637140886,0.8,1953,5,0.9454608798027039,0.6442597783327335
A01027,0.37633813433632024,0.4,2430,5,0.9588108420372009,0.6492950576509913
A01028,0.00976665699944037,0.0,2223,4,0.9622747302055359,0.5203288253100283
A01029,0.4854532988082317,0.6,2254,5,0.9491096377372742,0.7634058843205637
A01030,0.3663640644349824,0.6,1769,5,0.9336553931236267,0.6402124265919269
A01031,0.02114344629505082,0.0,1751,5,0.8814541459083557,0.7615356029950883
A01032,0.38892981900616885,0.6,2469,5,0.9483591914176941,0.7094612005424781
A01033,0.03310937245987992,0.0,959,4,0.8255567103624344,0.7359151158022083
A01034,0.09515841117127566,0.0,1222,5,0.9034232378005982,0.7627668828755786
A01035,0.31610504034270664,1.0,1424,5,0.8773828983306885,0.7470789161098927
A01036,0.2891783407446883,0.4,1092,5,0.9284418940544128,0.7562417555293002
A01037,0.3289141876629822,1.0,1423,5,0.8795877456665039,0.7267105321917567
A01038,0.07951699661743276,0.0,1317,5,0.9126055836677551,0.782822233859789
A01039,0.11705082119521007,0.0,1103,5,0.8557043194770813,0.7541774912052607
A01040,0.1202536563692558,0.0,1004,5,0.8368345737457276,0.7345523879482468
A01041,0.038427710166325214,0.0,1478,5,0.8924777150154114,0.7099703702439929
A01042,nan,nan,964,0,nan,nan
A01043,0.004390162982964612,0.0,1549,4,0.873458668589592,0.7260922354791807
A01044,0.046843911911787335,0.0,1255,4,0.9859326481819153,0.43157210940135116
A01045,0.34402174030214944,0.6,1991,5,0.9893272161483765,0.3349539807007023
A01046,0.0012151613929697051,0.0,2063,5,0.971814239025116,0.4053216932080869
A01047,0.0024796173984046868,0.0,1717,4,0.9785511046648026,0.33128712871287125
A01048,0.03323864115277475,0.0,1861,5,0.9701850771903991,0.4259648934385913
A01049,0.003544728642999194,0.0,1055,5,0.9718196034431458,0.49155264976890684
A01050,0.023048234679747374,0.0,1988,4,0.9563370943069458,0.3672411276155925
A01051,0.053821910644794406,0.0,1516,5,0.962705111503601,0.42654161133840873
A01052,0.04726482461926892,0.0,2006,1,0.9850019216537476,0.3266331658291457
A01053,0.059376130348715986,0.0,1174,5,0.988037645816803,0.39281206527416873
A01054,0.0009678329854580758,0.0,1058,5,0.976491367816925,0.45783924001535603
A01055,0.1333090437090836,0.0,1188,4,0.8575606346130371,0.8141562477703151
A01056,0.04857881704306665,0.0,641,5,0.9064200401306153,0.7605023349520781
A01057,0.3786672746655301,1.0,520,5,0.8264604210853577,0.7525033504078277
A01058,nan,nan,245,0,nan,nan
A01059,0.36505872602661443,0.6,846,5,0.9632688641548157,0.6842768592973746
A01060,0.32375164206197804,1.0,994,5,0.9266502380371093,0.7264677477742805
A01061,0.37129507310158283,0.3333333333333333,622,3,0.8336053490638733,0.8091696154753479
A01062,0.4386674208017829,0.6,703,5,0.9207182884216308,0.740143766772935
A01063,0.10295434641692532,0.0,1700,5,0.890896987915039,0.6800426140069968
A01064,0.00477238338394176,0.0,1959,5,0.9799615502357483,0.5552074416032508
A01065,0.41660265079102027,0.6,1042,5,0.90352942943573,0.6977808199867281
A01066,0.3478663850004122,0.4,2619,5,0.9779628157615662,0.6477386485790463
A01067,0.31066850375596905,0.2,2154,5,0.9659564137458801,0.6991048769083192
A01068,0.3798905916237252,1.0,2687,5,0.9660862207412719,0.716695070893425
A01069,0.0055790325458502515,0.0,2131,5,0.9715613842010498,0.6635775834051696
A01070,0.38941764283015473,1.0,2512,5,0.9394067406654358,0.6871725444783662
A01071,0.1005125650288592,0.0,2355,5,0.972767174243927,0.6234807175375117
A01072,0.2649073131177747,0.2,2642,5,0.9679754495620727,0.6495274472760858
A01073,0.44500594022194284,0.4,2047,5,0.9426233530044555,0.7342308694400312
A01074,0.10120455868685115,0.0,2313,5,0.9768429875373841,0.7311401960495477
A01075,0.005687888046836259,0.0,1795,5,0.9052625179290772,0.7155301875619935
A01076,0.3880049795619026,0.4,2197,5,0.9480757117271423,0.7607851959644554
A01077,0.001956132153763222,0.0,2370,5,0.8683856368064881,0.4872701284461153
A01078,0.39465365353029974,1.0,1947,5,0.9525737404823303,0.5692218060304549
A01079,0.053772002413354655,0.0,2528,5,0.9479958891868592,0.5681769834318552
A01080,0.42682817798735656,0.6,2666,5,0.9251718997955323,0.6588341558002692
A01081,0.09421705702877577,0.0,2386,5,0.9668557286262512,0.6608977184789083
A01082,0.3971275568202642,0.8,2846,5,0.9838233470916748,0.5986208395413958
A01083,0.007913702897464804,0.0,1997,5,0.9545863270759583,0.6787621563693281
A01084,0.0038332713290148215,0.0,2654,5,0.9704415321350097,0.5798705185623023
A01085,0.1526864103387634,0.0,2951,4,0.8339841514825821,0.5508707910042938
A01086,0.42470993370765386,0.6,2587,5,0.9386995196342468,0.6195438627574675
A01087,2.7870350499208734e-05,0.0,2413,5,0.972484576702118,0.473146854855516
A01088,0.32359380571759483,1.0,1342,5,0.9616915106773376,0.6149382589360763
A01089,0.014746581343291208,0.0,1111,5,0.9671886086463928,0.6233140928127272
A01090,0.00021013087387441098,0.0,830,5,0.9487526178359985,0.6308796467805429
A01091,0.022264204509805176,0.0,1103,5,0.9539357781410217,0.7236962458837384
A01092,0.01447965918783216,0.0,728,5,0.9529844760894776,0.637944203944204
A01093,0.38260338997025717,0.8,1204,5,0.948881721496582,0.6622578129941368
A01094,0.014361190246682158,0.0,1064,5,0.981124997138977,0.572804979983861
A01095,0.03913535402026985,0.0,863,5,0.9335682153701782,0.6439401259906812
A01096,0.008616923097540616,0.0,557,5,0.9739815354347229,0.5723913149133678
A01097,0.010140432838768254,0.0,1042,5,0.9396923184394836,0.7208491559527118
A01098,0.34928455179334167,1.0,647,5,0.9078922152519227,0.762560379749315
A01099,0.3788529768442983,1.0,2443,5,0.9176794528961182,0.6826500979496133
A01100,0.357154900825629,1.0,1341,5,0.9680001854896545,0.6824606416899164
A01101,0.36980385943908983,0.4,1159,5,0.8910302877426147,0.7368241229973622
A01102,0.00026386104081682437,0.0,478,5,0.9112744688987732,0.7663401815575729
A01103,0.0017833009060593626,0.0,740,5,0.9413462519645691,0.7578280974254202
A01104,0.0141063363902786,0.0,2217,5,0.9000399112701416,0.712872369399461
A01105,0.2831959358224557,1.0,2504,5,0.9117215514183045,0.6432152826026011
A01106,0.019815033966595764,0.0,1173,5,0.9622712969779968,0.6467593474643752
A01107,0.006112707200499811,0.0,1578,5,0.8963756561279297,0.6752203464053677
A01108,nan,nan,740,0,nan,nan
A01109,0.049524137356135645,0.0,504,5,0.880696713924408,0.8053574565802624
A01110,0.3172811541048017,1.0,1442,5,0.9518001079559326,0.684017476369126
A01111,0.011766505694662107,0.0,1356,5,0.9613848209381104,0.6156889640340063
A01112,0.09814579426556849,0.0,2095,5,0.9249588251113892,0.6615990180767849
A01113,0.43500788520163236,0.5,1491,4,0.8966394364833832,0.7414958112874779
A01114,0.3564141757145201,0.2,2215,5,0.9132656335830689,0.5948836440575678
A01115,0.3447978580607788,0.4,803,5,0.8590632915496826,0.6239729461375523
A01116,0.011096793129159602,0.0,2271,5,0.9329004526138306,0.7417116335121389
A01117,0.36426770230466443,0.2,1138,5,0.9262415170669556,0.7284618689581095
A01118,0.02753081907910921,0.0,1956,5,0.9300450086593628,0.6271163413577513
A01119,0.4145353426123609,0.8,2338,5,0.9352875828742981,0.6464447648252805
A01120,0.12328308513794319,0.0,2236,5,0.9593354344367981,0.644489588403804
A01121,0.1601232188025554,0.0,794,4,0.8263039141893387,0.6612288190804853
A01122,nan,nan,1255,0,nan,nan
A01123,0.0005689097436062274,0.0,1388,5,0.8712629795074462,0.6934882200052053
A01124,0.5017289504128504,0.4,1178,5,0.8982068300247192,0.8218896143568394
A01125,0.025924089311978208,0.0,1874,5,0.8862104892730713,0.7616506586151363
A01126,nan,nan,1609,0,nan,nan
A01127,0.0937032890783171,0.0,1027,5,0.9013409972190857,0.7244306389891436
A01128,0.3397582662352352,0.4,1991,5,0.868675708770752,0.6965368562940337
A01129,0.006452672827071706,0.0,1054,5,0.9092575311660767,0.7263142888958297
A01130,0.01192004331487227,0.0,975,4,0.8503846973180771,0.7314401799481645
A01131,0.07590343914933334,0.0,917,5,0.9471924781799317,0.7634798664445513
A01132,0.0010266550828768677,0.0,1405,1,0.9781725406646729,0.35025380710659904
A01133,0.003357001491396039,0.0,908,5,0.9876825690269471,0.40894453230314803
A01134,0.0010739360746623366,0.0,660,5,0.9512011289596558,0.33621127862806033
A01135,0.044074749415768104,0.0,907,5,0.9557438611984252,0.4239419842461559
A01136,0.4888056582182815,0.8,1137,5,0.9434684038162231,0.4604910274222182
A01137,0.02140210194077619,0.0,1303,4,0.9656190574169159,0.4022437738440002
A01138,0.008694498501384297,0.0,1080,4,0.9602109640836716,0.36757437098833295
A01139,0.332950975171262,1.0,1120,2,0.9389705061912537,0.3180687328694919
A01140,0.0003846138999207266,0.0,978,5,0.9651337146759034,0.5410487961814431
A01141,0.004811028233827399,0.0,843,5,0.9820906162261963,0.4186095547525113
A01142,0.5010906308757588,0.8,1411,5,0.8971112608909607,0.3893647237096213
A01143,0.4234835122326841,0.8,958,5,0.8889524221420289,0.7381786098977062
A01144,0.00497838005520856,0.0,1540,5,0.8887941360473632,0.7056708936746089
A01145,0.3517063563525207,1.0,1261,5,0.8834668159484863,0.7930397302948833
A01146,0.021029952554529878,0.0,2511,5,0.892918860912323,0.6665029994380188
A01147,0.04994608876337044,0.0,1662,4,0.8464922606945038,0.7766233888536919
A01148,0.0006966344647547122,0.0,981,4,0.8426992148160934,0.769461551624906
A01149,0.2465543208749312,0.2,1030,5,0.8861319541931152,0.7624062747682614
A01150,0.010399925114417284,0.0,543,5,0.8761802792549134,0.7554052624817842
A01151,0.10648044387785527,0.0,749,5,0.8750072360038758,0.7760839950079569
A01152,0.5047295852801739,0.6,1349,5,0.9319173336029053,0.7191603055703666
A01153,0.13487639250469258,0.0,2186,3,0.8380107879638672,0.7095081021524372
A01154,0.0385365248269263,0.0,536,5,0.8868039965629577,0.8069540122637466
A01155,0.1020425073209424,0.0,2389,5,0.887226152420044,0.7264544911835263
A01156,0.35363115506169923,0.6,1156,5,0.9324255585670471,0.8016904564608225
A01157,0.3862016442244614,1.0,2420,5,0.8921262979507446,0.7480693600717527
A01158,0.34083275948259684,0.2,2261,5,0.8782065749168396,0.7124303099710799
A01159,0.10236817893313276,0.0,294,5,0.8807496786117553,0.7538912608068502
A01160,0.4072983932012438,0.4,1691,5,0.9139483094215393,0.7883171194527653
A01161,nan,nan,1270,0,nan,nan
A01162,0.3887987578795012,1.0,663,5,0.9481218695640564,0.6720096733191185
A01163,0.25436863138341675,1.0,1439,5,0.9491912961006165,0.7162493156761341
A01164,0.3695408549317074,1.0,2069,5,0.9577306628227233,0.6687443752762581
A01165,0.006219382720008654,0.0,1136,5,0.9871496319770813,0.39413856009934245
A01166,0.3135565544448111,0.2,2188,5,0.9711798429489136,0.5599673169484939
A01167,0.3545042867369714,1.0,460,5,0.9441617846488952,0.48237045860631333
A01168,0.002055128698203553,0.0,1523,5,0.967818558216095,0.5982579431975185
A01169,0.40152172816940834,0.8,1633,5,0.9792010307312011,0.4499488046365611
A01170,0.0017485519288217403,0.0,1011,5,0.9669148802757264,0.55543379778085
A01171,0.04215342368573949,0.0,624,5,0.9405551671981811,0.5212592880068071
A01172,0.02191138221919241,0.0,1150,5,0.9537147402763366,0.5093980232723059
A01173,0.4312845643431972,0.6,1711,5,0.9330087661743164,0.7553648459839378
A01174,0.4345487722793035,0.8,2822,5,0.9606923222541809,0.6130965683483504
A01175,0.434515177955223,0.6,2314,5,0.9721583604812623,0.6023853144583337
A01176,0.06373143042885798,0.0,774,5,0.9397847652435303,0.6866672953761552
A01177,4.2827169969496255e-06,0.0,872,5,0.9445364594459533,0.677092758591255
A01178,0.3316864781371782,0.2,1308,5,0.9664563775062561,0.5578966541290067
A01179,0.007169103914355446,0.0,1658,5,0.9763542175292969,0.6588000492887209
A01180,0.37239155232547266,1.0,2400,5,0.9838455796241761,0.6180822859031083
A01181,0.1352456724988517,0.0,920,5,0.9417127251625061,0.8170290863756193
A01182,6.65478176592124e-05,0.0,970,5,0.9613916635513305,0.6308178585185694
A01183,0.3577265281459797,1.0,617,5,0.9750481128692627,0.7070676180652151
A01184,0.4145512597956335,0.6,851,5,0.9608285427093506,0.6336508200860429
A01185,0.008161122154309072,0.0,755,5,0.9528424382209778,0.7178498138617779
A01186,0.057072576838550756,0.0,195,5,0.9146554112434387,0.6003276003276004
A01187,0.046481273728252906,0.0,1707,4,0.8920025825500488,0.7704141998723766
A01188,0.00402547589078456,0.0,708,5,0.8894947171211243,0.8260753622950847
A01189,0.009051001377692498,0.0,1412,5,0.9157431244850158,0.7486472199158324
A01190,0.010057154021596643,0.0,1350,5,0.9544349074363708,0.6822130055261721
A01191,0.2646082077672777,0.2,1664,5,0.9034602642059326,0.7517382373643742
A01192,0.38502880131088135,0.8,501,5,0.8283216238021851,0.8116741361178645
A01193,0.012159471211167706,0.0,822,5,0.9157473921775818,0.7301186823685033
A01194,0.00048795773766844376,0.0,573,5,0.8590938806533813,0.7844253523152604
A01195,0.3960889204809127,0.8,1899,5,0.9190481185913086,0.7338921720045674
A01196,0.3229666830830515,1.0,1516,5,0.9447304606437683,0.7059484799692569
A01197,0.3946425971241262,0.8,763,5,0.8457633137702942,0.7939865730247726
A01198,0.007360021882463068,0.0,2405,5,0.9329264402389527,0.6584789125896987
A01199,0.13527701210548332,0.0,2279,5,0.9529310822486877,0.4582904993502341
A01200,0.5061926087049261,0.8,1726,5,0.9728788495063782,0.6861956601671764
A01201,0.13629401378861306,0.0,1639,5,0.9009511828422546,0.7640057171283088
A01202,0.15024120694585671,0.0,2422,5,0.9490163207054139,0.6778826988618754
A01203,0.015262262934468078,0.0,1133,5,0.9211284041404724,0.7444225909671193
A01204,0.1262771805248679,0.0,2602,5,0.9502076387405396,0.5968466674304765
A01205,0.13622701380651217,0.0,2262,5,0.9375905871391297,0.6463838277320022
A01206,0.49377275171421536,0.4,1584,5,0.948627233505249,0.6438432081235747
A01207,0.07124577705836023,0.0,1266,5,0.9182801723480225,0.7579078779649455
A01208,0.4155969006552516,0.6,1861,5,0.9103147745132446,0.6735773684398048
A01209,0.004390969582058737,0.0,487,2,0.8288615643978119,0.7521681749622926
A01210,nan,nan,409,0,nan,nan
A01211,nan,nan,444,0,nan,nan
A01212,0.3672173069916632,0.8,966,5,0.8526576161384583,0.7566264100992746
A01213,0.010253246103493466,0.0,607,4,0.8460328131914139,0.8128974863718958
A01214,0.064098064545418,0.0,907,4,0.822240948677063,0.715942865874581
A01215,nan,nan,466,0,nan,nan
A01216,0.027354451480690566,0.0,545,5,0.8656221151351928,0.7160855959885868
A01217,0.003458495068990629,0.0,1346,5,0.9150969624519348,0.79199553225361
A01218,nan,nan,590,0,nan,nan
A01219,0.006532702670997851,0.0,1049,5,0.8230380058288574,0.7552437973219485
A01220,0.00729284422533577,0.0,1749,5,0.963131594657898,0.42015027344118794
A01221,0.4070776549591061,0.5,2032,4,0.9528400748968124,0.36888248970134085
A01222,0.04571270336066243,0.0,1741,5,0.9763846039772034,0.4309714913837217
A01223,0.0024413228039387377,0.0,771,5,0.9729517102241516,0.38650712092494544
A01224,0.0028953865798865518,0.0,1248,5,0.982457947731018,0.37354864756884354
A01225,0.026951717031974035,0.0,662,5,0.9543861985206604,0.44763257399080836
A01226,0.0011440049505688922,0.0,1288,5,0.9820777654647828,0.4191276136786831
A01227,0.0010843380475351505,0.0,925,5,0.9868465304374695,0.40204846312909026
A01228,0.013067994301703342,0.0,1699,5,0.9748604893684387,0.43867464789296423
A01229,0.006538488351627622,0.0,990,5,0.9196351051330567,0.4081095944238876
A01230,0.06826245828438322,0.0,1113,5,0.9400551199913025,0.4469998355446162
A01231,0.0172919552668128,0.0,1286,5,0.917252516746521,0.6727907160030797
A01232,nan,nan,1264,0,nan,nan
A01233,0.0012250142210776863,0.0,429,5,0.8450414896011352,0.7598127381080338
A01234,0.32359251435447767,0.2,687,5,0.9160930633544921,0.8144777065215244
A01235,0.019829208725179636,0.0,918,1,0.8219335079193115,0.7627118644067796
A01236,0.004652849153713749,0.0,443,5,0.8806181788444519,0.7868890279734517
A01237,0.3832913425419607,1.0,501,5,0.9303839921951294,0.7113083515415678
A01238,nan,nan,373,0,nan,nan
A01239,0.687307470649564,1.0,604,1,0.804661750793457,0.8055555555555556
A01240,0.06381351870379594,0.0,259,5,0.9393361449241638,0.6369957496067796
A01241,0.06159142996130256,0.0,873,5,0.8477666497230529,0.8022797222942414
A01242,0.026567801056040154,0.0,744,5,0.9463092803955078,0.8061364818073491
A01243,0.011302495488576125,0.0,1077,5,0.924770963191986,0.7446376709673959
A01244,0.08776383176110956,0.0,469,5,0.8990029215812683,0.8022620837808809
A01245,0.37136281847328984,1.0,498,5,0.8937669634819031,0.725
A01246,0.01009703145263151,0.0,964,5,0.9421573877334595,0.7061782493738681
A01247,0.027753328577086876,0.0,620,5,0.8830427527427673,0.7489866077715894
A01248,0.4803542936748587,0.8,740,5,0.9480639815330505,0.7847293034950862
A01249,0.3495235522688528,0.2,1122,5,0.9284415364265441,0.7941826299211698
A01250,0.31067600647645865,0.2,1529,5,0.8802514553070069,0.7299629032711696
A01251,0.38958847878642855,1.0,1237,5,0.9214418411254883,0.7731732125768292
A01252,0.43853481224826557,0.4,2537,5,0.8935014367103576,0.7396838767264665
A01253,0.47840154305809063,0.4,1126,5,0.9552226662635803,0.4822443313540858
A01254,0.0002114961863811408,0.0,2545,5,0.9474778532981872,0.6457846925463157
A01255,0.003944126788142716,0.0,1404,5,0.9587397813796997,0.4981355180542467
A01256,0.3453763642186416,0.4,1131,5,0.9221328973770142,0.6338635674324806
A01257,0.0083493037887249,0.0,1699,5,0.9519010424613953,0.5817663855239971
A01258,0.48671029054912096,0.4,1691,5,0.9497953414916992,0.4325366867559228
A01259,0.012942617893628744,0.0,2519,5,0.978358018398285,0.550007257676095
A01260,0.046637995448503,0.0,1694,5,0.9680101275444031,0.6257406059763971
A01261,0.10594503224754614,0.0,1852,5,0.9573986053466796,0.5125265363165378
A01262,0.24238600948146927,1.0,1445,5,0.9847488164901733,0.47115965557376693
A01263,0.043614332935908384,0.0,716,5,0.9662540793418884,0.6544504194982116
A01264,8.589778215594965e-05,0.0,2651,5,0.9579208254814148,0.6932339514855139
A01265,0.00518000860128799,0.0,1582,5,0.9287047505378723,0.6382628369073382
A01266,0.0844494874579901,0.0,1330,5,0.9339495062828064,0.570977696389727
A01267,0.3979153381786534,1.0,2394,5,0.9279722094535827,0.612323867263955
A01268,0.4108753897653425,0.8,592,5,0.8908186316490173,0.7164488662002225
A01269,0.3806232247925769,1.0,425,5,0.8981480002403259,0.7061666322305634
A01270,0.012367861049638338,0.0,2300,5,0.9338911175727844,0.7149202594123076
A01271,0.0005859258833380028,0.0,2220,5,0.9641263961791993,0.5957124135441176
A01272,0.36525524380191504,1.0,560,5,0.9152119040489197,0.7121036731527463
A01273,0.000359697509370593,0.0,1657,5,0.9548527956008911,0.5773627060385906
A01274,0.40120527454439714,1.0,665,5,0.9250679731369018,0.6647302210899051
A01275,6.222576766170777e-05,0.0,2295,1,0.8304568529129028,0.7277227722772277
A01276,0.003139373606281153,0.0,1447,5,0.9110303401947022,0.7420684434636449
A01277,0.09184607772611877,0.0,2266,4,0.8386581093072891,0.7337188633506374
A01278,0.39346871015016777,0.2,2148,5,0.8876209616661072,0.7012031778484527
A01279,0.0005477013624567769,0.0,2520,5,0.9222194790840149,0.710590171184904
A01280,0.0005449120291463378,0.0,2236,5,0.8798815608024597,0.7177752401121087
A01281,0.6831750603980349,1.0,1982,1,0.823193371295929,0.7358490566037736
A01282,0.4842470148075796,0.4,2344,5,0.945176875591278,0.7100863706036084
A01283,0.003244333326011972,0.0,2077,5,0.9285722255706788,0.6673973079740163
A01284,nan,nan,511,0,nan,nan
A01285,0.49551488014601186,0.8,2275,5,0.9106932759284974,0.700445506027973
A01286,0.006803260087682552,0.0,2185,5,0.9389167666435242,0.6525169900767628
A01287,0.3783207152203055,0.2,2465,5,0.8864465236663819,0.7187032012228928
A01288,0.4044662392424513,1.0,245,5,0.915799593925476,0.6066402486402487
A01289,nan,nan,1734,0,nan,nan
A01290,0.01094845137718094,0.0,1415,5,0.909270191192627,0.7068504539427846
A01291,0.39216829295002614,0.2,1668,5,0.9388621091842652,0.5797005806643463
A01292,nan,nan,1726,0,nan,nan
A01293,0.00390382894474174,0.0,2322,5,0.9216899037361145,0.6911919534835067
A01294,0.14647435728367258,0.0,929,5,0.8527571678161621,0.7859238213739828
A01295,0.2612125550596621,0.2,1886,5,0.9625098466873169,0.4965199809548427
A01296,0.34472949646680334,0.2,1018,5,0.9453317761421204,0.6413390162479347
A01297,0.0017626958792595407,0.0,1955,5,0.923425018787384,0.671821670715719
A01298,nan,nan,802,0,nan,nan
A01299,nan,nan,530,0,nan,nan
A01300,0.0005861195511617904,0.0,2291,5,0.8536506295204163,0.7496334490438793
A01301,0.019280634297051243,0.0,1295,1,0.8418015837669373,0.7714285714285715
A01302,nan,nan,982,0,nan,nan
A01303,0.09943040930265643,0.0,2159,5,0.8862864136695862,0.6970784253445335
A01304,0.0013673043098941624,0.0,1438,4,0.8354364484548569,0.7884685480240726
A01305,0.0019437266423282544,0.0,1943,5,0.9103792905807495,0.6635541003093841
A01306,nan,nan,330,0,nan,nan
A01307,0.01804236966774873,0.0,1044,2,0.8883978128433228,0.8076811594202898
A01308,0.2744538598803857,0.2,1306,5,0.9294277429580688,0.6487396255487783
A01309,0.35023413423842814,0.6,1538,5,0.8754587292671203,0.4691233579549639
A01310,0.012125063488770836,0.0,1528,5,0.9066884875297546,0.5173849365053576
A01311,0.0083945392831516,0.0,1376,1,0.8488912582397461,0.368421052631579
A01312,0.004546848660474836,0.0,430,5,0.9781110048294067,0.49411468033556927
A01313,0.394804909512888,0.2,551,5,0.9523519515991211,0.6338477743798845
A01314,0.3264341582769181,1.0,601,5,0.8888460874557496,0.49417297514570907
A01315,0.34488423163688847,0.2,1423,5,0.9605709671974182,0.6265648054964443
A01316,0.28032187120522795,0.4,1924,5,0.91478111743927,0.6392773872914187
A01317,0.13291647340371437,0.0,2098,5,0.9719987034797668,0.4958626997809941
A01318,0.07212153655105984,0.0,1531,3,0.8245845039685568,0.5573412698412699
A01319,nan,nan,2155,0,nan,nan
A01320,0.0018998706948008413,0.0,1769,1,0.8301743865013123,0.7988338192419825
A01321,0.1411618594033385,0.0,2107,5,0.9089214563369751,0.7143814911507136
A01322,0.03809193827541876,0.0,280,5,0.8902547836303711,0.7421392549083455
A01323,0.009439441407586863,0.0,1933,4,0.8090309351682663,0.8451032929193402
A01324,0.48689471180176114,0.8,2167,5,0.8979665040969849,0.7259628764940731
A01325,nan,nan,1583,0,nan,nan
A01326,nan,nan,2330,0,nan,nan
A01327,nan,nan,1556,0,nan,nan
A01328,0.06657313039088607,0.0,510,5,0.9637705683708191,0.7353992318638441
A01329,0.047960411399419686,0.0,1992,5,0.9452402234077454,0.6296767776866135
A01330,0.0005316041675571823,0.0,1961,5,0.8997223734855652,0.47297570850202436
A01331,0.015788426446632333,0.0,2383,5,0.8929050087928772,0.7559869573837059
A01332,nan,nan,1812,0,nan,nan
A01333,nan,nan,1864,0,nan,nan
A01334,0.13491211338452233,0.0,2204,3,0.8181384603182474,0.784356387334541
A01335,0.0022254038020958506,0.0,2103,4,0.8494737148284912,0.6013176942516707
A01336,0.00012241503066842024,0.0,1756,4,0.8630405366420746,0.6598420888055035
A01337,nan,nan,2227,0,nan,nan
A01338,4.5078050124670234e-05,0.0,2138,5,0.902873980998993,0.5144183827953936
A01339,0.006162158361079839,0.0,1085,5,0.8934709310531617,0.6531756494484965
A01340,0.0034427402122155113,0.0,2322,5,0.8325540900230408,0.707681721858021
A01341,0.09604258814281233,0.0,2145,5,0.9251487851142883,0.6877769111391757
A01342,0.33706210539124104,0.2,2098,5,0.9258148193359375,0.583751287008717
A01343,0.012437152003693133,0.0,2348,5,0.915617048740387,0.5819067161112303
A01344,0.40961416319480554,0.6,2073,5,0.9427110195159912,0.5660493144626272
A01345,0.35903511302519486,1.0,2103,5,0.9516804695129395,0.5958938529432037
A01346,0.3171333704333561,1.0,2408,5,0.8418438196182251,0.49741241565688527
A01347,0.05417525941340844,0.0,1545,5,0.9257988691329956,0.6324441027808441
A01348,0.3357452989233797,0.6,2309,5,0.9713079690933227,0.5324477679758448
A01349,0.12181804507926694,0.0,2444,5,0.940532112121582,0.6326201988375966
A01350,0.567353865911878,1.0,2426,2,0.855549693107605,0.7230186138441823
A01351,0.254474963788164,0.2,1358,5,0.9434109926223755,0.42003759398496243
A01352,0.33725267764988576,1.0,680,5,0.9460984468460083,0.6845097400833575
A01353,0.009292982321887295,0.0,525,5,0.9678053736686707,0.6729811666803537
A01354,0.39711175149709943,1.0,933,5,0.9725396752357482,0.6961207882565084
A01355,0.3962218805635562,1.0,701,5,0.9407740116119385,0.6959555168210405
A01356,0.25604672365456965,0.8,1265,5,0.9157934188842773,0.5448136645962732
A01357,0.40047178356021185,1.0,787,5,0.9584572434425354,0.6925374041163516
A01358,0.03624160730217183,0.0,675,5,0.9726457834243775,0.5639373405624999
A01359,0.21713960448175518,1.0,804,5,0.9156625747680665,0.6201427647352822
A01360,0.023750876108093313,0.0,279,5,0.9524677276611329,0.4902439024390244
A01361,0.019310411293350475,0.0,559,5,0.9672644376754761,0.6798012484865639
A01362,0.03397934946785103,0.0,489,5,0.9710696697235107,0.6239559125085441
A01363,0.0486046361440225,0.0,2093,5,0.8769028544425964,0.5609758552427787
A01364,0.008869819643955562,0.0,689,5,0.851362407207489,0.7144269206824857
A01365,0.35966472625571905,1.0,388,5,0.8905613780021667,0.7522407012352292
A01366,0.022711179279249625,0.0,455,5,0.9306491494178772,0.7425053118063308
A01367,0.3914880611121916,0.2,598,5,0.9033302187919616,0.8238832528725404
A01368,0.37932193440693474,0.2,1623,5,0.8855604529380798,0.668216260396399
A01369,0.0005643284315177965,0.0,314,5,0.9157382845878601,0.7031482389029559
A01370,0.4631877866237571,0.8,512,5,0.8906313657760621,0.7358557015039026
A01371,0.2738200761801926,0.2,695,5,0.9293055534362793,0.7858233562265976
A01372,0.024246234554241287,0.0,412,5,0.9083162903785705,0.7095898449312104
A01373,0.5009554599169946,0.4,711,5,0.966857647895813,0.5463223238647882
A01374,0.070316814125808,0.0,1145,5,0.9519538879394531,0.6837899335277794
A01375,0.3970914952463443,0.2,808,5,0.9452037692070008,0.6179036603980156
A01376,0.0021492430915375157,0.0,2255,5,0.949811601638794,0.6028024764294244
A01377,0.01765941399636677,0.0,874,5,0.9151683330535889,0.753605175897744
A01378,0.0089706547443209,0.0,989,5,0.9386858820915223,0.7098685906780148
A01379,0.07992544802840111,0.0,354,5,0.940420126914978,0.5243349012099012
A01380,0.5271823262067654,0.6,959,5,0.9386367917060852,0.6392850821661312
A01381,0.020127757972813798,0.0,1136,5,0.8734918713569642,0.6701734989238758
A01382,0.4913105988329396,0.6,1001,5,0.9540079593658447,0.6801123974890395
A01383,0.02003705178773677,0.0,684,5,0.9401898384094238,0.7174420153080093
A01384,0.4779353628786338,0.8,743,5,0.9272560358047486,0.6682809087473057
A01385,0.03726219629622966,0.0,906,5,0.882995069026947,0.741421331772404
A01386,0.19259853283595255,0.0,537,5,0.8295180797576904,0.6965947344713788
A01387,0.0017609969079138736,0.0,607,2,0.8193333446979523,0.7486290853257294
A01388,nan,nan,552,0,nan,nan
A01389,nan,nan,343,0,nan,nan
A01390,0.008121619439211095,0.0,372,5,0.8177307367324829,0.7630617489626945
A01391,0.0019533936395220255,0.0,1802,5,0.8281410574913025,0.7384006970588644
A01392,nan,nan,1633,0,nan,nan
A01393,0.23399300937697823,0.0,631,3,0.849238932132721,0.7609633057001478
A01394,0.05784501303222881,0.0,266,1,0.8130211234092712,0.6730769230769231
A01395,nan,nan,254,0,nan,nan
A01396,0.019124592349711908,0.0,1146,5,0.9572909235954284,0.3944407180231072
A01397,0.06087350683270836,0.0,971,3,0.9833072821299235,0.3120116525282553
A01398,0.0033832756405647365,0.0,511,5,0.8989302515983582,0.5148278884074202
A01399,0.0037698944896066653,0.0,880,5,0.9157588481903076,0.3977976406761018
A01400,0.000418197403110454,0.0,595,2,0.8629971146583557,0.44259359739555076
A01401,0.009270033951333205,0.0,680,5,0.9245630264282226,0.4128487596377505
A01402,0.03338046919700035,0.0,790,3,0.9494771560033163,0.31980590139066656
A01403,0.0194619958016619,0.0,1025,5,0.9547258973121643,0.37530274896663635
A01404,0.0246279705086996,0.0,685,5,0.9733577966690063,0.44026849618438496
A01405,0.012417743830533411,0.0,866,5,0.9752278923988342,0.3643170569851909
A01406,0.006561292715450788,0.0,624,5,0.9774193406105042,0.40574337982615727
A01407,nan,nan,648,0,nan,nan
A01408,0.0032154806603343442,0.0,185,5,0.9853929996490478,0.6987141858839973
A01409,0.10127999647221486,0.0,384,2,0.8195645809173584,0.775140056022409
A01410,0.03108450560431089,0.0,511,5,0.8638692498207092,0.7574907142170619
A01411,7.462844507328444e-05,0.0,222,1,0.8235152363777161,0.8070175438596492
A01412,0.3840395216299877,1.0,289,4,0.840302050113678,0.7158610894763366
A01413,0.2666761337111578,0.2,456,5,0.914576256275177,0.6386873620092504
A01414,0.03023180528300133,0.0,1081,5,0.9188140273094177,0.6966797061586432
A01415,0.008629405952636806,0.0,213,5,0.9126021146774292,0.8049430786998846
A01416,0.004962745516228821,0.0,1225,5,0.9686669707298279,0.6988188678830817
A01417,0.36639530976101614,1.0,391,5,0.8610488653182984,0.7446895904936681
A01418,0.31452861933576665,0.8,911,5,0.9161412835121154,0.7343144327770484
A01419,0.026767868290088388,0.0,572,5,0.9398330807685852,0.7975080927676634
A01420,0.007672721073418963,0.0,496,5,0.9592396736145019,0.7684897694134387
A01421,0.3648132560558563,0.8,975,5,0.9503600835800171,0.654659440257799
A01422,0.0342329519699283,0.0,347,5,0.9584088802337647,0.7722638294425355
A01423,0.3378634055517351,0.25,491,4,0.8412012308835983,0.8270802052276782
A01424,0.00619275548335325,0.0,1155,5,0.9144321918487549,0.7049290652500301
A01425,0.1533413412459014,0.0,857,5,0.951960289478302,0.7300246394179858
A01426,0.27226414332303445,0.2,501,5,0.9097556352615357,0.6631519243617143
A01427,0.005116417274943405,0.0,675,5,0.8577689290046692,0.8099386399971069
A01428,0.0011260509040850548,0.0,493,5,0.8827491998672485,0.7271728132853557
A01429,0.016767990279588606,0.0,647,5,0.9089019060134887,0.6542243579863556
A01430,0.0022556807817596964,0.0,1874,5,0.9684301614761353,0.4595067713895292
A01431,0.39587872014073866,0.8,1668,5,0.952107560634613,0.6610529766851274
A01432,0.004273983063062686,0.0,1411,5,0.981721043586731,0.4336663692072372
A01433,0.3692109128501091,0.2,1110,5,0.9083261847496032,0.723705580203257
A01434,0.011027241749832065,0.0,1655,5,0.9519719958305359,0.5925753201864608
A01435,0.32367712997823944,1.0,1579,5,0.9573385119438171,0.7012832733080285
A01436,0.06283624612913062,0.0,1805,5,0.9748924016952515,0.42086396516850827
A01437,0.33416566637783024,0.2,1179,5,0.973954713344574,0.40768253086133877
A01438,0.002343846651908918,0.0,920,5,0.9797816395759582,0.42448958716977864
A01439,0.006855492784803195,0.0,1276,5,0.9855662226676941,0.5529459069063531
A01440,0.00035120192563266344,0.0,786,5,0.9868760228157043,0.6024627619242697
A01441,0.11759318564790977,0.0,872,5,0.9544484376907348,0.7224043551035997
A01442,0.3894481446219487,0.6,853,5,0.9347105741500854,0.8088529367307741
A01443,0.002354651272002802,0.0,812,5,0.9802016615867615,0.6502025995862072
A01444,0.009018420958988378,0.0,946,5,0.9697104215621948,0.7196012484298165
A01445,0.06944675519227123,0.0,1112,5,0.9460337638854981,0.7483403652742939
A01446,0.33745851922954373,0.2,612,5,0.9728268265724183,0.704605845430956
A01447,0.1122472162305664,0.0,717,5,0.9488353490829468,0.727290004613228
A01448,0.02461566124241184,0.0,729,5,0.9630600810050964,0.5947160515732272
A01449,0.001796343450256384,0.0,667,5,0.9694936633110046,0.6888590675506563
A01450,0.045459536717815434,0.0,1093,5,0.9435832142829895,0.7240992773525999
A01451,0.38600192698193764,1.0,1412,5,0.953144633769989,0.7236119605844376
A01452,0.3888701446869539,0.6,1430,5,0.9577223896980286,0.6823178838705155
A01453,0.002526692716426409,0.0,2105,5,0.870107364654541,0.8095556533069932
A01454,0.023176253460760143,0.0,1553,5,0.969200587272644,0.7191421923311093
A01455,0.039137796684589686,0.0,834,5,0.9558056950569153,0.7746349707852198
A01456,0.024437535523290685,0.0,1418,5,0.9758495926856995,0.6896967442403412
A01457,0.012418668019908426,0.0,1502,5,0.9539044380187989,0.6476890342836545
A01458,0.33417386760203094,1.0,1667,5,0.9345727801322937,0.7810411456125268
A01459,0.3864475649607237,0.2,1662,5,0.9554301500320435,0.7744639064639065
A01460,0.41988513283215384,0.6,1294,5,0.8977452993392945,0.8104086376879909
A01461,0.3859430324934536,0.4,1571,5,0.9567871332168579,0.7605941721548412
A01462,0.3792001433393461,1.0,2205,5,0.8591304302215577,0.6439918668078258
A01463,0.17120284326768703,0.0,2040,3,0.8492509524027506,0.8208640786816847
A01464,0.3685541509670697,1.0,2222,5,0.9385006785392761,0.5913485400362729
A01465,0.40633661021931916,0.8,2241,5,0.901558792591095,0.7165520821941834
A01466,0.5341290144437421,0.6,2558,5,0.9646150350570679,0.6388240085122722
A01467,0.0041801416995328015,0.0,2282,5,0.9662605881690979,0.5763104661226791
A01468,0.45390955047895476,0.6,2282,5,0.9598999142646789,0.7006283788915747
A01469,0.032531022897767915,0.0,2252,5,0.9342834949493408,0.6229856686481394
A01470,0.32569437633833354,0.4,2294,5,0.9531208157539368,0.6441567406964537
A01471,0.34674590980712555,0.6,2520,5,0.9341710925102233,0.7465463727633053
A01472,0.41067154294460406,0.6,2363,5,0.9473636269569397,0.6493920695768641
A01473,0.010513590877583108,0.0,1612,2,0.8244406878948212,0.7137154802841865
A01474,0.037839374434931655,0.0,1505,5,0.8562466859817505,0.6856705248317224
A01475,0.004368786629374899,0.0,1508,5,0.9157223701477051,0.6382775275585654
A01476,0.3359041437238985,1.0,1282,5,0.8673887372016906,0.7649810061070182
A01477,0.012711381093351366,0.0,1706,5,0.8875829219818115,0.7454532898898052
A01478,0.00842929561601811,0.0,1390,4,0.8966397643089294,0.691041802394085
A01479,0.188517955182735,1.0,1178,5,0.8936072587966919,0.6640872588814952
A01480,0.19929652550727214,0.6,1165,5,0.8739441275596619,0.7312812057027946
A01481,0.10178414369203774,0.0,1383,5,0.9333729267120361,0.5912182326126014
A01482,0.0003996492172381994,0.0,1799,3,0.8386280139287313,0.6692632177188643
A01483,0.2764987132295012,1.0,1447,4,0.8544937819242477,0.5279806905580101
A01484,0.33653963191270225,1.0,1631,5,0.9845638871192932,0.439693475935215
A01485,nan,nan,2058,0,nan,nan
A01486,0.039272249711513635,0.0,1665,5,0.9732879281044007,0.3584579419479466
A01487,0.03482226428325775,0.0,1772,4,0.9826968163251877,0.33342336676057094
A01488,0.0004529316945344162,0.0,1411,5,0.9583568215370178,0.44230996231744263
A01489,0.0038085015669820535,0.0,1549,5,0.9616719484329224,0.33031934578147115
A01490,0.00017195422885397932,0.0,1307,5,0.9657918095588685,0.4479587767921519
A01491,0.012810104793603967,0.0,1712,2,0.9592854678630829,0.3573505323505323
A01492,0.3283668612505176,1.0,1963,3,0.9847614566485087,0.33108164877081553
A01493,0.08494178016211816,0.0,1871,5,0.9530029296875,0.3966862633223032
A01494,0.06689200472613177,0.0,1995,5,0.9557071328163147,0.4215917738435898
A01495,0.08614015995785483,0.0,1085,5,0.9366157650947571,0.6933166852319477
A01496,0.015982898881701672,0.0,1171,5,0.9189622402191162,0.6788371761115286
A01497,0.008426872812755195,0.0,1486,5,0.921440315246582,0.5662480357640132
A01498,0.06469461151886131,0.0,1123,5,0.9147005081176758,0.7870499762044284
A01499,0.009049747539011768,0.0,1762,5,0.9239062309265137,0.6834137346283689
A01500,0.5166556327427625,0.6,913,5,0.880563497543335,0.7229454244372421
A01501,0.08301717770392197,0.0,1114,5,0.9260820150375366,0.6479667156961225
A01502,0.001965594748075206,0.0,1792,5,0.89577796459198,0.7376098873633656
A01503,0.06457325425748867,0.0,1425,5,0.9009716391563416,0.761591561606827
A01504,0.1129081515646045,0.0,1558,5,0.9420616745948791,0.66631380411451
A01505,0.00029160416446803126,0.0,1384,5,0.8821666598320007,0.7339613274223222
A01506,0.006751796190919898,0.0,1429,5,0.9534812927246094,0.7722564847376231
A01507,0.10829249751898459,0.0,1991,5,0.9357402205467225,0.7668373858817803
A01508,0.010324469409631339,0.0,2023,5,0.9754835486412048,0.6908454971710745
A01509,0.1047443430491691,0.0,2087,5,0.9671457052230835,0.7029732938777323
A01510,0.018825977272202858,0.0,1785,5,0.95390465259552,0.748617078307577
A01511,0.3534090899392954,1.0,2036,5,0.9160882830619812,0.8151704663115649
A01512,0.017482552583528172,0.0,2138,5,0.9475404381752014,0.751503840555001
A01513,0.4953024055747824,0.6,1945,5,0.9498024582862854,0.7851290230309795
A01514,0.255009200216358,1.0,1917,5,0.9481247544288636,0.702475264876937
A01515,0.37193204411115083,0.4,1457,5,0.967194926738739,0.672622307747791
A01516,0.3684996015565655,0.6,1988,5,0.9339680194854736,0.6489222313571212
A01517,0.38988291828107885,0.8,2479,5,0.9646660447120666,0.4511142335655999
A01518,0.45627826616398476,0.8,2458,5,0.9620795965194702,0.7178931264994722
A01519,0.010252688505605559,0.0,2510,5,0.9499474406242371,0.5165617821435654
A01520,0.35337447834891045,0.4,2172,5,0.9684165477752685,0.5883291608548953
A01521,0.4741545414981067,0.6,2300,5,0.9516131162643433,0.6314001612008735
A01522,0.38183073714708937,1.0,2926,5,0.9594437599182128,0.6656033798500951
A01523,0.005422788090926329,0.0,2492,5,0.949235463142395,0.5979799447560341
A01524,0.05784844815762187,0.0,2270,5,0.935269045829773,0.6128403751348915
A01525,0.010818604104137134,0.0,2680,5,0.9415917038917542,0.6660163562728739
A01526,0.37341029401080605,0.2,2570,5,0.9461078524589539,0.6658196713736441
A01527,0.0028075985393201308,0.0,2406,5,0.9547345519065857,0.6926662296652271
A01528,0.3930032554503698,1.0,1833,5,0.9521831393241882,0.6779290816158596
A01529,0.021094852813406426,0.0,2429,5,0.9448796033859252,0.5723051389313383
A01530,0.07029588986783475,0.0,1400,5,0.9388204216957092,0.6572223066152084
A01531,0.13672738558769265,0.0,2154,5,0.9186559557914734,0.7355070483419789
A01532,0.3946822999157924,1.0,1613,5,0.9433924913406372,0.6582664054010905
A01533,0.3967878054963186,1.0,1919,5,0.930539584159851,0.7206816445109296
A01534,0.3894438330671187,1.0,1665,5,0.9663633823394775,0.6380072060563424
A01535,0.006494045916945712,0.0,1520,5,0.961770522594452,0.6045370362187784
A01536,0.0006062365638012462,0.0,2269,5,0.9711905002593995,0.6405039052316902
A01537,0.30043852294527085,1.0,2149,5,0.9744430899620056,0.5937248584897945
A01538,0.37728270682935344,1.0,964,5,0.9677265644073486,0.6324744033055983
A01539,0.5597209719919705,1.0,1982,2,0.8630113899707794,0.6981792717086834
A01540,0.3906334973327318,0.2,1905,5,0.9373336791992187,0.7306529621232399
A01541,0.039839443539124615,0.0,1894,5,0.9436772465705872,0.680334855686566
A01542,0.0653825002114375,0.0,1781,5,0.9435873031616211,0.769338284733572
A01543,0.5376940623514151,0.6,2194,5,0.9428176522254944,0.7458511660418704
A01544,0.23701352489971372,1.0,1943,5,0.8829233169555664,0.7897017468127816
A01545,0.07365585903388251,0.0,1527,5,0.9159329056739807,0.6393613473611989
A01546,0.3735241426934653,1.0,1325,5,0.9223072767257691,0.7759795786141648
A01547,0.3878069750893383,0.4,1521,5,0.855533242225647,0.6986793985801234
A01548,0.4910928085154615,0.6,1117,5,0.9228567361831665,0.7837734473130171
A01549,0.12312229687685074,0.0,2038,5,0.9135700225830078,0.7375107827761791
A01550,0.0011779127764209043,0.0,2348,5,0.9384572982788086,0.6637241713979065
A01551,0.34898944215620925,1.0,1837,5,0.9106260776519776,0.7449042598483303
A01552,0.0034264055049560197,0.0,1494,5,0.9560863375663757,0.7026034495709064
A01553,0.004176426701668017,0.0,1778,5,0.9619656682014466,0.7533815710783831
A01554,0.026825454637352926,0.0,2166,5,0.9480442762374878,0.7297260255641023
A01555,0.4034260763585554,0.2,1922,5,0.950997281074524,0.7056779985205843
A01556,0.2079577566531284,0.2,1793,5,0.9512309432029724,0.7013512512763305
A01557,0.41349907534159747,0.4,2062,5,0.8665307402610779,0.7270372777556492
A01558,0.09635902269594947,0.0,1688,5,0.9772986650466919,0.6252050405003817
A01559,0.33060462023061976,0.8,2051,5,0.9546781301498413,0.7031652530334417
A01560,0.27858611447793635,0.2,2161,5,0.9431010007858276,0.5910668906654308
A01561,0.37268150722674487,1.0,1048,5,0.8540681600570679,0.8516276263617037
A01562,0.003087173981161846,0.0,1056,5,0.8925776720046997,0.6513231139988985
A01563,0.0384017251125246,0.0,1092,4,0.8680531978607178,0.7533437425918177
A01564,0.004497533488113981,0.0,953,5,0.9332220315933227,0.5815126047210383
A01565,nan,nan,299,0,nan,nan
A01566,0.3332067699067717,1.0,894,5,0.8305857062339783,0.7698289677352012
A01567,0.3164380278035527,0.8,683,5,0.8753098964691162,0.8190857644999842
A01568,0.3127692485316058,1.0,772,5,0.854884934425354,0.7732258298662822
A01569,0.03945982284598052,0.0,1029,5,0.8360358357429505,0.6888868562900797
A01570,0.008087720290041999,0.0,983,5,0.8441325902938843,0.7906977310645381
A01571,0.002833852773309518,0.0,708,5,0.874822199344635,0.7726302855288216
A01572,0.2965092756297026,0.2,1505,5,0.9748279571533203,0.5105118879176811
A01573,0.2999261016208347,0.25,1371,4,0.8690847754478455,0.39022690500102014
A01574,0.001862161959982093,0.0,1660,5,0.9836779475212097,0.42117391072673316
A01575,0.04262228187150215,0.0,1401,5,0.9731183052062988,0.409858675647107
A01576,0.006434821676943173,0.0,1448,5,0.9721105217933654,0.4023909817952225
A01577,0.001360233356229609,0.0,1290,5,0.9803190350532531,0.521318138295551
A01578,0.0007312764279236426,0.0,1074,5,0.9527348399162292,0.561961314076458
A01579,0.5862247727697247,1.0,1395,1,0.9834820032119751,0.3184357541899442
A01580,0.0024183972515828276,0.0,1206,5,0.9807285904884339,0.4696480997945779
A01581,0.004667043826094378,0.0,1411,5,0.9610134840011597,0.353133547998814
A01582,0.004647847652715396,0.0,1336,5,0.980213463306427,0.4013604738272346
A01583,0.38519294243320407,1.0,1758,5,0.9160346388816833,0.6939490494267126
A01584,0.013152273143035966,0.0,876,5,0.8703548550605774,0.7582357669956072
A01585,0.4657495787064068,0.6,1202,5,0.9126471877098083,0.70273582411518
A01586,0.0730723120719282,0.0,1241,5,0.919516098499298,0.7353783661137779
A01587,0.38202870566395913,1.0,1708,5,0.8600937485694885,0.7732213004875439
A01588,0.010388645421681544,0.0,1192,4,0.8687443286180496,0.7487330180614111
A01589,0.13488218956756176,0.0,1099,4,0.8323171138763428,0.7519420789862117
A01590,0.3767178854355732,1.0,1029,5,0.9604114651679992,0.7507388681442613
A01591,0.0057028412782028715,0.0,1405,2,0.8232297301292419,0.6180793824079851
A01592,0.208247346490257,0.0,1856,5,0.8717325687408447,0.7698973219345546
A01593,0.35404122172385816,1.0,1992,5,0.9399358749389648,0.6719610063741422
A01594,0.33846645885772403,0.2,1966,5,0.952172863483429,0.7407105117629597
A01595,0.36614911034785685,0.8,1821,5,0.9415869951248169,0.7296431546962393
A01596,0.01419794758517886,0.0,1877,5,0.948840594291687,0.7015028201176646
A01597,0.08048862269573047,0.0,1710,5,0.9190791726112366,0.7357599695430345
A01598,0.3563505363594107,0.8,1805,5,0.9328986763954162,0.7434112288633188
A01599,0.022719149669135182,0.0,1934,5,0.9321616411209106,0.7088428695757916
A01600,0.00856390244262558,0.0,1717,1,0.9168918132781982,0.7557755775577557
A01601,0.3650995694659326,1.0,1405,5,0.8969324827194214,0.7778580567554043
A01602,0.40757490203383245,0.6,1560,5,0.9455044746398926,0.6986842799965782
A01603,0.42465780223663335,0.6,1813,5,0.9276338219642639,0.7195174763486687
A01604,0.4859251893252112,0.4,1923,5,0.9649474382400512,0.6938431378822838
A01605,0.0577353758178895,0.0,1799,5,0.9737306594848633,0.5116482477348305
A01606,0.3715282093900195,0.4,2060,5,0.9410308003425598,0.5997290135338524
A01607,0.027856182647551804,0.0,1279,2,0.945472776889801,0.35028248587570626
A01608,0.3964497779997563,0.4,2184,5,0.9391226053237915,0.6457395997304118
A01609,0.007936993533955473,0.0,1908,5,0.9462926030158997,0.6725967019667118
A01610,0.3820858620644014,1.0,2215,5,0.8605708360671998,0.6197284736745429
A01611,0.04211503115725275,0.0,1664,5,0.9555177569389344,0.6060675817392516
A01612,0.011632063524837557,0.0,1989,5,0.983754563331604,0.5659239823975604
A01613,0.3281162843399594,1.0,2042,5,0.9318605542182923,0.6467178210104857
A01614,0.430894314638802,0.8,2296,5,0.9174731254577637,0.7628610997568371
A01615,0.38732304934269496,1.0,2032,5,0.9430541515350341,0.7176885187135451
A01616,0.013568090808954816,0.0,2043,5,0.9626037955284119,0.5910785242876229
A01617,0.003499189703134849,0.0,1151,5,0.9273032307624817,0.7440030569860518
A01618,0.07562245374174557,0.0,1071,5,0.9816084504127502,0.5730613154113949
A01619,0.043510013080785274,0.0,2036,5,0.9400277495384216,0.6134872540401874
A01620,0.06339251596206402,0.0,1119,5,0.9613212704658508,0.6115012361939736
A01621,0.004900774518057873,0.0,1516,3,0.9464486837387085,0.3682051282051282
A01622,0.008946103117926008,0.0,2108,5,0.964306378364563,0.5659084522049083
A01623,0.021662341285124967,0.0,2090,5,0.93622887134552,0.6145224453949634
A01624,0.07850759582715916,0.0,486,5,0.9455057382583618,0.6145101734117618
A01625,0.11427769887830867,0.0,646,5,0.9632369041442871,0.6912824116665643
A01626,0.020408985303870475,0.0,721,5,0.9747568488121032,0.5422666303416006
A01627,0.0233053415186445,0.0,1037,5,0.9372699379920959,0.7183880397412862
A01628,0.4131681808126944,0.8,1402,5,0.8315755486488342,0.7331804569253564
A01629,0.3797934505554034,0.2,1993,5,0.8587859392166137,0.7651202358102238
A01630,0.41981571651632144,0.4,1763,5,0.8564924955368042,0.7754357899697264
A01631,0.3911026187473586,0.4,2287,5,0.8953978538513183,0.6992808413561937
A01632,0.4331526711992248,0.5,1588,4,0.8450579792261124,0.6589534006945964
A01633,2.9309237952543222e-05,0.0,1796,5,0.8810104727745056,0.6826890505783171
A01634,0.4131154265282515,0.4,718,5,0.9440207839012146,0.6849478998061145
A01635,0.05719609182576064,0.0,843,5,0.8669381976127625,0.7656028220096458
A01636,0.3306526321651213,0.2,610,5,0.8384653687477112,0.739104410844368
A01637,0.38959092016384683,1.0,2273,5,0.8981756091117858,0.7095724414300598
A01638,0.39223250418533095,0.2,1116,5,0.9560554027557373,0.5328102108455974
A01639,0.012650188262136096,0.0,1493,5,0.9090739727020264,0.7305507083012133
A01640,0.22107456931675157,0.2,1962,5,0.9131024718284607,0.659832336394208
A01641,0.2844398217966293,0.2,1895,5,0.9190673232078552,0.7225599694644572
A01642,0.256005066701344,0.4,861,5,0.9569128513336181,0.6697789046653144
A01643,0.47312931879557024,0.6,823,5,0.8691004395484925,0.7480109169423323
A01644,0.05793912133626341,0.0,2016,5,0.9440103650093079,0.6531603912054009
A01645,0.38930114933084603,0.8,977,5,0.943453049659729,0.649599232657565
A01646,6.305858859028729e-05,0.0,1257,5,0.8884873628616333,0.639705197670045
A01647,0.34060531832590146,1.0,1430,5,0.9393901944160461,0.7117663410229307
A01648,0.3944536869947831,0.2,1687,5,0.9159916043281555,0.6302783158414981
A01649,0.0004121913927680426,0.0,485,3,0.8154169321060181,0.756639566395664
A01650,0.0004286998826122475,0.0,340,5,0.8509302735328674,0.6853650481227076
A01651,0.3306431262995391,0.8,524,5,0.8302424788475037,0.7984458405190112
A01652,0.36405878396289043,0.4,1449,5,0.9457281231880188,0.6575020352968773
A01653,0.012320092943335463,0.0,509,5,0.8779388308525086,0.6852364172019578
A01654,0.29080181215801637,0.2,933,5,0.8479966998100281,0.7516219006211373
A01655,0.071451414628885,0.0,2253,4,0.8405839800834656,0.6983485082282034
A01656,0.0052438202389580085,0.0,1652,1,0.8115134239196777,0.7887323943661972
A01657,0.00490418824010066,0.0,715,2,0.8201244175434113,0.700733752620545
A01658,1.5762369656356946e-05,0.0,470,2,0.8553180396556854,0.6203164434090468
A01659,nan,nan,1866,0,nan,nan
A01660,nan,nan,1283,0,nan,nan
A01661,0.2068839787678463,1.0,934,5,0.9757624983787536,0.3520708594914169
A01662,0.38827300735252657,1.0,1588,5,0.978908097743988,0.47404911016265094
A01663,0.35294745012249384,0.6,1649,5,0.9411690950393676,0.4304635140865652
A01664,0.33962380089927474,0.8,799,5,0.8095020532608033,0.6019368867514497
A01665,0.011154505109682224,0.0,730,5,0.9505370020866394,0.4576081542454517
A01666,0.19376878248793167,0.0,1002,5,0.9381890416145324,0.44960862392258055
A01667,0.013980015805242477,0.0,2250,5,0.8892101168632507,0.617214643946417
A01668,0.4475082939991774,1.0,1188,3,0.9732121626536051,0.32992475121683495
A01669,0.38330026711364973,1.0,1563,5,0.8672132849693298,0.6650954067518072
A01670,nan,nan,1412,0,nan,nan
A01671,0.517023283677055,1.0,1120,2,0.8194513022899628,0.7253846153846154
A01672,0.001412986550046292,0.0,2033,3,0.8379271825154623,0.7187088055622538
A01673,0.09152292721488654,0.0,830,5,0.9205607414245606,0.6343049969269715
A01674,0.06286900503697546,0.0,1967,5,0.9052252650260926,0.6788506990210172
A01675,nan,nan,2286,0,nan,nan
A01676,0.34971586757039796,0.2,2008,5,0.9081671476364136,0.6543269485548898
A01677,0.018203924940153576,0.0,2113,5,0.8753188729286194,0.6880819707167778
A01678,nan,nan,1541,0,nan,nan
A01679,0.007934903309702214,0.0,1512,3,0.8461335698763529,0.7700826529967021
A01680,0.10301680011319013,0.0,1846,5,0.9330951571464539,0.5966980914300504
A01681,0.0062597109385230335,0.0,2128,1,0.801712155342102,0.7192513368983957
A01682,0.005022766151835132,0.0,1856,5,0.9526948571205139,0.6652587166049344
A01683,0.005166474053328268,0.0,1907,5,0.8305644750595093,0.7773264618113476
A01684,0.4131168853677948,0.4,1631,5,0.8529546618461609,0.750484195361054
A01685,0.0047920545288401405,0.0,1736,1,0.9384998083114624,0.6382978723404256
A01686,0.08040685591606313,0.0,2192,5,0.8942071914672851,0.6673370916250642
A01687,0.005475922234003962,0.0,887,1,0.8346376419067383,0.7905759162303665
A01688,0.44456185149387245,0.5,1977,2,0.8817825615406036,0.7358297642474052
A01689,0.5253438632472271,0.5,2471,2,0.8264630436897278,0.8411861861861862
A01690,0.021846123759647517,0.0,2477,4,0.8513268530368805,0.7771258029669184
A01691,nan,nan,1967,0,nan,nan
A01692,0.03928181472557687,0.0,1685,5,0.9464835166931153,0.6713663846598659
A01693,0.000535168083771786,0.0,1405,3,0.8055108785629272,0.5266666666666667
A01694,0.43956580532503053,0.4,1971,5,0.9094980359077454,0.6056313380305302
A01695,0.005214520667155902,0.0,1730,5,0.9508228302001953,0.4410511173003589
A01696,0.009784935530457919,0.0,2007,5,0.9407536864280701,0.4691163075782737
A01697,nan,nan,1371,0,nan,nan
A01698,0.3744583218976286,0.6,2038,5,0.9433609008789062,0.6995450556812096
A01699,0.10227392426871905,0.0,2078,5,0.9313543200492859,0.6134741887284313
A01700,0.00020407803947101717,0.0,2078,4,0.9027979820966721,0.6998585152981021
A01701,nan,nan,791,0,nan,nan
A01702,0.008707507668209106,0.0,1668,5,0.9099217772483825,0.6086073500967117
A01703,0.11078223839433704,0.0,1712,5,0.952558696269989,0.5832068961201433
A01704,0.39339012395160805,1.0,858,5,0.9486531019210815,0.6846505508351728
A01705,0.004064967655640671,0.0,1010,5,0.9448963522911071,0.7042693399307203
A01706,0.3984106050545836,1.0,1445,5,0.9628183722496033,0.7583144509795179
A01707,0.028283609201069607,0.0,960,5,0.9607663989067078,0.7187431221382266
A01708,0.3858236957444397,0.6,895,5,0.9837586045265198,0.5935102843315184
A01709,0.30780822884573017,1.0,987,5,0.9595681428909302,0.6485647665038771
A01710,0.015238847096983234,0.0,1066,5,0.955303966999054,0.6769019072109719
A01711,0.009608643451843774,0.0,816,5,0.9494077444076539,0.7283953427062486
A01712,0.30099630823004,0.2,951,5,0.9582175970077514,0.6427801315070021
A01713,0.10990862420727066,0.0,861,5,0.9298298478126525,0.6569078425314139
A01714,0.39210532612988813,1.0,926,5,0.9801447272300721,0.6778593474838365
A01715,0.002012267315304825,0.0,1322,2,0.9399687647819519,0.7677170868347338
A01716,5.073963850447737e-05,0.0,1079,5,0.9657305121421814,0.7233093735845835
A01717,0.4047180231881131,1.0,1762,5,0.9031976580619812,0.8268934563869722
A01718,0.4025525682976546,0.8,1232,5,0.8706689000129699,0.8169368734613143
A01719,0.44559993424602745,0.6,1627,5,0.8591975331306457,0.7619703055745853
A01720,0.0022761068134696254,0.0,1220,5,0.921245563030243,0.7539169202850019
A01721,0.36041735696598926,0.6,2000,5,0.9370717287063599,0.7269585382993565
A01722,0.001162695669632274,0.0,1530,5,0.9444646000862121,0.7817323594388945
A01723,0.0006616890593583385,0.0,909,5,0.9065919876098633,0.7637530210076222
A01724,0.507207734740955,1.0,631,1,0.8067795634269714,0.7867647058823529
A01725,nan,nan,836,0,nan,nan
A01726,0.3675251618645046,0.2,1441,5,0.9252886414527893,0.699466656307788
A01727,0.007797903095615997,0.0,2086,5,0.9104948282241822,0.7168679292542756
A01728,0.277299945161735,0.2,2005,5,0.9227752327919007,0.7221314951188044
A01729,0.001682251453756549,0.0,1260,5,0.8681246995925903,0.6923787187510353
A01730,0.0010155816327758122,0.0,1242,5,0.9350586414337159,0.5684540767933642
A01731,0.33382887116743826,1.0,1601,5,0.9001556992530823,0.7479255250052381
A01732,0.36962286479284195,1.0,1777,5,0.9573302388191223,0.6883556937289517
A01733,0.021664885645232047,0.0,889,5,0.9456728219985961,0.6746988301473372
A01734,3.530458633948851e-05,0.0,1398,5,0.9761981129646301,0.7695743907508613
A01735,0.3030815468907038,0.2,1608,5,0.8662064909934998,0.7213970137558842
A01736,0.012659458396790101,0.0,1237,5,0.9540659308433532,0.7341461855277265
A01737,0.029105068784462083,0.0,783,5,0.9227224826812744,0.7054173862496038
A01738,0.04176535977327329,0.0,719,5,0.8602352142333984,0.7629592085784889
A01739,0.12416565621760946,0.0,617,2,0.8081175088882446,0.8126984126984127
A01740,0.12359646589475663,0.0,813,5,0.87983158826828,0.7706437267624116
A01741,0.334025944336582,0.3333333333333333,874,3,0.8758441805839539,0.7368459534179821
A01742,nan,nan,389,0,nan,nan
A01743,0.32393501797669605,1.0,668,4,0.8265918344259262,0.7955381379381261
A01744,0.3477161575800568,1.0,1011,4,0.8663985431194305,0.7005022110304895
A01745,0.5956536049349568,1.0,1304,1,0.8088651299476624,0.7729468599033816
A01746,0.02002951013992409,0.0,706,4,0.8316520154476166,0.8423524289508126
A01747,nan,nan,267,0,nan,nan
A01748,0.005401769061973039,0.0,1192,5,0.9628819227218628,0.3992623290005355
A01749,0.00021140191849421258,0.0,1800,5,0.9861372828483581,0.42489207737433715
A01750,0.02217363955080486,0.0,1229,5,0.8988696217536927,0.4422367853448918
A01751,0.0073912693236241915,0.0,1041,5,0.9680799245834351,0.4513197889597606
A01752,0.002982110408003022,0.0,1438,5,0.9245111823081971,0.3937987895791684
A01753,0.0022876108526684955,0.0,1246,5,0.9094804525375366,0.49327297579040985
A01754,0.015860165538740156,0.0,2018,5,0.8850621938705444,0.5596374662689008
A01755,0.010397455098370841,0.0,1513,5,0.9872828960418701,0.3464027667998195
A01756,0.0017530355994239172,0.0,1835,5,0.9787606954574585,0.38423169908027727
A01757,0.0038661519433655514,0.0,1280,3,0.8967622717221578,0.3934305478318308
A01758,nan,nan,464,0,nan,nan
A01759,0.3391595437154204,0.2,477,5,0.9409980773925781,0.806903056903057
A01760,0.1258173936629357,0.0,277,5,0.8557147741317749,0.8371525087720147
A01761,0.014213727581992274,0.0,1427,5,0.8927499771118164,0.8114739084013689
A01762,0.0073490973245419235,0.0,343,5,0.8649436473846436,0.7467479336747629
A01763,nan,nan,292,0,nan,nan
A01764,0.0030004100554811334,0.0,1686,5,0.8864897012710571,0.7642529071961867
A01765,0.48310066926859346,0.4,293,5,0.8528683423995972,0.8239051203101836
A01766,0.4989776115189198,0.6,1163,5,0.8988059520721435,0.7615777634876213
A01767,0.053662285596068206,0.0,599,5,0.8459201335906983,0.7702505365975052
A01768,0.004113886845580582,0.0,1429,5,0.9535097599029541,0.6809945830179158
A01769,0.0037658360681164073,0.0,1589,5,0.9538861989974976,0.6053154511571035
A01770,0.28332354528804315,0.2,1787,5,0.9557883501052856,0.7825883245205504
A01771,0.009605312087986755,0.0,677,5,0.9610200643539428,0.7956472095192304
A01772,0.0030327196775649956,0.0,1050,5,0.9382482171058655,0.792192809595801
A01773,0.3110208544953971,0.2,1120,5,0.9367841005325317,0.8165245478036175
A01774,0.004146919625440532,0.0,822,5,0.9540212392807007,0.7890807393446356
A01775,0.38263190153907306,0.8,572,5,0.9576932191848755,0.8174444734337328
A01776,0.4539803733148793,0.6,1140,5,0.9288732409477234,0.7707721081467891
A01777,0.009546585092246734,0.0,995,5,0.9769734978675843,0.7338912747634911
A01778,0.00905539256128212,0.0,793,5,0.9724580526351929,0.7712037050499295
A01779,0.002197445999391898,0.0,1111,5,0.9780263662338257,0.6806580028519186
A01780,0.03347876426524697,0.0,585,5,0.9653024196624755,0.7553048804198509
A01781,0.2868807338267264,0.2,2120,5,0.9593319416046142,0.5084512029441607
A01782,0.02344877448287358,0.0,2000,5,0.9224589943885804,0.6263180510483377
A01783,0.3436419750350544,0.4,2202,5,0.9559956312179565,0.5269874130418806
A01784,0.004982492827169751,0.0,1952,5,0.9874838829040528,0.39567773871828926
A01785,0.35224388141407287,1.0,1972,5,0.9458596706390381,0.5125572146893733
A01786,0.40346676896346384,1.0,2024,5,0.9119848370552063,0.740040763160179
A01787,0.00011082297496337245,0.0,1498,5,0.9378802299499511,0.6783824483989035
A01788,0.02783497837376077,0.0,2266,5,0.9727193593978882,0.6220961964255707
A01789,0.0018213834928342669,0.0,1232,5,0.9416194200515747,0.6654308928278001
A01790,0.30897695431592975,1.0,2063,5,0.8547003865242004,0.5818966169476052
A01791,0.14287165215533817,0.0,1585,5,0.9803489685058594,0.458882484349559
A01792,3.0342524682385523e-05,0.0,1767,5,0.9405656337738038,0.3623943748723736
A01793,0.01224130385966247,0.0,2016,5,0.9260350942611695,0.6770308245213906
A01794,0.0010410201804805462,0.0,2178,5,0.9473446249961853,0.657809267367707
A01795,9.91225387696859e-05,0.0,1986,5,0.9069447040557861,0.6750257473642414
A01796,0.00018634982115324752,0.0,2026,5,0.8961547613143921,0.7544918089092013
A01797,0.010636529604660714,0.0,1146,5,0.9693051099777221,0.6905092410522953
A01798,0.06158054786854772,0.0,1714,5,0.911669397354126,0.6515712653445929
A01799,0.0008573341046286419,0.0,2318,5,0.9448503613471985,0.6282970847638532
A01800,9.030953510626841e-05,0.0,2311,5,0.8972129344940185,0.6931239840661412
A01801,nan,nan,2636,0,nan,nan
A01802,0.004459700794448088,0.0,2598,5,0.9880884289741516,0.4840646692576692
A01803,0.08480453216435137,0.0,2260,5,0.9254700541496277,0.6459997779431654
A01804,0.13920491650415498,0.0,1692,5,0.9267661452293396,0.7211818907571987
A01805,3.074096053021271e-05,0.0,849,1,0.8000041246414185,0.7871287128712872
A01806,0.7056938829996575,1.0,2392,1,0.8052120208740234,0.8145363408521303
A01807,0.3882683843428748,0.8,2079,5,0.9351621389389038,0.6624072679246357
A01808,0.07022472169086946,0.0,2009,5,0.9653389573097229,0.6233379216068449
A01809,0.008335496448881296,0.0,2173,5,0.9087979197502136,0.7252570779268342
A01810,0.4833351536984661,0.8,830,5,0.8524598479270935,0.7342223720566211
A01811,nan,nan,2725,0,nan,nan
A01812,0.14465436153913,0.0,635,5,0.912329125404358,0.6460123110322901
A01813,0.3157675098153956,0.2,1893,5,0.8969593644142151,0.6820742907751075
A01814,0.009936525916716997,0.0,2088,2,0.8851924538612366,0.6981481481481482
A01815,0.0001958731207972215,0.0,523,5,0.9389010548591614,0.7376331635016211
A01816,nan,nan,1849,0,nan,nan
A01817,0.39610765049916435,0.8,2193,5,0.9271472454071045,0.7166649602325308
A01818,0.005420177833362802,0.0,2243,5,0.9505673766136169,0.6905147031611207
A01819,6.058731916035808e-06,0.0,198,5,0.899514091014862,0.7030141843971631
A01820,0.0007720307198361188,0.0,2716,2,0.9270476400852203,0.6498899913718723
A01821,0.3820954794194368,1.0,1845,5,0.8365562796592713,0.7430498005448418
A01822,0.08123529566815417,0.0,2238,5,0.9031309485435486,0.6601028530253543
A01823,0.3250341397321373,0.2,1175,5,0.8777612686157227,0.7402314860453649
A01824,0.006219240373898177,0.0,1044,1,0.8257004618644714,0.7824267782426778
A01825,nan,nan,2082,0,nan,nan
A01826,0.000391030722586106,0.0,1180,1,0.8537421226501465,0.6222222222222222
A01827,0.40324421254257176,0.75,434,4,0.8535030484199524,0.7073477118119975
A01828,0.1750800865456536,0.0,2021,1,0.8049459457397461,0.7525252525252525
A01829,nan,nan,1969,0,nan,nan
A01830,0.3194286616503664,1.0,1761,5,0.9159186244010925,0.6967104683610151
A01831,0.1382165177732426,0.0,2457,5,0.8970410585403442,0.7671054413032491
A01832,nan,nan,1729,0,nan,nan
A01833,nan,nan,567,0,nan,nan
A01834,9.695912075394554e-07,0.0,2306,2,0.8413510918617249,0.5893584808827304
A01835,nan,nan,645,0,nan,nan
A01836,0.11524357643709997,0.0,1694,5,0.9672517657279969,0.4135854524091389
A01837,0.01153153126877015,0.0,2079,5,0.971094799041748,0.4838984681676763
A01838,0.44803027177041016,0.8,2303,5,0.8496860146522522,0.7601453232262128
A01839,0.05534795462708302,0.0,2107,5,0.9583972692489624,0.5912222895646166
A01840,0.10615626140539089,0.0,2251,5,0.8875303030014038,0.7287925599893226
A01841,0.34294130104695036,0.2,2206,5,0.8783100843429565,0.6275924022785025
A01842,0.1365796871993322,0.0,1525,5,0.9275395750999451,0.43721139115544005
A01843,0.38437726292593954,1.0,522,5,0.8892391324043274,0.5876480620155039
A01844,0.3103153641072293,0.2,1922,5,0.9584375143051147,0.4462698915752621
A01845,0.00022139805377223434,0.0,1726,1,0.8657269477844238,0.6610169491525424
A01846,0.1922195192052903,0.0,1137,4,0.8526536375284195,0.8118241688325496
A01847,0.00011325565484402362,0.0,1908,5,0.8538368701934814,0.6030068171382972
A01848,nan,nan,2089,0,nan,nan
A01849,nan,nan,2916,0,nan,nan
A01850,0.07116751678078193,0.0,2225,5,0.8721899271011353,0.7494123859378898
A01851,nan,nan,1803,0,nan,nan
A01852,0.04341544073036872,0.0,2614,5,0.8519891738891602,0.7971180755287783
A01853,nan,nan,307,0,nan,nan
A01854,0.03346726911788404,0.0,1303,5,0.8576785564422608,0.7488999881878435
A01855,0.00010586067200957882,0.0,1768,3,0.8725336790084839,0.4564346943379201
A01856,nan,nan,1800,0,nan,nan
A01857,9.160049529204683e-05,0.0,691,1,0.8653138279914856,0.8152866242038217
A01858,0.42532969639493595,0.4,2039,5,0.9707251191139221,0.5306303053124094
A01859,nan,nan,901,0,nan,nan
A01860,0.022076829166900565,0.0,908,5,0.9071580171585083,0.8058527467007093
A01861,0.3528742362182312,1.0,2194,5,0.888086998462677,0.7301719468807873
A01862,0.0004412017507111266,0.0,2421,1,0.8205560445785522,0.7924528301886793
A01863,0.3169184569789338,0.2,2014,5,0.8803251266479493,0.753783175679326
A01864,0.022183248950334203,0.0,2158,5,0.9012348651885986,0.8013875919320386
A01865,0.08356155435093439,0.0,2299,2,0.8236618638038635,0.756078431372549
A01866,0.0317874599758691,0.0,2129,5,0.8825451493263244,0.6973899005534472
A01867,0.37583621374650444,0.2,495,5,0.873188591003418,0.8219810678366335
A01868,0.003971270220431516,0.0,3027,5,0.8282772302627563,0.8128969242261537
A01869,0.28694741738252866,1.0,2181,4,0.9590488076210022,0.34799753056332006
A01870,0.48071951590574996,0.4,2337,5,0.9559498071670532,0.6622055641715636
A01871,0.3864151708073232,0.2,1143,5,0.8652722954750061,0.7166269673835891
A01872,0.37256736104690363,0.4,2109,5,0.9621743083000183,0.595147131147541
A01873,0.009869533400058325,0.0,1560,5,0.878972852230072,0.6973637639731467
A01874,0.005049755324728902,0.0,2666,5,0.840731930732727,0.7867125538972333
A01875,0.4460855560440093,1.0,2938,4,0.8350018113851547,0.8110008478354829
A01876,0.534901752333228,0.75,2987,4,0.8715720772743225,0.8052703395208465
A01877,0.0010640335944273312,0.0,1907,5,0.9161068320274353,0.5430518831917028
A01878,0.3512246878733199,0.2,1352,5,0.9564888119697571,0.5556389293543191
A01879,0.42893244661354,0.25,2982,4,0.8272959738969803,0.8350749377082587
A01880,0.07904219847577547,0.0,641,5,0.9459086537361145,0.7756797477395025
A01881,0.13527803277072858,0.0,696,5,0.8747547507286072,0.7769206282330361
A01882,0.002105391512840736,0.0,640,5,0.9436752200126648,0.7523178183361476
A01883,0.0028045693345507762,0.0,505,2,0.8672812283039093,0.8190152801358235
A01884,0.31719062949684057,0.2,441,5,0.9247354865074158,0.6820156771033964
A01885,0.04071981582066069,0.0,356,5,0.9469345092773438,0.6558467741935484
A01886,0.08871356412917014,0.0,702,5,0.8946100831031799,0.731493943283716
A01887,0.297073780600731,1.0,820,5,0.9646269679069519,0.7603190868583288
A01888,0.0012351118453119057,0.0,641,5,0.8648703455924988,0.7356904625928041
A01889,0.09102812318189481,0.0,757,5,0.9773749828338623,0.6324196242645849
A01890,0.010130587596183465,0.0,546,2,0.9721508026123047,0.7469512195121951
A01891,0.4571077575045369,0.8,1437,5,0.917056429386139,0.7600606499039408
A01892,0.020810285972740355,0.0,941,5,0.8924409031867981,0.7375761557268585
A01893,0.009429367256759934,0.0,1026,5,0.8353512525558472,0.8577449871576898
A01894,0.3846592111209628,1.0,689,5,0.8543927550315857,0.8548132303978588
A01895,0.016243456371687327,0.0,1276,5,0.9031534433364868,0.7585118506355485
A01896,0.4844325013655177,0.4,535,5,0.8581323742866516,0.8238856484269329
A01897,0.37641137491709836,0.2,723,5,0.9599169015884399,0.7823532080243549
A01898,0.004998158441043623,0.0,613,5,0.8692344546318054,0.8047808007343982
A01899,0.014749750952871867,0.0,539,4,0.8639088720083237,0.7917483150737805
A01900,nan,nan,862,0,nan,nan
A01901,0.017778216476006643,0.0,600,5,0.9237452268600463,0.8209065641778489
A01902,0.47050342864406636,0.4,2268,5,0.9381708979606629,0.6863034117975142
A01903,0.3443719765385307,1.0,668,5,0.9355339765548706,0.707831203768373
A01904,0.3591566313057403,1.0,1047,5,0.8734955072402955,0.6931285698779617
A01905,0.3824465100017044,0.8,1805,5,0.9261934638023377,0.7380440950848841
A01906,0.5366448637941078,0.6,1801,5,0.9332809329032898,0.760193275424718
A01907,0.008826667942391416,0.0,895,5,0.9674968838691711,0.6783297858590933
A01908,0.0017520673881128597,0.0,1185,5,0.9079702258110046,0.704351798009237
A01909,0.36318640991362294,1.0,1148,5,0.9510370492935181,0.7009306486851925
A01910,0.0033115767300680088,0.0,898,5,0.9357238173484802,0.6293344948711904
A01911,0.03577952200510619,0.0,1002,5,0.8701964139938354,0.6219651329917142
A01912,0.003814588222522203,0.0,1269,5,0.8853906393051147,0.7673924104737406
A01913,0.28586494386401046,1.0,1045,5,0.8828554630279541,0.7785092071898785
A01914,0.29809409510043466,0.8,819,5,0.9347917914390564,0.7150885384940159
A01915,0.29076814245458593,1.0,737,4,0.8283381313085556,0.82652433850189
A01916,0.00011782108844165628,0.0,2506,5,0.8650535345077515,0.5903904354718109
A01917,0.23789145844277193,0.2,930,5,0.8991944909095764,0.7425064847060776
A01918,0.08081303676736287,0.0,1078,5,0.8812192916870117,0.7982038537464968
A01919,0.05515368805915833,0.0,1265,5,0.9015581011772156,0.7079529521911158
A01920,0.29781861618433003,1.0,701,4,0.8226836323738098,0.8079578067786255
A01921,0.06913740708410221,0.0,991,5,0.8863940119743348,0.7434546500164311
A01922,0.010985319771926563,0.0,778,5,0.8580269932746887,0.769889662882697
A01923,0.0019574613793437263,0.0,1070,5,0.8123324513435364,0.7800121234001487
A01924,0.40485221974558677,1.0,2840,5,0.8392865777015686,0.8113218742075393
A01925,0.025348486019673867,0.0,561,5,0.9453592658042907,0.43151246778530883
A01926,0.008352104710035824,0.0,985,5,0.9879969120025635,0.41829117978667957
A01927,0.011601367997584794,0.0,1454,5,0.8889644622802735,0.6182753549260085
A01928,0.43104841649228043,1.0,2882,4,0.8187417536973953,0.8202752925731494
A01929,0.020727869087226545,0.0,1597,4,0.9734383374452591,0.3263275707275795
A01930,0.11185501091932566,0.0,1582,5,0.9851821899414063,0.36344329502153716
A01931,0.0017072502079588444,0.0,929,5,0.9806482672691346,0.4823293677653881
A01932,0.4039929691978582,1.0,1993,5,0.9528268098831176,0.6558589638756402
A01933,0.40432716400570795,1.0,1036,5,0.8409729242324829,0.5068320833354174
A01934,0.3895670499024556,0.4,1578,5,0.9362062811851501,0.6176453368325581
A01935,0.38470549754966765,1.0,509,5,0.9206030488014221,0.7863745823149493
A01936,nan,nan,316,0,nan,nan
A01937,0.013003302580969382,0.0,336,5,0.8924597144126892,0.7266788682434409
A01938,nan,nan,419,0,nan,nan
A01939,0.396165001068628,1.0,270,5,0.8593541264533997,0.8375124378109453
A01940,nan,nan,1067,0,nan,nan
A01941,0.4397256460609251,0.6,529,5,0.9235218524932861,0.7337367879303036
A01942,0.3944834595273423,1.0,298,5,0.9568041324615478,0.7732598232034851
A01943,0.02584350001694112,0.0,434,5,0.920288360118866,0.7488111517034056
A01944,0.37112012684569845,1.0,218,5,0.93209388256073,0.724192163768435
A01945,0.4156582933791139,1.0,336,4,0.8344916254281998,0.7218840315479567
A01946,0.39660032174269594,1.0,624,5,0.9138434529304504,0.7899759269458311
A01947,0.3499823520041177,0.2,849,5,0.93651841878891,0.8039053072381799
A01948,0.005157862097871348,0.0,1778,5,0.8235040903091431,0.7045581612305487
A01949,0.0012852524930699705,0.0,1080,5,0.952952766418457,0.805256234795794
A01950,0.07237701835107647,0.0,782,5,0.9340371966362,0.8199668945506133
A01951,0.36406782603833165,0.8,773,5,0.8572468757629395,0.7978875054868251
A01952,0.3507534446789324,1.0,596,5,0.9308338165283203,0.7385425020740298
A01953,0.3626996372299931,1.0,658,5,0.9651983618736267,0.826565724211795
A01954,0.017780332571631276,0.0,438,5,0.9197745561599732,0.7956577442232898
A01955,0.004064936082258628,0.0,516,5,0.9082120776176452,0.804570223417926
A01956,0.008105558842618496,0.0,623,2,0.925764262676239,0.8047366172251724
A01957,0.3439482372270749,0.4,1889,5,0.9514570236206055,0.5273693060762467
A01958,0.5055276558753254,0.4,2830,5,0.9625371813774108,0.7254885910537
A01959,0.0008691942945718223,0.0,1648,5,0.9441616892814636,0.5987201740575208
A01960,0.053255743691606024,0.0,2370,5,0.9464974761009216,0.6736509538975952
A01961,0.3007396998759084,0.2,1738,5,0.9731178283691406,0.6153568683794975
A01962,0.37446235607662465,1.0,1619,5,0.9420836210250855,0.692150310579273
A01963,0.003208576910000252,0.0,2489,5,0.9549015164375305,0.6651299303005634
A01964,0.029156925287135548,0.0,1328,5,0.9173228502273559,0.7724392655775831
A01965,0.40233976983656417,1.0,2144,5,0.8964167833328247,0.8434586409180431
A01966,0.06423729780810393,0.0,1348,5,0.9648169279098511,0.6657769539854776
A01967,0.3968499490395331,1.0,1250,5,0.9705785632133483,0.5602027491914512
A01968,0.39054430211534463,1.0,847,5,0.8985997557640075,0.8182807284820125
A01969,0.007310303701905474,0.0,1705,5,0.9500015258789063,0.6017017244745233
A01970,0.2920490177792233,1.0,1548,5,0.90133216381073,0.7212853295137913
A01971,0.4270097749681382,0.6,849,5,0.9511000156402588,0.7086775299632224
A01972,0.043653684599480276,0.0,1997,2,0.9067912101745605,0.6325915701589011
A01973,0.06748066468353921,0.0,836,5,0.918917179107666,0.666839608699923
A01974,0.024270920353581672,0.0,624,5,0.9641532301902771,0.7023092752608019
A01975,0.5555968139036097,1.0,559,2,0.8844854235649109,0.7130681818181819
A01976,0.3497215404580642,0.2,468,5,0.8286996603012085,0.7031882595090141
A01977,nan,nan,603,0,nan,nan
A01978,0.288558143859017,0.6,650,5,0.9064281702041626,0.730481261271614
A01979,0.03485547672651843,0.0,1226,5,0.8971611022949219,0.7477387978366494
A01980,0.008366450708576815,0.0,2119,4,0.8471425175666809,0.6815979469586133
A01981,0.3584391658072007,1.0,2077,5,0.821464729309082,0.789896875124138
A01982,0.0017525670388392502,0.0,1996,5,0.960247802734375,0.5709716375548819
A01983,0.03243241998502228,0.0,1300,5,0.9581579089164733,0.7504762646538691
A01984,0.014220064212614856,0.0,1284,5,0.9438920617103577,0.6391887439372058
A01985,0.017520960274009522,0.0,679,5,0.9787198901176453,0.6123931992584722
A01986,0.05123396278143168,0.0,645,5,0.8818635821342469,0.6772100369539574
A01987,0.0005349195680123231,0.0,1252,5,0.9499478578567505,0.6947369053732974
A01988,0.01973031180801507,0.0,953,5,0.8743826746940613,0.8360012060424712
A01989,0.0683655180886367,0.0,1208,4,0.8629572689533234,0.670495515736234
A01990,0.4297290363504398,0.5,952,4,0.8691232800483704,0.7441639687243059
A01991,0.004079621497428163,0.0,683,5,0.9264528632164002,0.8142770980571965
A01992,nan,nan,1057,0,nan,nan
A01993,0.5014302130439168,0.5,1414,4,0.8874547481536865,0.790924146418098
A01994,0.3889699872593225,0.3333333333333333,2089,3,0.831749439239502,0.7236223931990722
A01995,0.0019994991428267978,0.0,884,5,0.9524349093437194,0.7052928207248174
A01996,0.346207365070603,0.2,1877,5,0.8969784855842591,0.799432538535112
A01997,0.3724942000189412,0.6,1698,5,0.9377096772193909,0.6992647113781943
A01998,0.31536948003608606,0.8,470,5,0.955799686908722,0.6743715156112656
A01999,nan,nan,2447,0,nan,nan
H00000,0.37713447628410096,0.8,712,5,0.9587745785713195,0.6224912422918163
H00001,0.0053864467581909775,0.0,1010,5,0.9681166768074035,0.3925802144433746
H00002,0.009040207859833475,0.0,1041,5,0.9281039834022522,0.6371346305725669
H00003,0.0007166203676455661,0.0,1048,5,0.9274867057800293,0.7203250040829661
H00004,0.02524666381557492,0.0,826,5,0.9689178228378296,0.629702203302042
H00005,0.10562133108225694,0.0,1045,5,0.9753430724143982,0.5651558974833182
H00006,0.04686252505864358,0.0,1418,5,0.928867769241333,0.6955157512138349
H00007,0.012150338743242917,0.0,1763,5,0.9337189316749572,0.5980250943465406
H00008,0.03750584783758447,0.0,1259,5,0.9507484793663025,0.6047432548417513
H00009,0.008388815897007032,0.0,1629,5,0.9609775900840759,0.6180342484499313
H00010,0.003639369880437425,0.0,1045,5,0.9208101868629456,0.7223002825386112
H00011,0.023497570210863825,0.0,1515,5,0.9810747742652893,0.566525655934224
H00012,0.01060788855120069,0.0,891,5,0.9659648895263672,0.5006539167391094
H00013,0.0003100552998032813,0.0,1132,5,0.9357362627983093,0.6821536757815827
H00014,0.005791433289806805,0.0,1169,5,0.9403204560279846,0.7149890138093404
H00015,0.0010505794448497539,0.0,1594,5,0.9723021984100342,0.619267209552733
H00016,0.004700010871645592,0.0,1039,5,0.948839008808136,0.7360217170813197
H00017,0.033813959651423614,0.0,848,5,0.9526011228561402,0.5245031204013386
H00018,0.006831266938906596,0.0,1407,5,0.9513385653495788,0.6418623923709941
H00019,0.06598039798919046,0.0,1453,5,0.9768952369689942,0.6902620238445302
H00020,0.04058856208712098,0.0,937,5,0.9385994791984558,0.6293579519895309
H00021,0.001045496992054248,0.0,1911,5,0.9315765142440796,0.6985313852356494
H00022,0.012569781438243447,0.0,1392,5,0.9592136979103089,0.6453677331075002
H00023,0.0775734802080458,0.0,1012,5,0.9347856163978576,0.7482706866276049
H00024,0.011497959125917018,0.0,1371,5,0.963820219039917,0.6348918864203337
H00025,0.007091340913685805,0.0,1044,5,0.9378404498100281,0.5899972617630553
H00026,0.005724589815256191,0.0,795,5,0.9645859003067017,0.5312773070749143
H00027,0.000322502139950405,0.0,1241,5,0.9377967476844787,0.5713371801597015
H00028,0.3657098450440252,1.0,1593,5,0.9643815994262696,0.5638068941216495
H00029,0.00028444454603017693,0.0,1581,5,0.9690434217453003,0.6419078857634324
H00030,0.004698619841464787,0.0,1398,5,0.9205953240394592,0.6862353398815357
H00031,0.008301625644042951,0.0,1533,5,0.9523839950561523,0.714240392839845
H00032,0.026089841071683127,0.0,936,5,0.95492103099823,0.6197203012155544
H00033,0.058456340203113584,0.0,1183,5,0.9780402898788452,0.4721700125271554
H00034,0.03659511921188558,0.0,1340,5,0.9514556765556336,0.6590719820077309
H00035,0.003306285871420125,0.0,1363,5,0.9399315476417541,0.7071070521867695
H00036,0.0052454144871474945,0.0,1068,5,0.9682046890258789,0.5981046591298389
H00037,0.2632440836229049,0.2,717,5,0.923013198375702,0.7222012140986676
H00038,0.02303605081726083,0.0,950,5,0.9703482389450073,0.5534267670824278
H00039,0.006861252299463447,0.0,1595,5,0.9292597889900207,0.6629519983104888
H00040,0.07511909376345359,0.0,1222,5,0.9333497285842896,0.6625675965658857
H00041,0.0035483731238797733,0.0,1081,5,0.9631632924079895,0.6566266926899169
H00042,3.666917727258965e-05,0.0,1202,5,0.9795843958854675,0.6315669858063598
H00043,0.0038537085196802276,0.0,821,5,0.9721866250038147,0.603630153166469
H00044,0.0017852085055553323,0.0,1453,5,0.9711447954177856,0.5769586377821236
H00045,0.0028576428558333396,0.0,1920,5,0.9453269243240356,0.720965811291197
H00046,0.009084050114230158,0.0,1206,5,0.9398125410079956,0.7096652201509241
H00047,0.0020143046822735005,0.0,1370,5,0.9455140948295593,0.6353164335719843
H00048,0.007303998558363931,0.0,1104,5,0.9511600852012634,0.6585912728101866
H00049,0.003525055766272293,0.0,1452,5,0.9489310145378113,0.6917243165300002
H00050,0.0023425543155215743,0.0,1330,5,0.9656628012657166,0.7005857283186545
H00051,0.09630194718151254,0.0,737,5,0.9439977288246155,0.6468646768795624
H00052,0.002490963729692792,0.0,1138,5,0.9438741326332092,0.6944960565492379
H00053,0.0018851956226604055,0.0,1363,5,0.9552341938018799,0.6666108028116907
H00054,0.01583529359342133,0.0,1165,5,0.9812215685844421,0.4651826740065238
H00055,0.015338864450963064,0.0,1181,5,0.9657786130905152,0.5337579458423495
H00056,0.04768624939829813,0.0,1061,5,0.9493161678314209,0.5499964071016702
H00057,0.0008587495686428601,0.0,787,5,0.9545088648796082,0.7776882967234029
H00058,0.015490702269618397,0.0,1053,5,0.9564579248428344,0.6298576073483713
H00059,0.00016668851981427747,0.0,1181,5,0.9713167428970337,0.7125007908153773
H00060,0.002434895582784758,0.0,1339,5,0.9734277844429016,0.7101503673030851
H00061,0.00028496709354878456,0.0,945,5,0.9662209510803222,0.6330080038507592
H00062,4.53049905622562e-05,0.0,1628,5,0.9476488113403321,0.6610173844826279
H00063,0.0111468801900993,0.0,1072,5,0.9731559514999389,0.5836687669946556
H00064,0.0003982091893179943,0.0,1869,5,0.9823027849197388,0.5599908529577026
H00065,0.009395752646364474,0.0,1907,5,0.9177468180656433,0.7127299180220529
H00066,0.008452359197662714,0.0,1353,5,0.9702725410461426,0.5902666833440009
H00067,0.002275523201901694,0.0,1784,5,0.9542608618736267,0.6876697738555306
H00068,3.089006049728168e-05,0.0,1000,5,0.9517205715179443,0.7168480699211403
H00069,0.0020767721145969974,0.0,1224,5,0.9459318161010742,0.6856071358422005
H00070,0.009086554693017692,0.0,1366,5,0.9497277498245239,0.6757689629197806
H00071,0.003108452948940717,0.0,1515,5,0.9517871499061584,0.6133697121392855
H00072,0.0052728196837258275,0.0,1003,5,0.9389679193496704,0.6266072649078669
H00073,0.0006321298215332342,0.0,1843,5,0.9346745729446411,0.6203057115576786
H00074,0.0027314961921693333,0.0,1120,5,0.9687452912330627,0.6390159415867959
H00075,0.03754778141435273,0.0,1014,5,0.9339701890945434,0.6281239377743096
H00076,0.00023497433605942157,0.0,1078,5,0.9455816864967346,0.6105299621166393
H00077,0.3125062353538708,0.2,779,5,0.9662524104118347,0.7130457935836956
H00078,0.004002932885206124,0.0,909,5,0.9615338325500489,0.6233279983708744
H00079,0.0004314005673394089,0.0,1108,5,0.9304357767105103,0.7059806266453293
H00080,0.0344136651326064,0.0,1128,5,0.9658477544784546,0.6498953354274224
H00081,0.004195664277464912,0.0,1912,5,0.9759343862533569,0.5588553451768739
H00082,0.0005070630132370837,0.0,1029,5,0.9269439458847046,0.7191476590511107
H00083,0.022222264608245612,0.0,1303,5,0.9537405848503113,0.6589755220269927
H00084,0.0006088471299859361,0.0,1037,5,0.9688161492347718,0.5866542829411368
H00085,0.007655155831408453,0.0,1132,5,0.9657247304916382,0.6704397695798994
H00086,0.0867050468357066,0.0,1148,5,0.9720109105110168,0.5834480304399003
H00087,0.0002321108909883079,0.0,1213,5,0.9448079586029052,0.6930992370639648
H00088,9.28041239854635e-05,0.0,744,5,0.9332372784614563,0.5942505092161843
H00089,0.019419359444456094,0.0,1595,5,0.9020257353782654,0.6249252650351247
H00090,8.328274850417357e-05,0.0,1432,5,0.9496462225914002,0.7286152812200848
H00091,0.0031343653061393626,0.0,1220,5,0.9695212244987488,0.6489625446947753
H00092,0.002826052721158516,0.0,1273,5,0.9627755880355835,0.6396295898900249
H00093,0.027454252986988503,0.0,821,5,0.8880874156951905,0.6338711953235234
H00094,0.0009789728622595555,0.0,1091,5,0.9611986875534058,0.653694091020393
H00095,0.001504133635534839,0.0,1145,5,0.9402019739151001,0.6420383919831434
H00096,0.004058788960365063,0.0,1069,5,0.9238640308380127,0.6856744655928739
H00097,0.025471020103301663,0.0,1033,5,0.9693163871765137,0.5150262708567704
H00098,0.0017164589318805282,0.0,1305,5,0.9856378316879273,0.5931237559469849
H00099,0.013675723620783892,0.0,1467,5,0.9587267875671387,0.5561903904622245
H00100,0.00634507060706857,0.0,1870,5,0.9641659498214722,0.5639026440292578
H00101,0.0010696412176079107,0.0,837,5,0.9337264657020569,0.6551927764395359
H00102,0.0008707466484711889,0.0,1906,5,0.9295341610908509,0.6102104692167936
H00103,0.00030355275269514103,0.0,1181,5,0.9451291799545288,0.6009205749300565
H00104,0.03340669674318539,0.0,985,5,0.972392463684082,0.5879192048410614
H00105,0.003447546253629017,0.0,1037,5,0.9781300187110901,0.6384922260764172
H00106,0.03375772252093929,0.0,1135,5,0.9402422666549682,0.5969688072381197
H00107,0.026871488013204582,0.0,1073,5,0.9313813805580139,0.6409655284655285
H00108,0.0042804353470643165,0.0,887,5,0.9464977741241455,0.6220233306516493
H00109,0.11701594385513683,0.0,1179,5,0.9381445288658142,0.7131015633208
H00110,0.013213510597711777,0.0,1152,5,0.9695965766906738,0.6480542963776168
H00111,0.014959785625642137,0.0,1011,5,0.9587010860443115,0.6588444706040899
H00112,0.0845098129004562,0.0,1173,5,0.9740113735198974,0.6252261567787581
H00113,0.01988623607100568,0.0,877,5,0.964641535282135,0.5276507950894771
H00114,0.008134052636190497,0.0,1110,5,0.9612555980682373,0.6033174903010107
H00115,0.0041476128409681,0.0,1409,5,0.9512478113174438,0.6822235763062869
H00116,4.136845837997779e-05,0.0,1598,5,0.9329550981521606,0.6539967454019047
H00117,0.001779491153871521,0.0,929,5,0.983458137512207,0.5531312325488632
H00118,0.0419713750985498,0.0,886,5,0.9758004069328308,0.6274877024854252
H00119,0.06397995692188775,0.0,1558,5,0.9706058382987977,0.6063878049004364
H00120,0.005555008620185289,0.0,1472,5,0.9695476651191711,0.6124304446416247
H00121,0.041561934937124456,0.0,1533,5,0.9532038927078247,0.6720870059426075
H00122,0.006944464507907305,0.0,1001,5,0.9463085651397705,0.7135988485673972
H00123,0.0007663423162554513,0.0,1616,5,0.9394410133361817,0.5946434379251988
H00124,0.006561273759656463,0.0,895,5,0.9515109896659851,0.6802976760416535
H00125,nan,nan,5155,0,nan,nan
H00126,0.002476648517272595,0.0,1492,5,0.8578400492668152,0.8015255480900016
H00127,0.47588801482315707,0.6,1066,5,0.9141825199127197,0.7015157277223479
H00128,0.46483064440454136,0.8,1516,5,0.9240665435791016,0.7219830985179214
H00129,0.003738117976224099,0.0,2209,5,0.892958664894104,0.6934086755086135
H00130,nan,nan,6518,0,nan,nan
H00131,0.3581620766105856,1.0,2071,5,0.8984928369522095,0.7090847683720579
H00132,0.46647089200031244,0.8,1080,5,0.8929297924041748,0.6843904594031078
H00133,0.3299473693716071,0.2,3738,5,0.8875454306602478,0.7008552148234151
H00134,0.012170153825928957,0.0,1217,5,0.961163067817688,0.7401856585783355
H00135,0.418253660419775,0.8,1160,5,0.8831034302711487,0.6967418944815661
H00136,0.3432417903086077,0.4,2370,5,0.9050566554069519,0.6330866667705175
H00137,0.0009996384207022636,0.0,3689,5,0.8664749264717102,0.6868617011836571
H00138,0.06936442231528621,0.0,4131,5,0.9202335834503174,0.7364674734825856
H00139,0.30267441050014676,0.2,1462,5,0.8935569167137146,0.7456013705451899
H00140,0.006570687330518923,0.0,1433,5,0.9312185287475586,0.786772935215027
H00141,0.1178304026866066,0.0,2793,5,0.9055369138717652,0.6852937409124974
H00142,0.00011156361620358233,0.0,2678,5,0.9046532154083252,0.7223967350174626
H00143,nan,nan,4917,0,nan,nan
H00144,0.11613716795716963,0.0,2586,5,0.9048240780830383,0.6782905947644693
H00145,0.26530035785778683,0.2,1248,5,0.8953968286514282,0.7161311473389441
H00146,0.0051612231634426235,0.0,1140,5,0.925989818572998,0.7519484582574517
H00147,0.048026181781610215,0.0,2029,5,0.9475244164466858,0.6164308363143964
H00148,0.02980119056192007,0.0,1248,5,0.9299100637435913,0.7001477157394677
H00149,0.45530781377059254,0.6,1359,5,0.9460034132003784,0.7969206985871413
H00150,0.01736638466879168,0.0,1553,5,0.9130728721618653,0.8085429168120262
H00151,0.08054261035160935,0.0,1162,5,0.9467689514160156,0.6813810012711352
H00152,0.3325899775886462,0.2,1833,5,0.9236188054084777,0.7434801208732559
H00153,nan,nan,5379,0,nan,nan
H00154,0.4437363472531832,0.4,2040,5,0.9338669061660767,0.7537277278903274
H00155,0.06926394253090588,0.0,1129,5,0.890604567527771,0.7899916733648914
H00156,0.012376865127028288,0.0,1292,5,0.9309568881988526,0.7105039591082895
H00157,0.056291429874639386,0.0,1004,4,0.9409647136926651,0.560726657685364
H00158,0.3617781520661929,1.0,3224,5,0.906263530254364,0.6001312485879364
H00159,0.00563583797959939,0.0,2674,5,0.9266617178916932,0.6362133218666747
H00160,0.2413949396640621,0.2,1027,5,0.8820406913757324,0.6959798096023467
H00161,0.0179333962220521,0.0,1234,5,0.8918125867843628,0.7662728086679693
H00162,5.4479890309250326e-05,0.0,2173,5,0.8671909213066101,0.6056071885032901
H00163,0.002165083885240809,0.0,4238,5,0.8383649230003357,0.6862936316398225
H00164,nan,nan,5388,0,nan,nan
H00165,0.015471979951881357,0.0,1546,5,0.9250218272209167,0.6667741485683487
H00166,0.014104617996948956,0.0,3322,5,0.9123723030090332,0.7648169019544
H00167,0.460184181900502,0.4,1348,5,0.8594709157943725,0.8114474346589601
H00168,0.4474293213881374,0.6,1430,5,0.9357396721839905,0.6926070957240678
H00169,0.28477553273186185,0.2,1152,5,0.8807206988334656,0.7998260939532112
H00170,0.017890782900668388,0.0,1173,5,0.869915223121643,0.7279732478440801
H00171,0.09331494677673845,0.0,1057,5,0.9376165866851807,0.7038398052599524
H00172,0.050197822034679526,0.0,1147,5,0.8600977897644043,0.8267299498756543
H00173,nan,nan,12825,0,nan,nan
H00174,0.1310702972806941,0.0,1319,5,0.8335861682891845,0.7331764981416867
H00175,0.32502118281445697,0.2,2407,5,0.9326220273971557,0.7939692796741067
H00176,0.0323090777434348,0.0,1274,5,0.9192760586738586,0.7363596066147391
H00177,0.3855827871324303,0.4,1569,5,0.9139394879341125,0.7617994276975122
H00178,0.016164754149212483,0.0,1027,5,0.9339353203773498,0.7177900591536666
H00179,0.26353600134820143,1.0,2083,5,0.8671312212944031,0.6895563814021728
H00180,0.10369601294806917,0.0,1172,5,0.8827196598052979,0.6808247826848103
H00181,0.009395994488515037,0.0,1149,5,0.919381070137024,0.7151301253323594
H00182,0.4350792978285068,0.4,1016,5,0.9337277770042419,0.6746671294922324
H00183,0.044197907012400735,0.0,1822,5,0.909962785243988,0.6927606973398253
H00184,0.35427620104088714,0.4,1344,5,0.9470183968544006,0.7773134595469553
H00185,3.940499730862051e-05,0.0,1420,5,0.9193395733833313,0.7374481796175718
H00186,0.313031470492664,1.0,1089,5,0.9234488010406494,0.7838298395665898
H00187,0.3718545844719808,1.0,1091,5,0.8789730429649353,0.7648024072372583
H00188,0.001524276550355324,0.0,1001,5,0.9591772198677063,0.6269843710473871
H00189,0.3033453777527331,0.6,1006,5,0.958926796913147,0.7097519068381597
H00190,0.00809962596058548,0.0,1956,5,0.8544996380805969,0.6818842768252378
H00191,0.0002004206816383974,0.0,1009,5,0.9249099135398865,0.7702262600096125
H00192,nan,nan,6683,0,nan,nan
H00193,nan,nan,5714,0,nan,nan
H00194,0.0036145559653161506,0.0,3208,5,0.9498527646064758,0.5480479247340053
H00195,0.4430319618207879,0.8,2465,5,0.9720162391662598,0.5331258671662519
H00196,0.35979213269057914,0.2,2676,5,0.9025598764419556,0.7720806923268244
H00197,0.029846489845992214,0.0,1186,5,0.9003135085105896,0.801482119099307
H00198,0.35864429557997607,0.2,1313,5,0.9262789845466614,0.7798020911879925
H00199,0.05384428748530777,0.0,1040,5,0.9120604276657105,0.7657568124492615
H00200,0.1640396034108134,0.0,1843,5,0.9243612408638,0.6805056803581856
H00201,nan,nan,4359,0,nan,nan
H00202,nan,nan,5537,0,nan,nan
H00203,0.00792655825418926,0.0,1293,5,0.9513946056365967,0.6062612242209042
H00204,0.06714951796540751,0.0,1287,5,0.9289390683174134,0.7487280342592479
H00205,0.4441495828976982,0.75,1382,4,0.9325138032436371,0.7578621471914815
H00206,0.004899006125894541,0.0,1108,5,0.9204228639602661,0.7916596257278261
H00207,nan,nan,8268,0,nan,nan
H00208,0.4096616767082317,0.4,1607,5,0.9100226640701294,0.7016266643654075
H00209,0.10359591036120899,0.0,1001,5,0.8974008202552796,0.6864374484665958
H00210,0.11752557905535782,0.0,2139,5,0.9248091578483582,0.6679111528001325
H00211,0.017840592518116694,0.0,1184,5,0.8797409772872925,0.6718277951382114
H00212,0.2899198248725812,0.2,1699,5,0.9239450097084045,0.5964419852793553
H00213,0.02421121250317863,0.0,1270,5,0.9356757760047912,0.7368582594665869
H00214,0.40155875769255894,1.0,1152,5,0.8699133276939393,0.7413456316155496
H00215,nan,nan,4989,0,nan,nan
H00216,0.0055752790397659265,0.0,2719,5,0.9330593228340149,0.7777882853343411
H00217,0.45598506050464804,0.8,1240,5,0.9346443772315979,0.7787455588208689
H00218,0.30835656764028696,1.0,1902,5,0.9474818110466003,0.704228217212587
H00219,0.3871535143859167,1.0,1350,5,0.9127736687660217,0.7099977105389638
H00220,0.023989863103631166,0.0,1122,5,0.9639369487762451,0.6676585780671257
H00221,0.006360546635851961,0.0,2959,5,0.9204236507415772,0.6886366562819628
H00222,0.0847325911231699,0.0,1304,5,0.9408432006835937,0.7219980676095934
H00223,nan,nan,5110,0,nan,nan
H00224,0.43244668988806195,0.4,2412,5,0.9494009017944336,0.7430981673152988
H00225,nan,nan,11783,0,nan,nan
H00226,0.004721333424183763,0.0,3422,5,0.9506033062934875,0.6978960075013755
H00227,0.008333376352847716,0.0,3134,5,0.8791278719902038,0.7161157498317257
H00228,nan,nan,5682,0,nan,nan
H00229,nan,nan,8249,0,nan,nan
H00230,0.12292467135687078,0.0,1585,5,0.9313689589500427,0.6857446324264294
H00231,0.4048858616345004,0.6,1395,5,0.876180112361908,0.7683775959208148
H00232,0.01227279960051675,0.0,1199,5,0.9574601888656616,0.68004279295492
H00233,nan,nan,5163,0,nan,nan
H00234,0.3890877864319046,0.4,1101,5,0.9737884283065796,0.7017572502410274
H00235,0.2862614000687544,0.2,1170,5,0.8981740713119507,0.7681079286615293
H00236,0.29360118944540314,0.2,1032,5,0.9478626132011414,0.7242705833204227
H00237,0.008364620584791352,0.0,3801,5,0.8664266705513001,0.679491573797747
H00238,nan,nan,5377,0,nan,nan
H00239,0.020533530201314903,0.0,1320,5,0.9147416114807129,0.7871796093361045
H00240,0.31001387546404124,0.2,1021,5,0.9441189765930176,0.7250731905066615
H00241,nan,nan,6614,0,nan,nan
H00242,nan,nan,8748,0,nan,nan
H00243,0.3675157837700219,1.0,1362,5,0.8587897658348084,0.7600877589218517
H00244,nan,nan,5908,0,nan,nan
H00245,0.44115601343378147,0.6,1239,5,0.8986851215362549,0.7599480471149528
H00246,0.251731477294019,0.2,1347,5,0.9174040675163269,0.736540745194054
H00247,0.4908542065521027,0.8,1092,5,0.9047802567481995,0.682030705580131
H00248,0.004930966107805115,0.0,3455,5,0.930672824382782,0.6753467281023331
H00249,0.07633739245175158,0.0,1231,5,0.9001632332801819,0.842633655394525
H00250,0.2686986037513848,0.2,2336,5,0.9448193550109864,0.6669941694319931
H00251,0.37053743741730427,0.4,2157,5,0.9373758554458618,0.6764902181746869
H00252,0.41990651795176176,0.6,1905,5,0.945943546295166,0.7352798927765187
H00253,0.03724271086537917,0.0,3111,5,0.9021538138389588,0.7896915980699454
H00254,0.28495939842613277,1.0,2186,5,0.955728805065155,0.6226382991946497
H00255,0.026362553824013295,0.0,1429,5,0.9020247340202332,0.7524047767277413
H00256,0.344757533238957,0.2,2091,5,0.9197053909301758,0.7409215947812159
H00257,0.01329567432564272,0.0,2092,5,0.8967195749282837,0.6360823019128592
H00258,0.44619798573796954,0.6,1736,5,0.9227887868881226,0.7310501306550741
H00259,nan,nan,4225,0,nan,nan
H00260,0.21630004300498376,0.2,1009,5,0.9270022511482239,0.7082341492771702
H00261,0.3273081008062006,0.8,2810,5,0.9370988011360168,0.6982413159377885
H00262,0.3772181717324237,0.6,1513,5,0.9291285634040832,0.7045067219861918
H00263,0.024279451727667396,0.0,3083,5,0.8548711895942688,0.8240802505544128
H00264,0.35144523031052943,0.4,2673,5,0.9738626122474671,0.5670646828021534
H00265,0.39576556539442365,0.2,2130,5,0.9073442339897155,0.6012507670979241
H00266,0.09518097812861166,0.0,1433,5,0.9574902415275574,0.7136968408921016
H00267,0.001556620338019535,0.0,2042,5,0.9154479146003723,0.7043221127914145
H00268,0.36502722624775175,0.6,2076,5,0.8660451173782349,0.6348660387947429
H00269,nan,nan,3965,0,nan,nan
H00270,0.5044390092003554,0.6,1768,5,0.9143360018730163,0.7423118580317709
H00271,0.008747219200264698,0.0,2104,5,0.9259787797927856,0.7071254122460401
H00272,0.008911076650884413,0.0,3802,5,0.9348076701164245,0.6493286146572146
H00273,0.3839535699341785,0.2,1503,5,0.9477069735527038,0.6217363616215034
H00274,0.05145968889643717,0.0,1164,5,0.8907072901725769,0.7162576143372222
H00275,0.2274356387600166,0.2,1699,5,0.9028951764106751,0.7420411364236783
H00276,0.27895737309712093,0.2,1408,5,0.9047478437423706,0.6642294322206981
H00277,0.0032342676664690664,0.0,1357,5,0.8911284446716309,0.702169969722157
H00278,0.23716005130317683,0.8,1376,5,0.920555579662323,0.7017632591341074
H00279,0.4402731754528445,0.8,1260,5,0.9652627110481262,0.6904168212647427
H00280,0.10124381339285063,0.0,1721,5,0.9480442047119141,0.6726337470497377
H00281,0.007013264909864777,0.0,2164,5,0.9076727390289306,0.6425998888203738
H00282,0.3674405437208885,0.2,2573,5,0.9186450242996216,0.7055085117382542
H00283,0.011250686669437049,0.0,2820,5,0.8898165941238403,0.7601766693144151
H00284,0.09183816664088011,0.0,2417,5,0.9049169063568115,0.7289417726404757
H00285,nan,nan,1894,0,nan,nan
H00286,0.11742417795351383,0.0,3968,5,0.9476195693016052,0.6898679997375187
H00287,0.010743642664614294,0.0,1409,4,0.9079099744558334,0.680678024809896
H00288,0.07498423603487893,0.0,2878,4,0.832341343164444,0.7848321563333397
H00289,0.005123887350707787,0.0,3371,5,0.9667383432388306,0.6530989281441653
H00290,0.28621358867394964,0.2,2980,5,0.9239184975624084,0.6902626862401668
H00291,0.3243571245616414,0.2,1215,5,0.9632954478263855,0.6240391120930546
H00292,0.4514352437310062,0.6,1454,5,0.9410104870796203,0.717076828389291
H00293,0.07944072955767029,0.0,1753,5,0.9372466325759887,0.6450854471326444
H00294,0.3244244579303155,0.4,1157,5,0.9489740252494812,0.7125201763873866
H00295,0.41155993021730986,0.6,1343,5,0.8579240679740906,0.6402697570851104
H00296,0.039659536639434466,0.0,2068,5,0.9132011532783508,0.6039848133232908
H00297,0.35218182589305347,0.4,1782,5,0.9392999768257141,0.6926414344529398
H00298,0.41696687259730913,0.8,1288,5,0.93137446641922,0.7252781698182564
H00299,0.0159625656691476,0.0,2496,5,0.9238827943801879,0.7162878647586135
H00300,0.3590368553514559,0.8,1250,5,0.9604229807853699,0.7427287553916398
H00301,0.002579375747086156,0.0,3667,5,0.9231640815734863,0.6136533426263748
H00302,0.4332548608815727,0.4,981,5,0.933423888683319,0.7672924768557554
H00303,0.13712882192363868,0.0,2807,4,0.8480437994003296,0.7892678533272386
H00304,0.12475545237097499,0.0,4571,5,0.9397537112236023,0.6344089205444767
H00305,0.330304698395892,0.8,733,5,0.9216533899307251,0.7689349504280092
H00306,0.11740988329118045,0.0,2456,5,0.9224577665328979,0.6165081342270267
H00307,0.13995074228610632,0.0,3239,4,0.9265288412570953,0.526162756762965
H00308,0.0013728413981111734,0.0,2114,5,0.9074625134468078,0.7386419163419811
H00309,0.3674405437208885,0.2,2573,5,0.9186450242996216,0.7055085117382542
H00310,0.032263184448124455,0.0,3105,5,0.934147584438324,0.6994547337701855
H00311,nan,nan,4140,0,nan,nan
H00312,0.11478855809406913,0.0,2151,5,0.9352835178375244,0.6866721782686376
H00313,0.4438191365467573,0.4,2585,5,0.8942355513572693,0.6829216526556581
H00314,0.02298453184442877,0.0,3543,5,0.8918914318084716,0.7191693169918194
H00315,0.11909329682027361,0.0,2340,5,0.9320624709129334,0.7246607305699971
H00316,0.33460453348072333,0.2,2630,5,0.9454316139221192,0.6583779505777759
H00317,0.44564440614145384,0.6,1161,5,0.900822389125824,0.7649041105902471
H00318,0.4326796663556037,0.4,1789,5,0.906434690952301,0.7194581701464953
H00319,0.06998465928889878,0.0,1185,5,0.9365006923675537,0.6725328086906337
H00320,0.0009485058419599651,0.0,3828,5,0.9139570713043212,0.6798745998720538
H00321,0.0037751970712465374,0.0,2045,5,0.9466485023498535,0.7649762943259877
H00322,0.10655269308910591,0.0,1079,5,0.9110891103744507,0.7212003347887435
H00323,0.4241307446670516,0.4,2485,5,0.8979542493820191,0.7399802413507102
H00324,0.3750747809401643,0.6,1547,5,0.9332056522369385,0.7302103767410493
H00325,0.3714757056364426,1.0,1236,5,0.9551891088485718,0.6521010476505673
H00326,0.026039940021927294,0.0,1107,5,0.9008074522018432,0.7100244773774942
H00327,nan,nan,4765,0,nan,nan
H00328,0.4499167115964131,0.6,3229,5,0.8650588870048523,0.7894007950440122
H00329,0.32144835684765527,0.2,1292,5,0.9339626789093017,0.7164828060821605
H00330,0.2513305051323769,0.2,1162,5,0.9553822159767151,0.6271329473233688
H00331,0.03452652340906295,0.0,908,5,0.9486439943313598,0.7030455897566877
H00332,0.42105371821505,0.4,2643,5,0.9117438077926636,0.7278065516256145
H00333,0.06293017346850753,0.0,3722,5,0.9744753122329712,0.6744041139658091
H00334,0.01244337328950762,0.0,1044,5,0.9603298902511597,0.5624571778359903
H00335,0.0454420410308832,0.0,3747,5,0.9388434648513794,0.6365685095502591
H00336,0.028036028707487975,0.0,1313,5,0.9238804578781128,0.7083385000061739
H00337,0.10795012312972344,0.0,2103,5,0.9054160594940186,0.534805693750053
H00338,0.0026685935434396387,0.0,2938,5,0.9448968410491944,0.6390672867955487
H00339,0.010831035695383474,0.0,1667,5,0.9310759544372559,0.5407634461881834
H00340,0.2308222023346901,0.2,1822,5,0.9427212476730347,0.6979646326980792
H00341,0.1625028831979514,0.0,1743,5,0.9276921033859253,0.649221523628483
H00342,0.48023088244415374,0.6,1784,5,0.9218079447746277,0.6932889932938823
H00343,0.42741478643016223,0.8,1979,5,0.9520621180534363,0.6907027286428989
H00344,0.32088073844107606,0.6,1334,5,0.9151783227920532,0.6167234713411565
H00345,0.2630650057015641,0.2,1196,5,0.8871712446212768,0.6728297829321652
H00346,0.3632796232208502,0.4,1879,5,0.9478220343589783,0.7140614424145943
H00347,0.03343443612250006,0.0,4294,5,0.8797778129577637,0.699028687258698
H00348,0.011880185004756296,0.0,3800,5,0.9331767797470093,0.6267755699367615
H00349,0.03242799111670538,0.0,1458,5,0.9228702187538147,0.7697264921411537
H00350,0.4090195580493054,0.8,1364,5,0.9442350625991821,0.6892038177601598
H00351,0.3135282656876186,0.2,1672,5,0.9368790030479431,0.7393860413228193
H00352,0.06096635244890466,0.0,1715,5,0.9358561277389527,0.7337211945443473
H00353,0.45153599204671613,0.6,1743,5,0.934961473941803,0.7375299813258578
H00354,0.0929774184343563,0.0,2975,5,0.8978618502616882,0.7234937914060584
H00355,0.403756449383805,0.6,1008,5,0.9277768611907959,0.7167617314495521
H00356,0.4228483062935954,0.4,2475,5,0.9288188099861145,0.6365294486652292
H00357,0.357784957335091,0.2,1141,5,0.9649094820022583,0.5951910945115899
H00358,nan,nan,9421,0,nan,nan
H00359,0.4031123060482574,0.8,2043,5,0.9513221383094788,0.6015183870066287
H00360,0.46123703514375736,0.6,2156,5,0.9169012665748596,0.7007307931532957
H00361,0.34670666375417436,0.2,856,5,0.9150390148162841,0.7792589763177998
H00362,0.3685314341550397,0.2,1604,5,0.911739444732666,0.668723294988175
H00363,0.42130411143370605,0.4,1213,5,0.9514156103134155,0.6528739421155808
H00364,0.2184769784312336,0.2,2428,5,0.9362684488296509,0.6714138093377671
H00365,0.28998965138540767,0.2,2932,5,0.8991784691810608,0.686245694870291
H00366,0.31572743053539226,0.2,2590,5,0.9211681723594666,0.7316872738796842
H00367,0.021848079135298976,0.0,3495,5,0.8860138058662415,0.7284961525355571
H00368,0.047606360175262576,0.0,1825,5,0.9228649973869324,0.7223370796015891
H00369,0.3574081236373622,1.0,1200,5,0.9512391209602356,0.7178126332305822
H00370,0.07770018324712727,0.0,3022,5,0.8852124333381652,0.7506053845033224
H00371,0.39648733415757,0.8,1229,5,0.9286866188049316,0.6329178318662156
H00372,0.32525058067048984,0.2,1810,5,0.9174521803855896,0.7051875884645753
H00373,0.10028218222321002,0.0,1623,5,0.886986231803894,0.6751252682847039
H00374,0.3682471354098879,0.2,3279,5,0.8767009615898133,0.7444852699890007
H00375,0.008809658069532253,0.0,1136,5,0.8947003841400146,0.7138059069770591
H00376,3.122610133604952e-05,0.0,1861,5,0.8886075615882874,0.7158321478393448
H00377,0.09011641228969029,0.0,1134,5,0.8957965731620788,0.7448279052059834
H00378,0.00024166183507994175,0.0,2042,5,0.8838025212287903,0.6790922175040576
H00379,2.7016991085514604e-05,0.0,1703,3,0.8427796761194865,0.7444350094350094
H00380,0.00011388544996217619,0.0,1214,3,0.8182281454404196,0.8319479246084739
H00381,0.0016783370532090986,0.0,1287,5,0.8946211457252502,0.6838855610649871
H00382,0.6675731742605866,1.0,1703,1,0.8025083541870117,0.7938144329896908
H00383,nan,nan,1397,0,nan,nan
H00384,0.013149753883359887,0.0,1089,5,0.9175924897193909,0.7011268224298826
H00385,0.0019073517643939583,0.0,1052,5,0.8515779733657837,0.7624577554849331
H00386,0.026631423385071747,0.0,1524,5,0.9128316164016723,0.6994964129002911
H00387,0.0035459746068135585,0.0,2080,5,0.8136608123779296,0.8374531001236749
H00388,0.0025211884885677415,0.0,1103,5,0.8600995302200317,0.8321053729344368
H00389,0.0001375401193175038,0.0,1219,4,0.8256447166204453,0.7319141627291964
H00390,nan,nan,1100,0,nan,nan
H00391,0.015348971150663757,0.0,1428,4,0.8251235634088516,0.7707670417349447
H00392,4.6526490262180904e-05,0.0,2319,5,0.876463508605957,0.6522754404685509
H00393,0.007167057888751,0.0,1472,5,0.9137825012207031,0.7001797355649396
H00394,0.009878247842649736,0.0,1273,5,0.8701488137245178,0.7182316046322403
H00395,0.002795407393009691,0.0,1028,5,0.8723646640777588,0.7992389495346409
H00396,0.37405984283894567,0.8,1006,5,0.8232667207717895,0.6988571801938331
H00397,0.0002402218677702989,0.0,2340,5,0.9444629788398743,0.7341131605593457
H00398,0.019545617239318573,0.0,1445,5,0.8771539092063904,0.7505779226891918
H00399,0.0046756815660768105,0.0,1238,5,0.8600863099098206,0.8030492736543859
H00400,0.02036520689614681,0.0,1059,5,0.8724363088607788,0.7964773180439357
H00401,nan,nan,1109,0,nan,nan
H00402,0.0017904533189680208,0.0,1033,5,0.8855131387710571,0.7339443182884018
H00403,0.011297537564895462,0.0,1120,5,0.8985357522964478,0.77935369511593
H00404,0.0015223688982717056,0.0,1722,5,0.9207798957824707,0.6710264925523017
H00405,0.00012721312883262834,0.0,1242,2,0.8720054924488068,0.802552070800246
H00406,0.018403105909419994,0.0,1098,4,0.8706661611795425,0.7884064497644782
H00407,0.04870840966435576,0.0,2274,3,0.832785983880361,0.7858493714392081
H00408,0.008667858848690108,0.0,1883,5,0.8569123268127441,0.6907166574633805
H00409,nan,nan,1215,0,nan,nan
H00410,0.04683010965081239,0.0,1128,5,0.8815007686614991,0.669511082561913
H00411,0.005339465392531661,0.0,1471,5,0.9091116428375244,0.6377092993520203
H00412,0.0026169764392581407,0.0,1386,5,0.8409688711166382,0.7151958445053411
H00413,0.0006365492510275587,0.0,1433,5,0.8572178244590759,0.780942451587373
H00414,0.00870507923951656,0.0,1357,4,0.8140542656183243,0.7053789617557095
H00415,0.003906908960871838,0.0,1333,5,0.8644279479980469,0.7287836837038353
H00416,2.4787620061648126e-06,0.0,2348,2,0.8656851053237915,0.4152868969454753
H00417,7.320518942429515e-05,0.0,1134,4,0.8634796738624573,0.7378316885774807
H00418,0.008702051792583952,0.0,1263,5,0.8693649172782898,0.7904682835346482
H00419,0.011625932125904185,0.0,1069,5,0.8465190768241883,0.7317016319092827
H00420,nan,nan,1020,0,nan,nan
H00421,0.23038053106833933,1.0,1046,5,0.8934129118919373,0.7163758569137076
H00422,0.019275663825001472,0.0,1846,5,0.9385411381721497,0.6238372370812227
H00423,0.005188246828731805,0.0,1129,5,0.8823017477989197,0.7877416812034691
H00424,0.054076600100978936,0.0,1217,5,0.8207765460014343,0.7874422560125183
H00425,0.4252571636394252,0.8,1280,5,0.8932730317115783,0.7388465099948229
H00426,0.0022706452337564074,0.0,1777,5,0.8508394479751586,0.7270361234606296
H00427,0.00759804969768622,0.0,1268,5,0.9042868733406066,0.6929475064389727
H00428,0.003477378354711997,0.0,1161,5,0.8879026055335999,0.7043943018193757
H00429,0.02486621383663111,0.0,1038,4,0.8452033400535583,0.6566105754328073
H00430,0.0032910819371014194,0.0,1141,5,0.9209291577339173,0.7008220278726128
H00431,0.013655459346979128,0.0,1006,5,0.8784928917884827,0.7431137486070688
H00432,nan,nan,2759,0,nan,nan
H00433,0.005055183528385584,0.0,1580,4,0.8322727829217911,0.7440099313749935
H00434,3.58228915892805e-05,0.0,1330,5,0.9307916283607482,0.5811136898819955
H00435,0.0014655167555288054,0.0,1242,5,0.8686675667762757,0.7113294929425444
H00436,0.044289322490245885,0.0,1127,5,0.8565711975097656,0.7515489942757164
H00437,0.013068428572986101,0.0,1159,5,0.8774049162864686,0.7352633251432158
H00438,0.006198590684338333,0.0,1577,5,0.8523138642311097,0.7499868869656439
H00439,0.011551602801921544,0.0,1507,5,0.8460427284240722,0.6643611138681899
H00440,nan,nan,12355,0,nan,nan
H00441,0.013808168532579213,0.0,1396,4,0.8697701245546341,0.6318695455095378
H00442,0.0035969831947763827,0.0,1214,5,0.8418208837509156,0.7804934467745251
H00443,nan,nan,4683,0,nan,nan
H00444,0.004447029047844122,0.0,1366,5,0.8929114818572998,0.6093886133184739
H00445,nan,nan,9793,0,nan,nan
H00446,0.0169674430982479,0.0,1775,3,0.8195768793423971,0.7137822409597588
H00447,nan,nan,1551,0,nan,nan
H00448,0.009122844959760535,0.0,1274,4,0.8450463116168976,0.7687600782163396
H00449,0.017721878484571168,0.0,1423,4,0.8146666884422302,0.7796917606047264
H00450,0.00011209703455850098,0.0,1215,1,0.8595089912414551,0.7377777777777778
H00451,0.0249271323405953,0.0,1228,5,0.8919857859611511,0.7637606419070078
H00452,0.006005130543147198,0.0,1132,5,0.9065423727035522,0.6163456882010646
H00453,0.03628004464305154,0.0,1457,5,0.8661489248275757,0.7535165107579145
H00454,0.002620459817052483,0.0,2927,5,0.8650724649429321,0.691147161138057
H00455,nan,nan,1180,0,nan,nan
H00456,nan,nan,1102,0,nan,nan
H00457,0.000618365714195793,0.0,1205,5,0.9415722846984863,0.6123150243219145
H00458,0.05973556519636287,0.0,1177,4,0.8099455237388611,0.6684072724699367
H00459,nan,nan,1092,0,nan,nan
H00460,0.004137294108731785,0.0,2556,5,0.8338612794876099,0.7641895524062392
H00461,0.010786340404827788,0.0,1467,5,0.8860545992851258,0.69388064322186
H00462,7.860549541245292e-05,0.0,1155,3,0.8243961930274963,0.7560232276344808
H00463,2.122856717834165e-05,0.0,1201,5,0.8371104598045349,0.7751797444145065
H00464,0.0038375991217871742,0.0,1314,5,0.8478182315826416,0.6889478355727945
H00465,0.002019401878277034,0.0,1562,5,0.8588638067245483,0.7861194349707324
H00466,0.0035110365831682437,0.0,1004,5,0.8565272569656373,0.7979899648518006
H00467,nan,nan,1075,0,nan,nan
H00468,0.0010765984398177692,0.0,1256,1,0.8354276418685913,0.6860986547085202
H00469,0.013156701968599738,0.0,1421,5,0.9136876225471496,0.645855182195462
H00470,0.003751547389888052,0.0,1096,5,0.8732636213302613,0.7046122112944472
H00471,0.00019173389742904623,0.0,1967,5,0.8769908905029297,0.6865687335156092
H00472,0.0030526877649910927,0.0,2306,5,0.8702163577079773,0.6378072228283636
H00473,0.4401355944508713,0.4,1091,5,0.8369633436203003,0.7963325256902316
H00474,0.0015318218273962974,0.0,1286,5,0.8212363243103027,0.7070012519020727
H00475,0.3244591466252133,0.8,1256,5,0.9188207507133483,0.5638662856950317
H00476,0.38805147031908777,0.6,1037,5,0.9234494566917419,0.5922358677824973
H00477,0.28176841435289446,1.0,1029,5,0.8374110221862793,0.7828380413436251
H00478,0.012533745272641969,0.0,1262,4,0.8474407941102982,0.7842121099228283
H00479,0.023442210513980658,0.0,1150,5,0.8326547980308533,0.7544316069563246
H00480,0.007970256589533127,0.0,1987,5,0.8482832193374634,0.7364815380951614
H00481,0.008637814852329477,0.0,2089,5,0.8865768194198609,0.660154165711542
H00482,nan,nan,1098,0,nan,nan
H00483,0.006513855140119117,0.0,1949,3,0.8451807300249735,0.7527777777777778
H00484,0.0005491286550704064,0.0,1162,1,0.8128710389137268,0.755656108597285
H00485,0.009772701665838882,0.0,1048,4,0.8298116773366928,0.7560573732213636
H00486,0.04538027223983355,0.0,1020,5,0.8715707898139954,0.7352708817720444
H00487,0.09647473112140786,0.0,1126,4,0.8351542502641678,0.540780846881111
H00488,0.012212971183279245,0.0,1566,5,0.8435033917427063,0.6082064594175952
H00489,0.002277805611272098,0.0,3143,5,0.8560042023658753,0.6837660325335981
H00490,0.0038100474614432495,0.0,1862,5,0.8561356663703918,0.7680866307459473
H00491,0.017728144595440334,0.0,1053,1,0.8068368434906006,0.7873303167420814
H00492,0.23774421828898695,1.0,1141,5,0.8533189058303833,0.8065419441259021
H00493,nan,nan,1400,0,nan,nan
H00494,0.07095061094103665,0.0,1343,3,0.8159096042315165,0.850009074585634
H00495,0.016923299579690666,0.0,1377,4,0.8330492675304413,0.726254587020799
H00496,nan,nan,1607,0,nan,nan
H00497,0.007038493328387226,0.0,1764,5,0.8622024416923523,0.7192752263277468
H00498,4.9863111226520026e-05,0.0,1577,5,0.8590602993965148,0.7399256278504627
H00499,0.02687820537357268,0.0,1092,5,0.8853041291236877,0.7933957829610003
H00500,0.3914381641076929,1.0,1544,5,0.9321680426597595,0.4674450572793688
H00501,0.35120532848991376,1.0,1591,5,0.9496798157691956,0.4952793336535378
H00502,0.012870253268166865,0.0,1379,5,0.9237913608551025,0.5659706596157827
H00503,0.43051208334004565,0.8,1604,5,0.9175336480140686,0.5785980160232447
H00504,0.38164728221949246,1.0,1465,5,0.9569864273071289,0.52060953250206
H00505,0.4036292802248082,1.0,1127,5,0.9642978429794311,0.4926261800323724
H00506,0.3928680845234619,0.6,1466,5,0.9786169171333313,0.4573639660121399
H00507,0.04856597951954589,0.0,1913,5,0.948789119720459,0.3931365232993375
H00508,0.45948912134116754,0.8,1439,5,0.9093889355659485,0.5485540450349127
H00509,0.01834507566101257,0.0,1540,5,0.9401768445968628,0.4751121849167731
H00510,0.016159027374668945,0.0,1588,5,0.9453852772712708,0.5464361229088986
H00511,0.3682223565801663,1.0,1520,5,0.941830825805664,0.5523002329744391
H00512,0.4476765392081564,0.6,1542,5,0.9783007979393006,0.3915934974691496
H00513,0.33238245562258917,0.4,1360,5,0.9794895052909851,0.47946287905932666
H00514,0.2162148379977088,1.0,3530,5,0.9963613748550415,0.47154715853319534
H00515,0.3336869625258237,1.0,1425,5,0.9680997133255005,0.5191652271656293
H00516,0.31775811152033945,1.0,1565,4,0.9666888117790222,0.4068676581993027
H00517,0.013898039118958344,0.0,1362,5,0.9804194450378418,0.5353188424584403
H00518,0.3559854409106443,1.0,2141,5,0.971558666229248,0.4112725920572191
H00519,0.1508998283210129,0.0,2126,5,0.9577070116996765,0.4019238820337316
H00520,0.015447874557547427,0.0,1594,3,0.9779008428255717,0.3835697399527187
H00521,0.37785322519242365,0.8,1234,5,0.961666750907898,0.44203743175754073
H00522,0.013784736251334103,0.0,1595,5,0.9794787287712097,0.5135154436878473
H00523,0.49998009836463586,0.6666666666666666,2009,3,0.8135121663411459,0.6962961349236606
H00524,0.0014861775588439563,0.0,1449,5,0.9750157594680786,0.3435313008825057
H00525,0.30292673634372014,1.0,2293,5,0.9496630907058716,0.4534816273763605
H00526,0.3558534877075187,1.0,1444,5,0.9495903491973877,0.578435874476271
H00527,0.023693205958384114,0.0,1455,5,0.9438602209091187,0.42559524263956067
H00528,0.35601618251937245,1.0,1341,5,0.8321693420410157,0.4605690061788228
H00529,0.06651119710198608,0.0,1486,5,0.9467217564582825,0.41965509467872025
H00530,6.303992673254974e-05,0.0,1285,5,0.9713884830474854,0.468590530752937
H00531,0.4385604327570985,0.8,1790,5,0.9665416359901429,0.4439176736976897
H00532,0.3886574395876095,1.0,1619,5,0.9293240427970886,0.3672861613427165
H00533,0.3382453315705014,0.6,1491,5,0.9535589933395385,0.586233137834133
H00534,0.45769027672475127,0.4,2565,5,0.9764193773269654,0.5004231522296108
H00535,0.022052436641538706,0.0,1359,5,0.9559747338294983,0.5717671100261702
H00536,0.051729018888577255,0.0,1190,5,0.863638412952423,0.5113541343693553
H00537,0.001534842756192105,0.0,1418,5,0.9700344562530517,0.4635048927064549
H00538,0.0028035966476338357,0.0,1688,5,0.9495462536811828,0.46585838472714236
H00539,0.0015011846821307796,0.0,1388,5,0.9726529121398926,0.533978547911065
H00540,1.82183492400684e-05,0.0,1189,5,0.9173367261886597,0.527357420263973
H00541,0.3243243539783909,1.0,1387,5,0.9687116026878357,0.5138406461289575
H00542,0.3531818708804056,1.0,1389,5,0.9369107127189636,0.422385054214364
H00543,0.36663348456125494,1.0,1686,5,0.9512943625450134,0.4659067255063535
H00544,0.3555768879594167,0.2,2390,5,0.9652447819709777,0.4294063616463205
H00545,0.18443277644383965,0.2,2173,5,0.9933419466018677,0.39122851734473685
H00546,0.4038054019614217,0.8,1901,5,0.9444214820861816,0.5043572412228736
H00547,0.26396934600744,1.0,1370,5,0.9443743705749512,0.5289226435882359
H00548,0.04801539499120613,0.0,1270,5,0.9767411231994629,0.5278783442581154
H00549,0.002901933971416454,0.0,1438,5,0.9480656743049621,0.47115207291947014
H00550,0.0008460527744935193,0.0,1361,5,0.950383973121643,0.4680502072792675
H00551,0.006369789891411573,0.0,1490,5,0.976511549949646,0.44508154098760944
H00552,0.015089996575531945,0.0,1360,5,0.9196058869361877,0.5957897894190278
H00553,0.43466394292962585,0.6,1534,5,0.9457051634788514,0.43448636507535776
H00554,9.661875044614914e-05,0.0,1135,5,0.9427731156349182,0.48972754127894014
H00555,0.10717853887643806,0.0,2179,4,0.9686058908700943,0.3225413229261592
H00556,0.3626285322352207,0.2,1513,5,0.852478301525116,0.4533166077122295
H00557,0.35903972956111396,1.0,1739,3,0.9133524298667908,0.3873648451723681
H00558,0.018931457664028636,0.0,1458,5,0.9626992344856262,0.46344561864581274
H00559,0.09370021573365234,0.0,1655,5,0.9057346463203431,0.6122147055722874
H00560,0.28932094430603117,1.0,1374,5,0.953454315662384,0.4511553023995929
H00561,0.02924031111320176,0.0,1497,5,0.9576308012008667,0.6280315019709833
H00562,0.046718422713046555,0.0,1575,5,0.9736593961715698,0.4076010794629412
H00563,0.31730749267504044,1.0,1535,5,0.9446113109588623,0.3884912472029064
H00564,0.0007378856665770304,0.0,1814,5,0.9580474257469177,0.3528089063948835
H00565,0.4146898360868999,0.4,1496,5,0.9584903597831727,0.4732730979811851
H00566,0.01702304912594414,0.0,1579,5,0.9794440627098083,0.48862656706723434
H00567,0.017232931552907536,0.0,1391,5,0.96363844871521,0.3425476553283191
H00568,0.3698995310729997,1.0,1520,5,0.9501454591751098,0.43417176232490357
H00569,0.31606196797256925,0.25,1557,4,0.9778694659471512,0.3621123228300469
H00570,0.01818098880659922,0.0,1850,5,0.9518784523010254,0.4479778992936887
H00571,0.10943825626144722,0.0,2686,5,0.9590609788894653,0.40587301480517246
H00572,0.2939265480044506,1.0,2426,4,0.974853977560997,0.3835958503474357
H00573,0.26242858190968094,1.0,1322,5,0.9261597156524658,0.48051623726053994
H00574,0.1403658240823239,0.2,2067,5,0.9420756101608276,0.5640665364245024
H00575,0.31209687696227867,0.2,2304,5,0.9757693886756897,0.3878502595722722
H00576,0.4602740379631122,0.8,1529,5,0.9610132813453675,0.4915003980213496
H00577,9.221225756903421e-05,0.0,1207,5,0.918355667591095,0.5832127490227019
H00578,0.1203901795323393,0.0,1581,5,0.9425094962120056,0.48365442296098715
H00579,0.5114339685264346,1.0,1516,2,0.9732751250267029,0.35647893772893774
H00580,0.006731839710869068,0.0,1355,5,0.9387945294380188,0.5219648520008233
H00581,0.2388883358010698,0.2,1274,5,0.9357225179672242,0.5593340043320231
H00582,0.3554949845306502,0.8,2275,5,0.9513246893882752,0.4319358402406621
H00583,0.003848520102590488,0.0,1788,5,0.8472836732864379,0.5009744783609855
H00584,0.24104056125483395,1.0,1973,5,0.9764850378036499,0.3681643625701402
H00585,0.01612529663210655,0.0,2467,5,0.8653629779815674,0.4321428502456081
H00586,0.000791799075265338,0.0,1934,3,0.9737921357154846,0.3217571381167366
H00587,0.003716168866826832,0.0,1593,5,0.9572141766548157,0.4978131765947775
H00588,0.2569776868674658,0.2,1567,5,0.9691304087638855,0.36354466394284807
H00589,0.42919242409020286,0.4,1616,5,0.9572217583656311,0.586956314381551
H00590,0.006150973916723561,0.0,2254,5,0.9645389199256897,0.5553474184866964
H00591,0.005184231166594675,0.0,1576,5,0.9510849952697754,0.5196253187544286
H00592,0.11709360915837395,0.0,1550,5,0.9623202800750732,0.5983661892469962
H00593,0.2771668779151617,0.4,1182,5,0.9018295407295227,0.6661180694161771
H00594,0.000650385601306399,0.0,1292,5,0.9508394718170166,0.5406929314111635
H00595,2.8425448219288887e-05,0.0,1560,5,0.924543559551239,0.6007589390260858
H00596,0.3204655208553637,1.0,1394,5,0.9020015478134156,0.4024704688076781
H00597,0.08738711409919762,0.0,1911,5,0.9579696536064148,0.545231056769604
H00598,0.002050623484285659,0.0,2094,5,0.964689576625824,0.443338141278379
H00599,0.01841744137510859,0.0,1787,4,0.9683309495449066,0.398409911658676
H00600,0.4367271033041706,1.0,1328,4,0.8665014803409576,0.583072468820367
H00601,0.36967032032734287,0.4,2020,5,0.954466712474823,0.52323236814374
H00602,0.002455306562725535,0.0,1295,5,0.9566730737686158,0.5069980886749608
H00603,0.01184539777430734,0.0,1377,5,0.9282099366188049,0.6149573061026076
H00604,0.3585672349802997,0.6,2620,5,0.9768522620201111,0.43532007221491603
H00605,0.3829916039809982,0.6,1559,5,0.9488129377365112,0.45343422798026384
H00606,0.3081237973962948,1.0,1704,3,0.9704846342404684,0.33825445458612496
H00607,0.2512842277293144,0.2,1114,5,0.9445374369621277,0.5860278312774567
H00608,0.24257968331840224,1.0,1578,5,0.9599817991256714,0.47846651897095727
H00609,0.3846186363744019,1.0,1473,5,0.9679943323135376,0.38992824454878783
H00610,0.040576376787619516,0.0,2083,5,0.9307667851448059,0.4684806501003763
H00611,0.3935959820626264,1.0,1339,5,0.9254018783569335,0.4400016637479364
H00612,0.3603490073784988,0.8,1454,5,0.9579390764236451,0.5488437943806325
H00613,0.24826189971367352,0.2,1440,5,0.964183759689331,0.618943311968543
H00614,0.4065729146582194,1.0,1550,5,0.9685330986976624,0.42020613347410274
H00615,0.12806629399363775,0.0,1449,5,0.93100905418396,0.5307349322609987
H00616,0.005844487851818808,0.0,1506,3,0.9646517634391785,0.3662777736106944
H00617,0.058300768167547236,0.0,1588,5,0.9629928827285766,0.5934603765439582
H00618,0.3706304277926522,1.0,1529,5,0.9598095297813416,0.4534056838124953
H00619,0.024359261054421204,0.0,1430,5,0.9399990916252137,0.5756251310088357
H00620,nan,nan,5759,0,nan,nan
H00621,0.42513708695774655,0.75,1572,4,0.9588973373174667,0.3522885558938444
H00622,0.2827743194701923,0.2,1508,5,0.9339107632637024,0.6254397795508261
H00623,0.0007231514564319379,0.0,1414,5,0.9833819985389709,0.4386844659759642
H00624,0.018360138065835387,0.0,1348,5,0.9732426881790162,0.4925591691187437
H00625,0.0735772076933574,0.0,941,5,0.8362905025482178,0.7820698732205571
H00626,0.05144597290643017,0.0,1096,3,0.8374807238578796,0.7538153549910621
H00627,0.00689267511360971,0.0,902,5,0.951009464263916,0.6930921136557467
H00628,0.03201614830533112,0.0,836,5,0.925524890422821,0.7113410921621736
H00629,1.6085250344178296e-05,0.0,1127,2,0.8046115934848785,0.5297428605284986
H00630,nan,nan,747,0,nan,nan
H00631,0.1273670025596902,0.0,1327,5,0.8809231042861938,0.6869729685519159
H00632,0.03903873100497329,0.0,1408,5,0.8879338026046752,0.7439525910638072
H00633,0.0014631255423221572,0.0,723,4,0.8357507586479187,0.7470406369777438
H00634,0.07845430051823003,0.0,947,5,0.9064029932022095,0.7331561269365927
H00635,0.0001449908051151648,0.0,1026,4,0.8455352783203125,0.6333288743551376
H00636,0.011935305945490015,0.0,967,5,0.9003022193908692,0.7071357419264299
H00637,5.2707882752638364e-05,0.0,1070,5,0.8916393876075744,0.7578087433006436
H00638,0.0033110832568637475,0.0,927,5,0.8984171867370605,0.7888548873150761
H00639,0.0013141277419975626,0.0,721,5,0.8974917769432068,0.7680968840520181
H00640,nan,nan,740,0,nan,nan
H00641,0.09558809567229419,0.0,875,5,0.8948122024536133,0.7885095759623449
H00642,0.06370102452869553,0.0,773,3,0.872986912727356,0.7868692730955517
H00643,0.3473075344302435,1.0,722,5,0.8850843429565429,0.8064744508290914
H00644,0.008505824085377568,0.0,941,1,0.8386314511299133,0.7514450867052023
H00645,2.6799781567396365e-05,0.0,779,5,0.9314830541610718,0.7629175963220338
H00646,0.030913613028833203,0.0,732,5,0.9419167280197144,0.7406581975443439
H00647,0.02164676125237498,0.0,815,5,0.8863708138465881,0.7817132263062275
H00648,0.09795520310961651,0.0,897,5,0.8559748649597168,0.8203083823243713
H00649,0.006370354150717604,0.0,756,5,0.9500398516654969,0.6982490332547628
H00650,0.0003795156945482754,0.0,703,5,0.8715611696243286,0.7834137809190889
H00651,0.019321873785138808,0.0,722,5,0.8905551910400391,0.7513817303290988
H00652,0.01202339678249146,0.0,1147,5,0.8904979228973389,0.7325660971079733
H00653,0.028021263529547036,0.0,1158,5,0.9035105228424072,0.7817238613791725
H00654,0.0061046185862748846,0.0,848,5,0.908771812915802,0.72845242290295
H00655,0.013751817707029278,0.0,717,5,0.9192499399185181,0.7191427019543388
H00656,0.03269787461589627,0.0,1066,2,0.8332614898681641,0.7727591036414565
H00657,0.008687953469795338,0.0,1054,5,0.9397332787513732,0.7829173233819235
H00658,0.12873584949250108,0.0,741,5,0.8655644536018372,0.7345982391001367
H00659,0.11169392896319387,0.0,865,5,0.9028099060058594,0.7194653858727085
H00660,0.013812136651564059,0.0,718,4,0.8357041925191879,0.781902577466587
H00661,nan,nan,784,0,nan,nan
H00662,0.004435542621424493,0.0,1008,5,0.9026087760925293,0.7676503674974098
H00663,0.0007537992596105198,0.0,1014,4,0.8375329375267029,0.7798526917651476
H00664,0.1213449693974602,0.0,834,5,0.9156783223152161,0.7426458542045016
H00665,0.009493750203274975,0.0,1185,5,0.8492074251174927,0.7542254096345296
H00666,0.12199811432801388,0.0,893,3,0.826593816280365,0.7668609144833619
H00667,0.06721033129725824,0.0,842,5,0.9328092575073242,0.7017316008623544
H00668,0.10008868238788525,0.0,1346,5,0.8645285844802857,0.7794929959583048
H00669,0.06448393651988192,0.0,764,5,0.8340290546417236,0.7427167478382846
H00670,0.06823708471745538,0.0,1111,3,0.8192364374796549,0.7820671259214085
H00671,0.00011820604793295157,0.0,772,5,0.8320275902748108,0.7484288129124529
H00672,0.34628293394828363,0.2,833,5,0.9130203485488891,0.7258391018434135
H00673,2.8266057691528584e-05,0.0,1137,5,0.909791100025177,0.7070682418055654
H00674,0.017618171226566896,0.0,1108,5,0.8263083338737488,0.7585316761257688
H00675,0.1124813008958866,0.0,1422,2,0.8388785123825073,0.6603088727129648
H00676,0.00580102257757033,0.0,909,5,0.8291723370552063,0.7496834544327506
H00677,0.17641134856658908,0.0,771,3,0.8418992360432943,0.7247495215580323
H00678,0.021159150449004592,0.0,827,5,0.8515981793403625,0.7169917743830787
H00679,0.10710451660606167,0.0,796,5,0.8776023030281067,0.7270793229222635
H00680,0.000927145608629396,0.0,886,5,0.886479914188385,0.7365361297184064
H00681,0.0393088114918471,0.0,859,5,0.8829163670539856,0.7824268015505957
H00682,0.07349473629692589,0.0,963,3,0.8547141551971436,0.75077853908723
H00683,0.01303088180274983,0.0,760,5,0.923524010181427,0.7121189576983162
H00684,0.0011976370831573858,0.0,1009,5,0.9085067510604858,0.7118935074650045
H00685,0.02078998824267804,0.0,799,2,0.8494420051574707,0.7958399480444509
H00686,0.021281551579030063,0.0,913,5,0.9007850766181946,0.7568361022645405
H00687,0.0005999966101072551,0.0,769,5,0.8915507793426514,0.746752344240757
H00688,0.14001217509639102,0.0,1442,4,0.8354368209838867,0.7147839853826408
H00689,0.003137393274279739,0.0,840,5,0.9012089610099793,0.7507105726163011
H00690,0.005414029340823897,0.0,714,5,0.8580422043800354,0.7628917737493223
H00691,0.0013455083943962013,0.0,1164,3,0.830887496471405,0.7147174124787687
H00692,0.2484995318775245,0.2,1178,5,0.8748288631439209,0.680300407661089
H00693,0.0008364687660898652,0.0,1044,5,0.9094837546348572,0.7132478740254395
H00694,0.0031115926682998237,0.0,772,5,0.8284171104431153,0.8408104676354586
H00695,0.49097697993246203,0.5,983,4,0.8142521232366562,0.8372258165092645
H00696,5.719243504647179e-05,0.0,1104,5,0.9141314506530762,0.5964951051846951
H00697,0.09954808420961882,0.0,794,5,0.9270387172698975,0.7737724489319728
H00698,0.2741328109097662,0.4,713,5,0.9041345119476318,0.6715521991451541
H00699,0.08874611249043612,0.0,1141,5,0.8698198318481445,0.7262633595744896
H00700,0.0026898124135454208,0.0,1215,4,0.8290667682886124,0.7333252401587838
H00701,0.01957629256278499,0.0,777,5,0.9091525197029113,0.7858987216264933
H00702,0.42038664679904375,0.6,743,5,0.8897197365760803,0.6805952528312147
H00703,0.3894162673255399,1.0,1025,5,0.8847214818000794,0.7032078430026064
H00704,0.08526875355877578,0.0,839,5,0.8570035696029663,0.7945938010808309
H00705,0.35378086340162046,0.4,846,5,0.9143928050994873,0.73447877188856
H00706,0.02069146753943992,0.0,1115,5,0.8369826912879944,0.7920779539339652
H00707,0.0008486378020646258,0.0,834,5,0.8921633839607239,0.5955110480916932
H00708,0.01421156205420945,0.0,1041,5,0.8642266750335693,0.758321323885332
H00709,0.0018829567424096198,0.0,865,5,0.9056814193725586,0.7445936836842902
H00710,0.024759688141110046,0.0,1009,5,0.8975162744522095,0.6893765184863263
H00711,0.11471932943698689,0.0,873,5,0.8522318363189697,0.809894843757648
H00712,0.00933213984617117,0.0,702,4,0.8643877059221268,0.8566187687044616
H00713,0.022286348047022175,0.0,1095,5,0.9069364428520202,0.7498898138428004
H00714,0.0019544190364929287,0.0,791,5,0.9120433449745178,0.7451866537921201
H00715,0.006895781653635262,0.0,948,5,0.8532070875167846,0.7495485877366809
H00716,0.007214365222265086,0.0,755,5,0.9138489365577698,0.78735370581469
H00717,0.00010102578910678271,0.0,782,4,0.8815981447696686,0.7200042045538553
H00718,0.02522922927941034,0.0,1061,5,0.9046732068061829,0.7541085550346326
H00719,0.010457774620139334,0.0,818,1,0.8055621385574341,0.8256410256410256
H00720,0.3542217366538261,0.6,732,5,0.9227110624313355,0.7056903661209514
H00721,0.4637149115510517,0.6,714,5,0.9022595286369324,0.7620409629504594
H00722,0.09957263758169338,0.0,980,5,0.9087525010108948,0.7451276434744514
H00723,2.6344080476387816e-05,0.0,1046,4,0.8210973292589188,0.8073885810645444
H00724,0.3128985452516676,0.2,894,5,0.9347646832466125,0.6782686256537909
H00725,0.08304528002714853,0.0,878,5,0.8857329845428467,0.7064349989584342
H00726,0.0031937971049760326,0.0,706,5,0.9420051336288452,0.71148338611429
H00727,0.0030999497121551754,0.0,1093,5,0.8557105422019958,0.7462066886893876
H00728,0.38401972825891717,0.8,980,5,0.8771100044250488,0.8065706099955683
H00729,0.0050936952812704675,0.0,1063,5,0.8727091789245606,0.6984652385555259
H00730,0.45920995452578384,0.6,805,5,0.8501261591911315,0.835808815092302
H00731,nan,nan,727,0,nan,nan
H00732,0.013355765413478167,0.0,707,5,0.9220681309700012,0.7140373788036076
H00733,0.008577869810243548,0.0,1474,5,0.9223072171211243,0.7460409937980502
H00734,0.012118541465233638,0.0,1322,5,0.9172678589820862,0.7163287312822805
H00735,0.015246878898915687,0.0,811,5,0.9124689221382141,0.6842590737698137
H00736,0.053907718711817806,0.0,871,5,0.8742271780967712,0.7343326405303647
H00737,0.3791768382649257,0.4,763,5,0.9238150000572205,0.7169175639146528
H00738,0.010644850566740846,0.0,745,5,0.849770438671112,0.7518810298839286
H00739,0.42078123977415416,0.8,919,5,0.8768523335456848,0.7566447932165031
H00740,0.000688771827627261,0.0,1041,5,0.8511431455612183,0.7877243316102023
H00741,0.00013215520020407073,0.0,808,5,0.8859113812446594,0.6549120490189836
H00742,0.0011136620380560866,0.0,1311,5,0.8729001045227051,0.8155100495444326
H00743,0.04282003868149049,0.0,757,5,0.9211629033088684,0.7031743589478624
H00744,3.0134067857705403e-05,0.0,761,4,0.8596054911613464,0.6495094693988668
H00745,0.012728106335238123,0.0,972,5,0.8496005296707153,0.8130330205520269
H00746,0.006164048607147228,0.0,1385,5,0.905726408958435,0.7751494677931235
H00747,0.008243832175584104,0.0,1313,5,0.8475347042083741,0.7900898994593346
H00748,0.03191801439033363,0.0,1567,4,0.8227546066045761,0.7877895119321112
H00749,0.40503178691921204,0.6,972,5,0.8611534118652344,0.78442043514614
H00750,0.0062620080210082545,0.0,1280,5,0.9323930382728577,0.8160413801605975
H00751,0.13641688435039168,0.0,1029,5,0.8698013544082641,0.7940005802680646
H00752,nan,nan,4880,0,nan,nan
H00753,0.022790851641395552,0.0,3858,5,0.8702716708183289,0.7920359989334719
H00754,0.0023833162203322437,0.0,3352,4,0.8418247103691101,0.7834363617679085
H00755,0.11090377643944438,0.0,1958,5,0.8781970381736756,0.7181452038132878
H00756,0.010976087846619789,0.0,1537,5,0.8946881651878357,0.7633299268031453
H00757,0.30140104730019807,0.2,1154,5,0.9080791711807251,0.7578571417195719
H00758,0.0017013904926472796,0.0,1060,5,0.9328321576118469,0.6714688662445241
H00759,0.3885398084452093,0.2,418,5,0.8771069765090942,0.7922640072333305
H00760,0.06534261191587801,0.0,4142,4,0.9028975665569305,0.7461897312900068
H00761,0.08653459536251695,0.0,926,5,0.886792516708374,0.766764388084185
H00762,0.013731781217017153,0.0,2838,5,0.8852524757385254,0.7651565934833888
H00763,0.0016611130577288502,0.0,3398,5,0.890806233882904,0.7538274330265207
H00764,0.4468062151387985,0.3333333333333333,2792,3,0.8291678428649902,0.8175917596839554
H00765,0.014821497150334043,0.0,1408,5,0.8602049231529236,0.801363899888085
H00766,nan,nan,5145,0,nan,nan
H00767,0.001041558477071361,0.0,2093,4,0.832352414727211,0.7683090866084206
H00768,nan,nan,1421,0,nan,nan
H00769,nan,nan,5335,0,nan,nan
H00770,0.13118416686380827,0.0,1978,4,0.8885223865509033,0.7620207061600439
H00771,nan,nan,1767,0,nan,nan
H00772,0.006511012240609917,0.0,2071,5,0.9391433119773864,0.6886999256543048
H00773,0.00919475711638408,0.0,1603,5,0.9255827069282532,0.7867697775221749
H00774,0.47416995170990733,0.6666666666666666,209,3,0.8353397846221924,0.844174706919805
H00775,nan,nan,5205,0,nan,nan
H00776,0.6067639710265218,1.0,1440,1,0.8005143404006958,0.7584905660377359
H00777,0.461073662730601,0.6,248,5,0.9093082904815674,0.911088841666935
H00778,0.01630280541710785,0.0,948,5,0.9155503273010254,0.770928298554326
H00779,0.006644935371854767,0.0,1399,5,0.8927722930908203,0.7559548459853996
H00780,0.06763403042081156,0.0,1076,5,0.8531145930290223,0.7790851041031743
H00781,0.14051284514205667,0.0,2419,4,0.8660920411348343,0.7482398407249211
H00782,0.2829276595713795,0.2,1015,5,0.8329491019248962,0.8192927299494974
H00783,4.9365744203218154e-05,0.0,3352,2,0.8157497048377991,0.7215388652281857
H00784,0.0008059297304223512,0.0,648,5,0.8807841300964355,0.7856215692057449
H00785,0.40755304444058044,0.4,711,5,0.8719122409820557,0.7393858395877706
H00786,0.0035107518298347607,0.0,2960,1,0.800447404384613,0.6390374331550802
H00787,0.007908592439560313,0.0,873,5,0.9451967239379883,0.7520316012901949
H00788,0.41413094389515065,0.8,215,5,0.8186938047409058,0.8673543840039741
H00789,0.05166093277256648,0.0,2283,5,0.934757387638092,0.7927111260108687
H00790,0.36969478770686715,0.2,250,5,0.8889676213264466,0.7901856247138752
H00791,nan,nan,5944,0,nan,nan
H00792,0.0006757562486279439,0.0,2689,5,0.888764476776123,0.7238977010437483
H00793,0.0070732292498392,0.0,3084,5,0.8340416073799133,0.7270777871527944
H00794,0.005390411148182716,0.0,2041,5,0.8480781435966491,0.8082782260576515
H00795,0.08031201200151811,0.0,780,5,0.8715775728225708,0.7997451280321276
H00796,0.27777467242763726,0.2,3640,5,0.8689857125282288,0.7458101329426032
H00797,0.32580975112279814,0.4,520,5,0.9516640543937683,0.7446486469594101
H00798,0.05434738053824185,0.0,2059,5,0.9210269689559937,0.7690662964663112
H00799,0.006621717608115775,0.0,4233,5,0.8711322903633117,0.8012244766424944
H00800,0.1407507900114489,0.0,1540,5,0.927045488357544,0.7474934036422711
H00801,9.603731514307697e-05,0.0,882,5,0.8923818826675415,0.6867428696431503
H00802,0.13489877756496324,0.0,1388,5,0.8807899355888367,0.8363594589630743
H00803,0.0272520690376103,0.0,1141,5,0.9197752356529236,0.6851581812394857
H00804,0.0318789952274164,0.0,385,2,0.8423214852809906,0.8311111111111111
H00805,nan,nan,4291,0,nan,nan
H00806,0.0210849160838015,0.0,2023,5,0.9172322273254394,0.7621841123571196
H00807,0.03570847480430801,0.0,1035,5,0.8680213570594788,0.7392302051815498
H00808,0.10282231636736737,0.0,1554,5,0.9215163707733154,0.7958582075801307
H00809,0.03760727198226114,0.0,654,5,0.9365830302238465,0.8029422883646781
H00810,0.034241348099029546,0.0,1472,2,0.8567409813404083,0.742711493090664
H00811,0.40279529780517853,0.4,1048,5,0.9004142642021179,0.822757901075977
H00812,0.0017042357161302136,0.0,3254,5,0.85949627161026,0.7005692119460059
H00813,0.008280160573077355,0.0,3057,5,0.8903602719306946,0.7661311947557504
H00814,0.0034230562876126783,0.0,2187,5,0.8840935111045838,0.6653424810618277
H00815,0.0068261964492412446,0.0,2350,5,0.8745879888534546,0.6895856113914455
H00816,0.09212867041453437,0.0,763,5,0.9010594487190247,0.7299823601066582
H00817,0.09410110209214263,0.0,246,5,0.8814273595809936,0.7622536474556773
H00818,0.007813325759854762,0.0,3496,5,0.9029755353927612,0.7416966772186531
H00819,0.11947747553979367,0.0,383,5,0.9140315413475036,0.8344548275639558
H00820,0.0746103232601102,0.0,1510,5,0.8936204791069031,0.8211367426007085
H00821,nan,nan,4315,0,nan,nan
H00822,0.125804306256457,0.0,404,1,0.8784444332122803,0.75
H00823,0.0005368399780190913,0.0,503,5,0.8339732766151429,0.8092480870611543
H00824,0.0011722668589687205,0.0,3786,3,0.8190062840779623,0.7491579936586378
H00825,0.007020309487245373,0.0,2828,5,0.867319118976593,0.7575379865357068
H00826,0.009953560296358051,0.0,2824,5,0.8954432606697083,0.7209393636591235
H00827,0.000349812885166087,0.0,1367,5,0.8810835719108582,0.7922158856074907
H00828,nan,nan,4621,0,nan,nan
H00829,0.015023009613870118,0.0,2276,3,0.8302525281906128,0.7742432547031962
H00830,0.1306958135914701,0.0,845,5,0.9325131058692933,0.8004162488195922
H00831,0.3379847887073915,0.3333333333333333,274,3,0.9198869665463766,0.6630798114669082
H00832,0.00778209977170194,0.0,2103,5,0.9110509872436523,0.7371781090007655
H00833,nan,nan,5907,0,nan,nan
H00834,0.10758355672469097,0.0,1497,5,0.8999311089515686,0.7221200091083422
H00835,nan,nan,5829,0,nan,nan
H00836,0.3427175967411148,0.25,451,4,0.8394045233726501,0.8105375159772648
H00837,0.005681621978885271,0.0,1446,5,0.8906667351722717,0.7741322939906767
H00838,0.011780229572013152,0.0,2728,5,0.8594380497932435,0.7644724236945053
H00839,0.10279734060162278,0.0,881,5,0.9047959566116333,0.7414254072661359
H00840,0.045619663891997,0.0,2332,5,0.9221182942390442,0.7168992735734843
H00841,0.39958193224188476,1.0,1384,1,0.8026334047317505,0.7795918367346939
H00842,0.38050132793944386,0.25,291,4,0.8780381828546524,0.7769595074230806
H00843,0.07341062596296861,0.0,1749,4,0.8426046967506409,0.7017671481957196
H00844,0.024867162399157344,0.0,209,5,0.8762171030044555,0.7977691931473444
H00845,0.012748593534077634,0.0,3528,3,0.8329875866572062,0.7551001131628577
H00846,0.0026178535597608213,0.0,3534,5,0.8632376790046692,0.8306076526726297
H00847,nan,nan,5645,0,nan,nan
H00848,0.0020025372624106735,0.0,2432,5,0.8477476835250854,0.7476732932263894
H00849,0.0020500697881637815,0.0,3146,5,0.8870333671569824,0.7322360961808447
H00850,0.0021540057841589744,0.0,3134,5,0.9096276164054871,0.7493606980854253
H00851,0.11414394614856174,0.0,2739,4,0.8963163048028946,0.7821034583083866
H00852,0.035955695603977114,0.0,758,5,0.8955346941947937,0.7868756204404859
H00853,nan,nan,4544,0,nan,nan
H00854,0.41879325951044166,0.6,1386,5,0.9377827882766724,0.7593600638312268
H00855,0.42275857601300365,0.6,1157,5,0.9177912473678589,0.7310702092439401
H00856,0.01961804732036933,0.0,1091,5,0.8908797144889832,0.7557196903890485
H00857,0.4020925278206574,1.0,207,4,0.8474749028682709,0.835024154589372
H00858,0.3633241641896232,0.6,1015,5,0.9322572827339173,0.7483568498875764
H00859,0.006423789814602707,0.0,1346,5,0.917088532447815,0.7079521769523337
H00860,0.39638276504019276,0.4,393,5,0.8708468079566956,0.8455237102657633
H00861,nan,nan,5181,0,nan,nan
H00862,nan,nan,5378,0,nan,nan
H00863,0.10959878231139666,0.0,1195,5,0.9208887100219727,0.7297780838733485
H00864,0.7000376002627481,1.0,4729,1,0.8355790376663208,0.8969555035128806
H00865,0.14537433113491127,0.0,2390,5,0.8630718469619751,0.8113501595778331
H00866,0.0014232974503724874,0.0,1615,4,0.8327768743038177,0.6745889992492057
H00867,nan,nan,4117,0,nan,nan
H00868,0.0036532081038981802,0.0,4032,5,0.933345103263855,0.7165264282319523
H00869,0.0155251431059573,0.0,1099,2,0.8228475451469421,0.8235641048906632
H00870,0.14011865683538963,0.0,2401,5,0.8843865871429444,0.6966540337729403
H00871,0.4931513485711322,0.8,2502,5,0.866425895690918,0.7544668997628404
H00872,0.44200415394384285,0.5,809,4,0.9064207822084427,0.757871974935334
H00873,1.2358274735866418e-05,0.0,844,5,0.8855286359786987,0.7913177513953956
H00874,nan,nan,4149,0,nan,nan
H00875,0.006042363555342974,0.0,2103,5,0.9573375344276428,0.6409275046688281
H00876,0.5124963552021159,0.6,1185,5,0.948660159111023,0.6082308774005407
H00877,0.37498356388745313,0.2,1220,5,0.9636727452278138,0.5938907642672718
H00878,2.956383534967016e-06,0.0,1074,5,0.9800156116485595,0.406126509338766
H00879,0.05473092489124481,0.0,1024,5,0.9143025398254394,0.585218303072464
H00880,0.39500979815486975,1.0,1442,5,0.9470948696136474,0.5137449396623853
H00881,0.3850445858149217,1.0,1150,5,0.9705250859260559,0.5447151682400369
H00882,0.40279630278866807,1.0,1285,5,0.9742339491844177,0.45793565564828453
H00883,0.04390027760533424,0.0,1048,5,0.9674653053283692,0.5159844720496893
H00884,0.4772959479496116,0.8,1402,5,0.9689088702201843,0.5293929259565097
H00885,0.344201444334221,1.0,1219,5,0.968606460094452,0.5782608231240154
H00886,0.005587175821765262,0.0,1116,5,0.9619675397872924,0.6182491649461808
H00887,0.41287648626065115,0.4,1176,5,0.9719078660011291,0.5292942119031777
H00888,0.3404817379083483,0.4,1008,5,0.9678957104682923,0.5733792602525422
H00889,0.10550235755841644,0.0,1071,5,0.9136282086372376,0.7511898469051652
H00890,0.0023116553017271608,0.0,1084,5,0.8925993800163269,0.6902534802226826
H00891,0.3855772832125627,0.2,1309,5,0.9583757638931274,0.6150231027062392
H00892,0.38671704323260025,0.2,1385,5,0.9657522559165954,0.6074731250186455
H00893,nan,nan,1004,0,nan,nan
H00894,0.40303410357826336,1.0,1446,5,0.9774202466011047,0.4699013851684434
H00895,0.3682130743921087,0.2,1258,5,0.9424565553665161,0.5521759977519557
H00896,nan,nan,1311,0,nan,nan
H00897,0.30326767140594657,0.4,1083,5,0.953231132030487,0.5304746657954206
H00898,0.4910379081126773,0.8,1231,5,0.9435078382492066,0.5237489740514161
H00899,0.32511941082415946,1.0,1066,5,0.9661977410316467,0.5518658473050025
H00900,0.39375202638190104,1.0,1063,5,0.9521910190582276,0.5906409802391206
H00901,0.42921798343979933,0.4,1186,5,0.9620376706123352,0.5687719038250822
H00902,0.42817752682585514,0.4,1074,5,0.90680832862854,0.7720265270885166
H00903,0.3542261389600489,0.2,1010,5,0.9634340763092041,0.6346505888317064
H00904,0.43082215616919967,0.8,1513,5,0.9452771544456482,0.6079385498348951
H00905,0.40360683251889506,0.6,1630,5,0.971679937839508,0.6530019827115637
H00906,0.028102563376618712,0.0,1007,5,0.9149357914924622,0.5489928421532031
H00907,0.13713078727114514,0.0,1169,5,0.9559616088867188,0.5131922843817488
H00908,0.5340974404878401,0.6,1083,5,0.9564953804016113,0.4862954138931692
H00909,0.46207115410581395,0.4,1342,5,0.9393621921539307,0.34752030370351933
H00910,0.396232722123274,1.0,1862,5,0.9532465219497681,0.6717991018358481
H00911,0.5026462102167906,0.4,1171,5,0.9440825819969177,0.7081749298774787
H00912,0.1250162892562442,0.0,1387,5,0.9620290398597717,0.6096034557058899
H00913,0.03180558283754096,0.0,1514,5,0.9640241384506225,0.5118778085786577
H00914,0.2594207769884971,1.0,1064,5,0.9336408853530884,0.4851804824959188
H00915,0.0002718002954678844,0.0,1465,5,0.9460801005363464,0.37047675851403283
H00916,0.3490491849668695,0.6,1625,5,0.8783541560173035,0.5487308997345257
H00917,0.10573654978595516,0.0,1093,5,0.9730029940605164,0.4297559673031371
H00918,0.008058235748351851,0.0,1048,5,0.9797379970550537,0.5351426662942981
H00919,0.05913925412394474,0.0,1070,5,0.971688163280487,0.596187010082286
H00920,0.4842458033730134,0.8,1408,5,0.9650966167449951,0.49499819740182094
H00921,0.43821621257215326,0.4,1120,5,0.9678763270378112,0.520755806911119
H00922,0.29975312837061735,1.0,1599,5,0.9678249359130859,0.5038556460754329
H00923,0.24448677276885203,0.2,1145,5,0.952445673942566,0.6288089975964305
H00924,5.500567111032776e-05,0.0,1079,5,0.9727277517318725,0.5005808070140498
H00925,0.36737165917572456,1.0,1055,5,0.9667113184928894,0.457290162388008
H00926,0.046102869100199916,0.0,1363,5,0.9569449901580811,0.6418498578938735
H00927,0.010054747010815867,0.0,1086,5,0.9225498557090759,0.5982710578148535
H00928,0.05137964603150422,0.0,1168,5,0.9054973125457764,0.7604743832214911
H00929,0.3997926290320657,0.2,1164,5,0.9608425021171569,0.6667963364588456
H00930,0.36884072401727575,0.8,1100,5,0.9886034369468689,0.6139644433844941
H00931,0.10472939178591557,0.0,1149,5,0.9594608902931213,0.6557845842653497
H00932,0.38020093123751886,0.2,1193,5,0.9475634932518006,0.6910301541835777
H00933,0.40713567187991634,1.0,1022,5,0.9471625804901123,0.48996084402140305
H00934,0.11054516953527399,0.0,1034,5,0.9511474132537842,0.6045979422657949
H00935,0.37169174949000977,1.0,1578,5,0.9625806689262391,0.6652032554620196
H00936,0.4466563017117129,0.4,1590,5,0.9785292625427247,0.5144236983699095
H00937,0.07776441826766323,0.0,1274,2,0.9228377342224121,0.6144669235709698
H00938,0.3771685235017753,0.4,1515,5,0.962403392791748,0.6311808430243839
H00939,0.006278872850666318,0.0,1143,5,0.9542715668678283,0.6570264117537795
H00940,0.3964651151850648,1.0,1115,5,0.9205642461776733,0.6475167785234899
H00941,0.018550398500408207,0.0,1232,5,0.9724697828292846,0.4951612329688581
H00942,0.1303471596017889,0.0,1347,5,0.9626898884773254,0.5538069239306754
H00943,0.40003560186494236,1.0,1051,5,0.9535334706306458,0.4554097702641478
H00944,0.0032746186479770743,0.0,1271,5,0.9452819705009461,0.45718530420675113
H00945,0.38743417489204623,1.0,1018,5,0.9329123377799988,0.6278062504989089
H00946,0.4531541620954117,0.8,1612,5,0.9456416845321656,0.6020938708302086
H00947,0.46302804557172006,0.6,1120,5,0.9749637484550476,0.5140083167547526
H00948,0.40424773075629294,0.8,1078,5,0.9443778157234192,0.5446634876446421
H00949,0.00666134987054956,0.0,1385,5,0.9436637163162231,0.5750699300699301
H00950,0.4020463098585261,1.0,1016,5,0.9540127277374267,0.716532796598513
H00951,0.09251701009797907,0.0,1221,5,0.9743185400962829,0.6222486443078351
H00952,0.5199470587416911,0.6,1144,5,0.9371904253959655,0.45525716660097276
H00953,0.017922176188927164,0.0,1519,5,0.9485215067863464,0.5411886434021778
H00954,0.3100380596146248,0.2,1056,5,0.9692214965820313,0.5424475785769951
H00955,0.37606084751917596,1.0,1011,5,0.9757082462310791,0.6285190253011422
H00956,0.2576504090873986,0.2,1328,5,0.9648682951927186,0.49944961785806186
H00957,0.5200789574238023,0.6,1002,5,0.9738674640655518,0.5272222551627274
H00958,0.3958084805550957,0.6,1013,5,0.8879311203956604,0.7031143933797532
H00959,0.3424838400404087,1.0,1224,5,0.9246962785720825,0.5753664037514149
H00960,0.006376135481012913,0.0,1322,5,0.9646772503852844,0.6384166618927966
H00961,0.033402312645186776,0.0,1379,5,0.9785506367683411,0.585057565056049
H00962,0.4006138140589373,1.0,1091,5,0.9703572630882263,0.5342032125043175
H00963,0.26323136555271154,0.2,1171,5,0.9744656085968018,0.5717605500746389
H00964,0.5280377836001353,0.6,1007,5,0.9621396899223328,0.6209032981933784
H00965,0.31352791385316325,0.2,1933,5,0.9645487308502197,0.7120871390854958
H00966,0.38192433228177525,0.2,1054,5,0.9647201657295227,0.6575675852365376
H00967,0.37911032027210084,1.0,1506,5,0.938881516456604,0.6478252540121417
H00968,0.31551992455157857,1.0,1234,5,0.9633627653121948,0.6242721086658288
H00969,0.3416403681025909,1.0,1026,5,0.9526317238807678,0.515750070696379
H00970,0.4031011451779758,1.0,1030,5,0.9545133352279663,0.5966213564866312
H00971,0.4876940254707124,0.8,1076,5,0.978431510925293,0.49702146133801745
H00972,0.40177095457656115,1.0,1125,5,0.9621873617172241,0.6314730456474681
H00973,0.3013145885183411,0.2,1029,5,0.9633476734161377,0.6638245078172483
H00974,0.3629731956075395,0.2,1003,5,0.9687583088874817,0.6518582851060863
H00975,0.07247007641057922,0.0,1015,5,0.9236363887786865,0.6033410846774212
H00976,0.07684737559407105,0.0,1413,5,0.9410940885543824,0.6092879908689038
H00977,0.09825797244422764,0.0,1113,5,0.9661670207977295,0.6822756248144992
H00978,0.08322552144627889,0.0,1004,5,0.9717719674110412,0.5452168561308433
H00979,0.4745855249005904,0.4,1701,5,0.9543472051620483,0.5945394436674556
H00980,0.3796494097745206,1.0,1135,5,0.9648233532905579,0.6125367198919978
H00981,0.11622339221958503,0.0,1299,5,0.950765335559845,0.5507778688149931
H00982,0.12691374573273226,0.0,1222,5,0.9806785106658935,0.583329109355905
H00983,0.40617994978446853,0.4,1284,5,0.909771740436554,0.5971908711648921
H00984,0.32712275815578556,0.2,1122,5,0.962032926082611,0.5530548520222132
H00985,0.4210917564566666,0.8,1236,5,0.9627859950065613,0.5448169946204479
H00986,0.06915758147177094,0.0,1046,5,0.9698274493217468,0.5345388209983544
H00987,0.12565686183996386,0.0,1069,5,0.9596441626548767,0.7002352266207689
H00988,0.48249036794090466,0.8,1094,5,0.9191630959510804,0.539524530451861
H00989,0.2582257133987989,1.0,1493,5,0.9507426977157593,0.6202634593931946
H00990,0.44289995048652214,0.5,1637,4,0.9279795587062836,0.543472362445022
H00991,0.43313112156474415,0.6,1045,5,0.9600950479507446,0.552824809712129
H00992,0.10643033873006959,0.0,1535,5,0.961792242527008,0.5537553388424763
H00993,0.42701377415634234,0.4,1540,5,0.9686976790428161,0.5726235479571946
H00994,0.08461609731635451,0.0,1071,5,0.9235355377197265,0.7259216481486146
H00995,0.40771533273800126,0.6,1534,5,0.9664920091629028,0.4755259708922249
H00996,0.40247320454102764,0.6,1146,5,0.9495687365531922,0.6485421845648125
H00997,0.4715847461142465,0.6,1488,5,0.9302069902420044,0.587292920958053
H00998,0.32992892383848876,1.0,1059,5,0.973845648765564,0.5963176946654942
H00999,0.3412797813480722,0.2,1088,5,0.9687338590621948,0.6283742416709804
